inputID,measures,speakerDependentPrecision_N,speakerDependentPrecision_I,speakerDependentRecall_N,speakerDependentRecall_I,speakerDependentF1_N,speakerDependentF1_I,speakerDependentAccuracy,oldSplitPrecision_N,oldSplitPrecision_I,oldSplitRecall_N,oldSplitRecall_I,oldSplitF1_N,oldSplitF1_I,oldSplitAccuracy,newSplitPrecision_N,newSplitPrecision_I,newSplitRecall_N,newSplitRecall_I,newSplitF1_N,newSplitF1_I,newSplitAccuracy
percentChunks,"f0, hnr",0.70300169,0.67094471,0.64177239,0.72883581,0.6706681,0.69845823,0.6853055262445187,0.71052183,0.52676867,0.64525163,0.60863589,0.62751681,0.49173534,0.5794089713336897,0.62378942,0.58840795,0.70760808,0.49652345,0.65338001,0.526408,0.6012257092248319
percentChunks,"f0, mfcc",0.70622572,0.70572511,0.70510969,0.70475895,0.70475986,0.7043,0.7049218369609134,0.70219359,0.55662782,0.73561368,0.53891841,0.70260454,0.51296867,0.6521213952844769,0.65094287,0.59456229,0.68874159,0.554489,0.66892959,0.573317,0.6369577785542472
percentChunks,"f0, plp",0.7314865,0.7263513,0.72367408,0.73400051,0.72751626,0.73011402,0.7288372258225877,0.70135618,0.53453556,0.73398221,0.51004316,0.69981945,0.49110386,0.6468142161127817,0.6994731,0.6386,0.70931992,0.59912427,0.6995216,0.61387258,0.6821571984370167
percentChunks,"f0, hnr, mfcc",0.70527503,0.71217803,0.71507296,0.70130005,0.70972626,0.70628109,0.7081920607130648,0.69251897,0.54266717,0.7645547,0.47978433,0.71373381,0.48527041,0.6558629721518129,0.66219893,0.58769026,0.66302589,0.58637141,0.66179404,0.58585683,0.63788250645904
percentChunks,"f0, hnr, plp",0.73614248,0.72309595,0.71474588,0.74329483,0.72491732,0.73273841,0.7290124507364922,0.71117672,0.59922375,0.78046313,0.53972242,0.72682112,0.53645791,0.6749427431695957,0.68268913,0.63632553,0.72255339,0.58858067,0.70137384,0.60994016,0.6740603202071425
percentChunks,hnr,0.66007119,0.61704517,0.55505912,0.71370489,0.6017204,0.66106762,0.6343717580061062,0.68372296,0.48595464,0.62202138,0.56763011,0.62594874,0.48063373,0.5782847595661843,0.61555849,0.54086828,0.64144731,0.51131772,0.60558029,0.488531,0.5567006829260487
percentChunks,"hnr, mfcc",0.71145023,0.71210813,0.71196125,0.71025,0.71116301,0.71066202,0.7111161264638458,0.70937077,0.55537412,0.73791019,0.56419955,0.70948082,0.52930182,0.66433600760678,0.64876624,0.59064517,0.68847785,0.54796441,0.66766047,0.56779007,0.6359073039885682
percentChunks,"hnr, plp",0.73007097,0.720623,0.71368952,0.73641902,0.72163159,0.72829053,0.7250534628379629,0.72231652,0.60231207,0.77638569,0.53148539,0.73124253,0.54360556,0.6932441825048884,0.70681891,0.63183052,0.68281037,0.64514185,0.6926522,0.63739854,0.681914835244106
percentChunks,"hnr, mfcc, plp",0.71964298,0.71246124,0.70785055,0.72401772,0.71364535,0.71814376,0.7159314077338712,0.68345968,0.52459753,0.73150729,0.47825849,0.69030838,0.47224466,0.6363499815343173,0.65537937,0.60051535,0.68772798,0.56442641,0.6688974,0.57789841,0.6372089707695985
percentChunks,mfcc,0.70152334,0.69281895,0.6851382,0.70752288,0.69255488,0.69940933,0.6963193888439151,0.70723856,0.53291661,0.70723525,0.56676047,0.69145813,0.51866774,0.6495592637866039,0.65704428,0.60313979,0.69253503,0.55137114,0.67026168,0.56827257,0.6427716961970162
percentChunks,"mfcc, plp",0.69752523,0.70146342,0.70336308,0.69478,0.70008261,0.69776381,0.6990707455790488,0.69219394,0.52395639,0.72981511,0.49076846,0.69181584,0.47182875,0.6369514858092047,0.65147569,0.58788992,0.66936124,0.57004179,0.65975762,0.57788613,0.633737756131523
percentChunks,plp,0.75170234,0.713555,0.68928024,0.77150665,0.71850688,0.74096398,0.7303856872028096,0.69824669,0.55526132,0.74917903,0.51002224,0.71136151,0.51716731,0.6699793081900686,0.70548608,0.64193193,0.69278451,0.61279618,0.68827979,0.61960378,0.6810325951593363
percentChunks,f0,0.63765688,0.63659,0.63455235,0.63797576,0.63518741,0.636324,0.6362751090345906,0.68036936,0.46617707,0.50732103,0.61699033,0.50417086,0.43936719,0.49547638348756706,0.60434803,0.52685787,0.50023262,0.60103528,0.50544202,0.51103326,0.5149764598559123
rawSequential,"f0, hnr",0.54107931,0.52932671,0.44135777,0.61040687,0.43983383,0.53082904,0.5259785734264906,0.69575199,0.42823599,0.34457221,0.75094732,0.39741949,0.47425352,0.46248714825657866,0.55931387,0.40492949,0.64683672,0.36242438,0.51975931,0.25926211,0.4776346398603755
rawSequential,"f0, mfcc",0.55506577,0.60555422,0.64014172,0.43487233,0.55644185,0.38293934,0.5375012394498767,0.64308474,0.43238002,0.62664192,0.44073258,0.60182992,0.39602495,0.5678336846575646,0.59535503,0.48171333,0.49444846,0.575293,0.48702414,0.45525008,0.4887048768117336
rawSequential,"f0, plp",0.57018177,0.54786251,0.55952411,0.55122345,0.54936503,0.52670045,0.5554018555489616,0.65782923,0.44353815,0.54974565,0.57630999,0.5682071,0.44482826,0.542079364200672,0.61663509,0.51669141,0.54381771,0.57159965,0.53437506,0.481402,0.5215744957690386
rawSequential,"f0, hnr, mfcc",0.59681979,0.56149545,0.51930254,0.62454235,0.54118108,0.57443301,0.5719184316186252,0.64508557,0.39737173,0.60634929,0.50190993,0.56914041,0.37052426,0.5055965023664379,0.57430279,0.46502462,0.42354059,0.60792065,0.43520655,0.47917554,0.468846898242855
rawSequential,"f0, hnr, plp",0.60615496,0.56253376,0.44838204,0.70888088,0.51524743,0.62719531,0.5786290722403186,0.62003316,0.41831579,0.55427201,0.48467385,0.54156196,0.36357929,0.4909295402532771,0.61167636,0.51520871,0.55741514,0.55342191,0.53957675,0.46517377,0.5163283114361467
rawSequential,hnr,0.54945778,0.52916404,0.40671848,0.66619645,0.46636721,0.58931703,0.5364737170028844,0.68037424,0.40098888,0.39952044,0.68963201,0.44859191,0.45626027,0.47935601215945556,0.5871169,0.32614105,0.49311236,0.565417,0.46678929,0.41328313,0.4754812265377447
rawSequential,"hnr, mfcc",0.55942825,0.56063394,0.59951086,0.48890998,0.5498749,0.45367709,0.5442078842331616,0.64850451,0.42280616,0.49069305,0.57968854,0.5380952,0.46188915,0.5333255511997221,0.59669089,0.50322067,0.58990849,0.50934263,0.56310564,0.46036276,0.5218703044792955
rawSequential,"hnr, plp",0.61651938,0.55938404,0.41163535,0.73298437,0.47315042,0.628384,0.5722685854584041,0.65254071,0.43559021,0.54042345,0.55854502,0.57479994,0.46154704,0.5666009704811972,0.58805368,0.55886795,0.69243275,0.40550361,0.59509317,0.38384951,0.5253145175743723
rawSequential,"hnr, mfcc, plp",0.62078756,0.60942764,0.6056982,0.61400536,0.60340178,0.60013252,0.6097874361960802,0.65129848,0.44873164,0.57749286,0.54106645,0.57994736,0.44356764,0.5389000632881927,0.57108154,0.45748512,0.60584426,0.42788702,0.55986807,0.40716919,0.5020409486609689
rawSequential,mfcc,0.61887079,0.54926964,0.36866524,0.75499938,0.42386462,0.63046165,0.5617718139478439,0.62845562,0.364756,0.645395,0.41081825,0.60097319,0.35182077,0.5540019718640355,0.571757,0.4612031,0.58744555,0.45251149,0.55828153,0.43030688,0.5088043612004227
rawSequential,"mfcc, plp",0.60212901,0.57992427,0.53309083,0.638991,0.55496463,0.59905393,0.5860349887450551,0.63756938,0.41353863,0.56209594,0.51862179,0.57770305,0.44405458,0.5864618012904125,0.56613124,0.46590784,0.52029127,0.50931651,0.49990152,0.43996654,0.4850503514483291
rawSequential,plp,0.60676279,0.56686669,0.46799688,0.696138,0.52800104,0.624686,0.5820699330919059,NA,NA,NA,NA,NA,NA,NA,0.60716511,0.50044409,0.59898388,0.50185593,0.56307398,0.44777047,0.5210869534803351
rawSequential,f0,0.54661669,0.52967438,0.47541979,0.585962,0.48073137,0.51805856,0.5307977025409093,0.66172505,0.36186508,0.32678801,0.73486358,0.37044705,0.45974385,0.4582499491293024,0.61029982,0.48574467,0.33169533,0.70271703,0.28670893,0.45326507,0.4375192356445745
percentChunks_text,"f0, hnr",0.7040773,0.68790816,0.67311248,0.71338846,0.68605329,0.69823902,0.6932214301253656,0.75415183,0.54659233,0.65361292,0.69178462,0.6858781,0.58808463,0.6695912720703251,0.68629294,0.62549,0.68464684,0.63543052,0.68259111,0.62686357,0.6619997578640521
percentChunks_text,"f0, mfcc",0.74300801,0.72183826,0.70230022,0.75087803,0.7173746,0.73211864,0.7265989643378822,0.74078075,0.57540966,0.72018328,0.60870866,0.72192216,0.56902903,0.6958563046194147,0.69920307,0.66921199,0.73419911,0.62477784,0.71348756,0.64039285,0.6902052777659541
percentChunks_text,"f0, plp",0.72401709,0.73470668,0.74087632,0.71575019,0.73166827,0.72426832,0.7283189507816303,0.72668188,0.56983399,0.72489091,0.58197457,0.71427449,0.55868798,0.6863629938965329,0.73217418,0.65316275,0.67979014,0.68464427,0.69971246,0.66457241,0.6998723676443297
percentChunks_text,"f0, hnr, mfcc",0.75766266,0.70555976,0.67105299,0.77979133,0.70856566,0.73865494,0.7253974009291065,0.72145603,0.57447441,0.74543114,0.57600371,0.71360556,0.53587785,0.6635395308884241,0.68794815,0.68246687,0.76018428,0.57807573,0.72087327,0.61800518,0.6936377557684137
percentChunks_text,"f0, hnr, plp",0.72423604,0.72175623,0.71192458,0.71989756,0.71268459,0.71446529,0.7159348115962191,0.72688292,0.59612111,0.74557177,0.61229867,0.72402133,0.58020713,0.688479789459233,0.71374872,0.66184195,0.72228789,0.65936142,0.71482716,0.65783381,0.694517236213853
percentChunks_text,hnr,0.67306023,0.67618418,0.67689846,0.66790816,0.6728015,0.66985432,0.6724026680361046,0.73908117,0.55861563,0.71232277,0.637218,0.71136966,0.56723497,0.6709836747169305,0.664787,0.60902487,0.67632713,0.59485932,0.66029819,0.591984,0.6353556558595154
percentChunks_text,"hnr, mfcc",0.71280706,0.74892398,0.76806726,0.68858527,0.7386096,0.71648384,0.7283198387457211,0.74644589,0.60974583,0.7551051,0.63781539,0.74005148,0.59545808,0.7062207109871744,0.71367552,0.64444577,0.69376089,0.67327049,0.70141788,0.65632026,0.6863725545897866
percentChunks_text,"hnr, plp",0.74182415,0.689749,0.65141272,0.77322841,0.69335743,0.728887,0.7123212417289844,0.73837323,0.57248584,0.71593129,0.63107473,0.71716369,0.57595868,0.688525798392237,0.71684314,0.65531056,0.70882645,0.66771675,0.70980557,0.65839246,0.6930910874228396
percentChunks_text,"hnr, mfcc, plp",0.75249493,0.715331,0.68889816,0.769083,0.71621493,0.73877505,0.7290130427125527,0.72959838,0.60462471,0.7696998,0.56808676,0.72633436,0.55476011,0.6862093091905429,0.68916784,0.68103345,0.76638308,0.58781124,0.72358785,0.62704084,0.6922171960148635
percentChunks_text,mfcc,0.72674322,0.72326538,0.71918188,0.72813847,0.7218385,0.7246465,0.7236738626289952,0.74180069,0.60972551,0.7415451,0.64365223,0.72695491,0.59907498,0.6984380002680018,0.70054939,0.676082,0.73396196,0.62056917,0.71191626,0.63675827,0.6914626357437883
percentChunks_text,"mfcc, plp",0.73753466,0.72202766,0.71095694,0.73579088,0.71949351,0.72268378,0.7233371762445927,0.74467413,0.59766834,0.72367124,0.65294244,0.72503481,0.60616868,0.7020015020650052,0.71109442,0.63975276,0.68714531,0.66929816,0.69813103,0.65301847,0.6849627954278557
percentChunks_text,plp,0.71394381,0.74678703,0.76117312,0.68994505,0.73408784,0.71406,0.7255664100943758,0.74446254,0.61245915,0.76399377,0.613676,0.73565566,0.58455925,0.7016055337509967,0.68971592,0.670035,0.7490086,0.59721803,0.7106042,0.62244985,0.6796921387553849
percentChunks_text,f0,0.68014717,0.69881964,0.71232204,0.66380515,0.69501237,0.67995614,0.6880564389976069,0.74815146,0.54582964,0.65336046,0.69011454,0.68343087,0.58379674,0.6594120783497167,0.69710606,0.63763515,0.66831747,0.64623373,0.65815764,0.62075326,0.6504570310885653
ComParE_percentChunks,"f0, hnr",0.37196699,0.50525346,0.42306368,0.59656417,0.30748729,0.40436655,0.5099743526371794,0.32712273,0.27883902,0.46199744,0.57851576,0.31678953,0.29935825,0.37297508945260566,0.4435014,0.55806033,0.56640307,0.58322951,0.49497156,0.52050402,0.5465866886179263
ComParE_percentChunks,"f0, mfcc",0.43775515,0.59537689,0.32977625,0.80860703,0.29706215,0.64084077,0.569188090033639,0.62351915,0.45569127,0.7190441,0.41959211,0.60362356,0.37560339,0.5963109722697152,0.68154202,0.63870253,0.72308693,0.60106842,0.69864607,0.61675674,0.6673569025235289
ComParE_percentChunks,"f0, plp",0.56963215,0.48524415,0.49569707,0.65552283,0.41500406,0.53491394,0.5755262297192701,0.55403934,0.43717245,0.66703312,0.49517064,0.54321547,0.37489409,0.5410151097625627,0.46625687,0.57782611,0.55223933,0.64445126,0.50248756,0.566696,0.567413966552049
ComParE_percentChunks,"f0, hnr, mfcc",0.68123727,0.66292576,0.65891253,0.54408799,0.55348886,0.545222,0.6015095389542446,0.54595029,0.48899789,0.72222964,0.450857,0.60970261,0.414475,0.6003386777646427,0.44388574,0.58077108,0.60344388,0.55429051,0.51062308,0.50692044,0.5559837381189586
ComParE_percentChunks,"f0, hnr, plp",0.52401685,0.51855048,0.61456844,0.62763691,0.55246312,0.55627574,0.621099950717993,0.41246262,0.48336408,0.51219747,0.60195501,0.4435313,0.44031337,0.5073704588213438,0.6133579,0.64856101,0.83211239,0.30951608,0.69676718,0.34618281,0.6279040558585592
ComParE_percentChunks,hnr,0.60130227,0.41860203,0.83511247,0.38225716,0.68388697,0.39905616,0.6087550299465889,0.20639079,0.27388688,0.34259259,0.66562592,0.20296783,0.288831,0.3228937191876758,0.10026042,0.30591318,0.25,0.75,0.14312268,0.43400588,0.4061735939751493
ComParE_percentChunks,"hnr, mfcc",0.61044785,0.72894184,0.79148523,0.45393829,0.67924019,0.49739251,0.6226797868294207,0.4927929,0.50472317,0.59207039,0.55418451,0.52091837,0.44418864,0.5518806455116787,0.45934542,0.60566659,0.60931306,0.54362093,0.5179508,0.48402885,0.5757215078054193
ComParE_percentChunks,"hnr, plp",0.34273333,0.46372341,0.51807229,0.57686534,0.40506422,0.46694007,0.5473259701377675,0.36355487,0.50313997,0.49215398,0.65351627,0.40902073,0.46687358,0.5050439854377763,0.63294355,0.61807482,0.75964006,0.46779282,0.69035613,0.53131075,0.639816033936784
ComParE_percentChunks,"hnr, mfcc, plp",0.36511839,0.61691681,0.4902396,0.67056799,0.41641029,0.58867,0.5805294633885005,0.68025775,0.55116602,0.84262236,0.38575445,0.74423219,0.43308853,0.6888488863357214,0.44228981,0.57362727,0.63203093,0.48465381,0.51364443,0.45696951,0.5539163373733739
ComParE_percentChunks,mfcc,0.6632601,0.66791291,0.67205198,0.60456317,0.63643676,0.59496156,0.6383144665629722,0.67166667,0.51950673,0.78159046,0.41316821,0.70808617,0.436135,0.6557893144940291,0.68008222,0.63585983,0.7235755,0.59424738,0.69893663,0.61261326,0.6672773170570341
ComParE_percentChunks,"mfcc, plp",0.61981867,0.56901738,0.81524034,0.45576592,0.69344027,0.49869351,0.6354197036271854,0.53062113,0.53382653,0.67871314,0.47779758,0.58562748,0.419236,0.5678514939321225,0.56457531,0.52522479,0.35053222,0.78138872,0.33749702,0.59541043,0.5365421696364534
ComParE_percentChunks,plp,0.47396487,0.38365501,0.69053356,0.46643718,0.54855192,0.40796233,0.5783134010060633,0.43252707,0.41379963,0.4466463,0.69253803,0.39260827,0.447632,0.460546689402974,0.50048671,0.573055,0.48708217,0.71803626,0.48613438,0.60336535,0.5898399035748715
ComParE_percentChunks,f0,0.48125322,0.38993713,0.69569707,0.47332186,0.55430306,0.41391506,0.5845094664371773,0.33134405,0.34283249,0.45963451,0.62594807,0.36173107,0.37202035,0.4220197584373526,0.10588772,0.49607711,0.23176823,0.78879599,0.14536341,0.49845033,0.4220990747443801
PCs_percentChunks,"f0, hnr",0.6707729,0.66467704,0.65725819,0.67721549,0.66349577,0.67045785,0.6672404887946332,0.68295985,0.48583787,0.64500844,0.54331447,0.64145871,0.47562023,0.5891419845487119,0.62390931,0.57153349,0.67261167,0.51584996,0.63208053,0.51968965,0.584193832481134
PCs_percentChunks,"f0, mfcc",0.70376053,0.71336349,0.72023647,0.69513163,0.71126626,0.70341713,0.7076771895344554,0.69388351,0.55129804,0.74965293,0.49914997,0.70832024,0.49818787,0.6550281522513696,0.65291965,0.59197771,0.66817045,0.57813471,0.65849459,0.58218067,0.6318357896630572
PCs_percentChunks,"f0, plp",0.71521013,0.683508,0.65863158,0.73710098,0.68552069,0.70912398,0.697866666272016,0.69238344,0.52393589,0.73363343,0.48968166,0.69484184,0.47803357,0.6400351303221008,0.65101065,0.59441287,0.71042499,0.52223084,0.67740852,0.55080987,0.6403535548277596
PCs_percentChunks,"f0, hnr, mfcc",0.70494687,0.72274233,0.72814675,0.69337556,0.71437521,0.70524626,0.7107692284923999,0.69792249,0.53744623,0.74022247,0.51564507,0.70282367,0.49539889,0.6461900325791109,0.64168386,0.58875325,0.68325404,0.54362688,0.66012941,0.56249172,0.6259281419571839
PCs_percentChunks,"f0, hnr, plp",0.73759708,0.69396537,0.66277481,0.76360701,0.69780337,0.72683607,0.7131799030047224,0.67999771,0.52337,0.74961627,0.46617525,0.69818162,0.46659547,0.6377213545065428,0.66745382,0.59867604,0.67920593,0.58361789,0.67301337,0.59065865,0.6481657672821797
PCs_percentChunks,hnr,0.67336089,0.64763644,0.61802083,0.69822501,0.64292043,0.67078855,0.6581228735109952,0.70118203,0.51551428,0.63923809,0.59705244,0.61843443,0.46607383,0.5608202393025717,0.62740705,0.57542046,0.66330107,0.52512489,0.62214729,0.51866955,0.5797970704928863
PCs_percentChunks,"hnr, mfcc",0.70989621,0.72040391,0.72435486,0.70404859,0.71630325,0.71143013,0.7142146771584557,0.70543137,0.58603727,0.77800337,0.51611961,0.7246563,0.51696608,0.6723929029382382,0.6428714,0.58713072,0.69392697,0.53407068,0.66593615,0.55711527,0.6284371140030428
PCs_percentChunks,"hnr, plp",0.71200909,0.69014275,0.66998362,0.72884055,0.68923115,0.708143,0.6994143876821621,0.67848896,0.50586726,0.70678263,0.49464673,0.67828973,0.47855787,0.6255497153255166,0.65955896,0.61923725,0.71378548,0.55008718,0.6851049,0.58116765,0.6557927255738683
PCs_percentChunks,"hnr, mfcc, plp",0.73086408,0.70913922,0.69372276,0.74433167,0.71140266,0.72598422,0.7190269985481788,0.68979673,0.53583586,0.76245574,0.46543879,0.7089558,0.47105557,0.6498521408720304,0.65360809,0.60982722,0.70841542,0.55474211,0.677612,0.5784142,0.6405742362397954
PCs_percentChunks,mfcc,0.72286828,0.69958041,0.68097486,0.73641429,0.69962314,0.71607122,0.7087058959335684,0.700241,0.56928195,0.73849388,0.54133414,0.70768445,0.52783623,0.6674206150686105,0.67956733,0.58399768,0.60649775,0.65394444,0.63822664,0.61334879,0.6371100676670942
PCs_percentChunks,"mfcc, plp",0.73122336,0.70691962,0.68788615,0.74569264,0.70741759,0.72457097,0.7167931768839269,0.70964178,0.571225,0.75976255,0.53628753,0.71617136,0.51636557,0.6644718761578047,0.67192713,0.58505856,0.6397269,0.62162034,0.65307522,0.59942482,0.6362422034937575
PCs_percentChunks,plp,0.7129704,0.70108801,0.69339331,0.71990229,0.70285149,0.71019539,0.7066444872969337,0.69150119,0.543201,0.74897476,0.49358239,0.70830396,0.50204659,0.657126228979216,0.62897889,0.58528252,0.70970656,0.49049917,0.66587546,0.530857,0.6245536668571625
PCs_percentChunks,f0,0.6713314,0.65860017,0.64556488,0.68376363,0.65813469,0.67089072,0.6646602131409806,0.68789987,0.50025267,0.65191649,0.55511811,0.63082528,0.46076355,0.5728247404188133,0.5969118,0.55717053,0.68288631,0.45541456,0.62174768,0.47914486,0.5644465309468059
PCs_feats_percentChunks,"f0, hnr",0.67764711,0.65400899,0.63005483,0.69784233,0.65178772,0.67430046,0.6639616813896047,0.6871805,0.50334102,0.66829202,0.55146417,0.65738448,0.49418417,0.6071214871647085,0.62295249,0.57682876,0.68435906,0.50894743,0.64006368,0.52402083,0.5910217640386076
PCs_feats_percentChunks,"f0, mfcc",0.70541004,0.71515212,0.72092198,0.69716391,0.712187,0.70498555,0.7090492420486514,0.71048015,0.53138283,0.69451098,0.58184018,0.67979339,0.50676953,0.6320465405647545,0.64073224,0.58664237,0.69043303,0.53746376,0.66294669,0.55954253,0.6243732728768678
PCs_feats_percentChunks,"f0, plp",0.71861792,0.69896336,0.67996108,0.73157372,0.69645112,0.71293901,0.7057815341947571,0.70495792,0.56665587,0.76339715,0.52673896,0.72059194,0.52668648,0.6721568456387779,0.65948394,0.61283446,0.71741501,0.538739,0.68628147,0.57115609,0.6536618477387022
PCs_feats_percentChunks,"f0, hnr, mfcc",0.69986425,0.72053355,0.73125669,0.68582312,0.71428899,0.70169238,0.7085333349119362,0.68853202,0.54443851,0.74921173,0.49286974,0.6998667,0.48360531,0.6399809665023269,0.6573817,0.60916711,0.69068668,0.56830198,0.67174359,0.58453954,0.6441821097457718
PCs_feats_percentChunks,"f0, hnr, plp",0.70388064,0.71141853,0.71644812,0.69855741,0.71004234,0.70485957,0.7075025565966113,0.69934538,0.54170819,0.73079778,0.52595807,0.69748929,0.50361994,0.647578788108731,0.66996698,0.61725282,0.70623646,0.57063272,0.68670242,0.59145785,0.6585117192302046
PCs_feats_percentChunks,hnr,0.70004255,0.68627809,0.67480112,0.70954806,0.68645289,0.69712874,0.6921893198639046,0.70323962,0.52667668,0.68704106,0.58062396,0.65797804,0.48735541,0.5975893238983699,0.63409038,0.59516025,0.69710818,0.52222291,0.64979035,0.53666887,0.602320310111029
PCs_feats_percentChunks,"hnr, mfcc",0.70920016,0.71878046,0.72299566,0.70302122,0.7152987,0.71003363,0.7130113378214985,0.70528103,0.54182562,0.72018568,0.53752996,0.70031328,0.51716295,0.6558739213345383,0.65401926,0.591805,0.67293005,0.57410935,0.65322724,0.57122813,0.6204818889954831
PCs_feats_percentChunks,"hnr, plp",0.72188294,0.69713375,0.67789686,0.739165,0.69895557,0.71734739,0.7085352588341328,0.69392752,0.50891674,0.72114359,0.49512333,0.69595654,0.48419322,0.6492229607872814,0.65899279,0.60356646,0.70391517,0.55151975,0.68011753,0.57474642,0.6475887250600688
PCs_feats_percentChunks,"hnr, mfcc, plp",0.71719916,0.72201697,0.72470737,0.71268698,0.72019456,0.71654278,0.7186863163253678,0.70046586,0.582228,0.76545668,0.50987522,0.71089015,0.50423398,0.6515360676146658,0.65456087,0.60150486,0.6991118,0.55895927,0.67163535,0.57529776,0.6342713367373294
PCs_feats_percentChunks,mfcc,0.70861744,0.71620198,0.71987449,0.70406279,0.71391183,0.70976341,0.7119758236976897,0.70328265,0.59209115,0.78452536,0.51845995,0.72587664,0.51370589,0.6710624954796557,0.65660034,0.594557,0.67188452,0.58079157,0.66218293,0.58557283,0.636175898144039
PCs_feats_percentChunks,"mfcc, plp",0.72346899,0.70061983,0.6840913,0.73811771,0.70293901,0.71863947,0.7111146465236946,0.69512867,0.55073295,0.76069834,0.49380056,0.71027003,0.487733,0.6533149631822769,0.65994521,0.60579416,0.69770159,0.56663682,0.67765857,0.58471485,0.6457971663836094
PCs_feats_percentChunks,plp,0.71873347,0.69224965,0.66790638,0.736399,0.68994593,0.71167725,0.7021669283694167,0.70423637,0.55515038,0.7265485,0.55972167,0.70537368,0.53954279,0.6664744088370967,0.66082195,0.58023015,0.65666676,0.57747465,0.65792393,0.57807,0.6378782410580386
PCs_feats_percentChunks,f0,0.67564457,0.67096609,0.66378267,0.68168462,0.66910428,0.67578062,0.6727471981033086,0.70332282,0.52083072,0.68283355,0.58778746,0.66382573,0.49905094,0.6058717934638531,0.64983798,0.591829,0.68250146,0.56358323,0.66050332,0.57218196,0.6247168892676576
ComParE_percentChunks_text,"f0, hnr",0.73670202,0.73135818,0.7264593,0.73710157,0.72960446,0.73268722,0.7317643994476863,0.62287881,0.412091,0.77692872,0.384107,0.66909102,0.36048471,0.6321230651827529,0.69351153,0.67156584,0.75367373,0.60423417,0.70837321,0.61611551,0.6692698510889926
ComParE_percentChunks_text,"f0, mfcc",0.65664671,0.68620893,0.81551538,0.51267456,0.71480568,0.55021012,0.6641617692980496,0.69125348,0.47152276,0.81995265,0.41869589,0.73029859,0.41702953,0.6604854746819951,0.65939008,0.62060495,0.76184541,0.507363,0.70155294,0.54261535,0.6528236541573416
ComParE_percentChunks_text,"f0, plp",0.69389401,0.76563467,0.78185378,0.60284555,0.72148156,0.60633222,0.6923441216037223,0.59032789,0.48751123,0.65307588,0.58952867,0.59539479,0.49512061,0.6171676733157304,0.63257275,0.63072019,0.83752259,0.39955426,0.71788644,0.48003447,0.6477458819179402
ComParE_percentChunks_text,"f0, hnr, mfcc",0.65818209,0.72333392,0.78625903,0.56117844,0.70921397,0.61076232,0.673784488155299,0.64381844,0.53876909,0.72730167,0.51808226,0.67080838,0.48729877,0.6519091092782725,0.6874743,0.68094473,0.77443456,0.58009602,0.72620267,0.62369411,0.6910033273948459
ComParE_percentChunks_text,"f0, hnr, plp",0.63839168,0.59030038,0.82203098,0.48625666,0.70702506,0.52538761,0.6541896365710971,0.65648949,0.56464792,0.70729267,0.56814435,0.66105592,0.483368,0.6307916946899222,0.65378715,0.64455803,0.80973637,0.45321873,0.72180181,0.520252,0.6669820689653878
ComParE_percentChunks_text,hnr,0.63267905,0.60976674,0.8479343,0.43783322,0.70899242,0.46442966,0.6428108207304096,0.54615985,0.57731638,0.71586744,0.49971359,0.60293932,0.44106228,0.5806313366515293,0.6596872,0.66257769,0.8022914,0.50150588,0.72155934,0.56817925,0.6684384443559742
ComParE_percentChunks_text,"hnr, mfcc",0.67893286,0.71037748,0.76458648,0.60147157,0.7104311,0.63267822,0.6830808802092043,0.61023702,0.55352764,0.60931229,0.65233406,0.58534204,0.55853526,0.6380932560122119,0.68735156,0.67975952,0.77769625,0.58102505,0.72771727,0.62469074,0.6898755194034927
ComParE_percentChunks_text,"hnr, plp",0.49260227,0.49654116,0.67989957,0.50946644,0.55814525,0.46085649,0.5946646677608357,0.70279999,0.52314,0.80791066,0.45948716,0.73327097,0.46771282,0.6747976336239603,0.69479568,0.67759895,0.76137792,0.60718446,0.7248281,0.63906601,0.693613349619513
ComParE_percentChunks_text,"hnr, mfcc, plp",0.6810868,0.7679964,0.80796056,0.58941391,0.73020732,0.63450559,0.6987155599427559,0.72304224,0.59966531,0.73604122,0.53131129,0.69548191,0.48719387,0.6569340625196993,0.65133795,0.67507117,0.82595675,0.44863818,0.71849785,0.49977128,0.654828676471028
ComParE_percentChunks_text,mfcc,0.6764153,0.69650267,0.76635201,0.57930574,0.70405134,0.600081,0.6727599255886092,0.58351783,0.54811146,0.63532146,0.63780139,0.59870396,0.54010915,0.6111358234131603,0.6380395,0.65847956,0.81978742,0.44053688,0.71629134,0.52614038,0.6539866259602164
ComParE_percentChunks_text,"mfcc, plp",0.70436645,0.72868471,0.71707093,0.649355,0.67496819,0.66111577,0.683242933655763,0.63795961,0.50737353,0.73182771,0.54673032,0.66199763,0.47571926,0.616372806422093,0.64849804,0.64554027,0.80962384,0.44634884,0.71651001,0.512914,0.6590571019326286
ComParE_percentChunks_text,plp,0.70709126,0.69671151,0.75526613,0.62696205,0.71348044,0.61825248,0.6911810366388784,0.63366929,0.59844663,0.73833815,0.55749556,0.66706568,0.522821,0.6328852298209865,0.63667492,0.44635628,0.81197958,0.39612069,0.68557382,0.40820583,0.5997211016485585
ComParE_percentChunks_text,f0,0.53242399,0.54655,0.65172206,0.61976862,0.57282387,0.56282121,0.6357219074060645,0.66564891,0.53653639,0.69526213,0.49414151,0.64099283,0.42663331,0.636862912678962,0.6873576,0.64569691,0.74033348,0.59368225,0.70822502,0.61057187,0.6731566618776663
PCs_percentChunks_text,"f0, hnr",0.72160812,0.68604358,0.65415595,0.74637046,0.68410748,0.71340614,0.7002788207244899,0.7155593,0.52770879,0.66273936,0.61916821,0.67051971,0.53969822,0.6410581539388351,0.70363045,0.64001398,0.68665086,0.66619937,0.69216788,0.64988082,0.6774991580242755
PCs_percentChunks_text,"f0, mfcc",0.73241155,0.73046079,0.72574126,0.73329844,0.72756478,0.73033557,0.72952524999889,0.74424489,0.61276177,0.77062675,0.60817802,0.750246,0.58827858,0.7184484685669595,0.68679142,0.68820171,0.78432643,0.580471,0.72690553,0.62434794,0.6872030265627247
PCs_percentChunks_text,"f0, plp",0.72719544,0.73200437,0.73227342,0.72232,0.72773557,0.72538601,0.7272881724663055,0.71518594,0.58760615,0.77507534,0.55419363,0.7289035,0.5436729,0.6770321528736831,0.72010922,0.67040476,0.71076084,0.657875,0.70827054,0.65076387,0.6976810539685498
PCs_percentChunks_text,"f0, hnr, mfcc",0.74498609,0.73390158,0.72162819,0.744038,0.72833636,0.73319574,0.7327982856373289,0.75425102,0.62232753,0.77327277,0.62769944,0.75549271,0.60711443,0.727452150134666,0.69619628,0.65512258,0.73846495,0.60225011,0.71511242,0.62357764,0.6883070728648757
PCs_percentChunks_text,"f0, hnr, plp",0.75263677,0.70945113,0.67925132,0.77079866,0.71028002,0.73621698,0.7250502069696302,0.71269893,0.57153186,0.76737904,0.52641751,0.73022974,0.53514397,0.6888469787582084,0.69807416,0.680142,0.76200119,0.605622,0.72336,0.63315431,0.6914708061586543
PCs_percentChunks_text,hnr,0.66763149,0.69767888,0.71782092,0.63938109,0.68924604,0.66437228,0.6785957735869161,0.73239083,0.52771869,0.64202514,0.65346024,0.66587057,0.54990885,0.6351294867550507,0.68437033,0.60927476,0.65289708,0.62494962,0.64264794,0.58678893,0.6228891326302742
PCs_percentChunks_text,"hnr, mfcc",0.72385798,0.714721,0.70577154,0.72055764,0.70986854,0.71211307,0.7131784230645712,0.74525877,0.604536,0.75552636,0.628024,0.7348941,0.58860813,0.6979126792812506,0.7174141,0.64709438,0.68988835,0.67726574,0.70085817,0.65895529,0.6898808181077787
PCs_percentChunks_text,"hnr, plp",0.71089766,0.72911871,0.74020264,0.69788077,0.72480466,0.71262243,0.7190332142968138,0.73888322,0.61603755,0.76633633,0.61023563,0.73708461,0.58934624,0.7013928566945596,0.69967536,0.67223699,0.74020195,0.61464028,0.70437007,0.62661741,0.6768210169551874
PCs_percentChunks_text,"hnr, mfcc, plp",0.74045512,0.72640355,0.7115969,0.74401169,0.72110006,0.73110958,0.7278020076868092,0.76034473,0.587775,0.71746694,0.66651962,0.71957936,0.59489368,0.6950175192618882,0.69397705,0.68399035,0.77170595,0.59658573,0.72274534,0.62739872,0.6858985302523806
PCs_percentChunks_text,mfcc,0.70853863,0.73491883,0.75052079,0.69029875,0.72853847,0.71142145,0.7204068947451765,0.75341712,0.57864637,0.71991519,0.65229456,0.72850338,0.60046337,0.7034589186558976,0.70000558,0.64689761,0.70380889,0.63952412,0.6948659,0.6356819,0.6756088467985222
PCs_percentChunks_text,"mfcc, plp",0.73202764,0.73118364,0.72648177,0.71853127,0.72142447,0.71811373,0.7224708192800683,0.72761872,0.58960201,0.77595261,0.55645281,0.74254323,0.55603899,0.7035180788491964,0.70052396,0.65480493,0.7078587,0.63534042,0.70176993,0.64136746,0.6884727189928299
PCs_percentChunks_text,plp,0.73410643,0.73206018,0.72469258,0.731276,0.72512246,0.72769641,0.7279730887682903,0.74115662,0.60008951,0.74444061,0.64364286,0.72939159,0.59766179,0.695746476493485,0.70173981,0.68746942,0.767161,0.60850742,0.73133004,0.64251888,0.7027680739209461
PCs_percentChunks_text,f0,0.65194151,0.73747456,0.79352521,0.57396774,0.71485919,0.64344,0.6837567688762667,0.72195065,0.54543042,0.67828726,0.63553488,0.68220953,0.558543,0.6504326890425599,0.66650792,0.62116824,0.69909863,0.57621634,0.668252,0.58160319,0.6370400255727222
PCs_feats_percentChunks_text,"f0, hnr",0.67877025,0.70356266,0.71438626,0.65244,0.6913052,0.66873646,0.6834123868030776,0.72418216,0.55879813,0.72080949,0.59459974,0.71000196,0.55221309,0.6666952573811177,0.69862469,0.63374241,0.67885745,0.65083312,0.68447468,0.63725996,0.6723065388753622
PCs_feats_percentChunks_text,"f0, mfcc",0.73519614,0.74163359,0.74257383,0.72744291,0.73645453,0.73164839,0.7350325512836261,0.74387449,0.578867,0.7403543,0.61444082,0.72849441,0.57905097,0.6953937021617009,0.67932115,0.67265693,0.7614213,0.56724247,0.70518144,0.60019111,0.667193932062636
PCs_feats_percentChunks_text,"f0, plp",0.737472,0.72076194,0.70923103,0.74466171,0.72150312,0.73109038,0.7269423104529654,0.74516762,0.60639393,0.75252971,0.62712886,0.73205352,0.58936367,0.7009764747251118,0.71826587,0.66064432,0.71763125,0.67278649,0.71456103,0.66315142,0.6946189233553627
PCs_feats_percentChunks_text,"f0, hnr, mfcc",0.75416575,0.72535878,0.69998521,0.76154397,0.71833167,0.73782878,0.7307309572400893,0.7331966,0.57017202,0.7123874,0.61624201,0.71307106,0.57433026,0.6868648576601603,0.71846655,0.64046686,0.67007174,0.688711,0.68237318,0.654585,0.6754922022003125
PCs_feats_percentChunks_text,"f0, hnr, plp",0.70888947,0.74044712,0.75807442,0.684486,0.73106716,0.70905257,0.7212692558712925,0.71813176,0.57784358,0.76699153,0.55238424,0.72778153,0.54343052,0.6793522988091919,0.69833467,0.67352908,0.73732022,0.616102,0.70362356,0.62781166,0.6779359900024928
PCs_feats_percentChunks_text,hnr,0.70210859,0.67190327,0.63695311,0.72372435,0.66275255,0.69204548,0.6803132441324073,0.73531533,0.56568368,0.70738197,0.63326457,0.7059675,0.57093327,0.6752073269400211,0.68647883,0.62953244,0.68863627,0.61232526,0.66389999,0.59306779,0.6362803518348409
PCs_feats_percentChunks_text,"hnr, mfcc",0.71921087,0.73305552,0.73230122,0.702668,0.7198147,0.70975874,0.7174810530662139,0.73814382,0.60269177,0.77257049,0.58202277,0.74001979,0.56692123,0.7002732128935024,0.69527074,0.65237615,0.72402811,0.61903203,0.69481696,0.61879186,0.6637687697911536
PCs_feats_percentChunks_text,"hnr, plp",0.71933927,0.74397209,0.75289257,0.70025906,0.73270416,0.71736922,0.7266017762241695,0.73952155,0.60108589,0.76417695,0.61222,0.7397185,0.58611068,0.7017858618409173,0.69507584,0.67698226,0.76277728,0.60610933,0.7185721,0.62906358,0.6819974424857418
PCs_feats_percentChunks_text,"hnr, mfcc, plp",0.73530002,0.73849048,0.73432108,0.73017312,0.73053739,0.73111343,0.7322789746382657,0.75204034,0.59465061,0.72800758,0.65963163,0.72365369,0.60075026,0.6939394968700423,0.72210465,0.62928594,0.65288132,0.70511104,0.68509337,0.663812,0.6828330870094304
PCs_feats_percentChunks_text,mfcc,0.74125864,0.72199422,0.71024008,0.75085023,0.7248604,0.73563038,0.7305583962184571,0.74944916,0.61170773,0.7573848,0.65403411,0.74320966,0.61042791,0.7091687676444018,0.70559842,0.64188464,0.70011618,0.65243868,0.69831077,0.6427,0.6789164745821921
PCs_feats_percentChunks_text,"mfcc, plp",0.73091021,0.73783934,0.73533486,0.72162169,0.72873254,0.72463564,0.7284937317134895,0.73703981,0.61408596,0.75944118,0.61216734,0.7331928,0.58739267,0.698107885995353,0.71183402,0.64116037,0.67732754,0.66826862,0.6833822,0.64197826,0.6728538588201636
PCs_feats_percentChunks_text,plp,0.72622369,0.72423882,0.72061146,0.72231311,0.72030624,0.72030975,0.7214421128809549,0.74587335,0.57191068,0.71285695,0.654614,0.71224864,0.57911942,0.6777901607685394,0.68977753,0.67854061,0.76214085,0.59259897,0.72373562,0.63188009,0.6942162582618875
PCs_feats_percentChunks_text,f0,0.67783329,0.69319688,0.70509608,0.66136712,0.68948371,0.67488656,0.6832404177575059,0.73285389,0.55359184,0.66890652,0.65358298,0.67860377,0.56772,0.6545014816210203,0.70969114,0.61183881,0.62950878,0.69330798,0.65350216,0.63743333,0.6490032956378817
