,filename,duration,label
0,SBep4_d178-N,1.3611337868480726,N
1,SBep14_d109-I,3.330612244897959,I
2,SBep14_c419-I,0.9795464852607709,I
3,SBep19_d61-I,2.265578231292517,I
4,SBep19_d213-I,1.620408163265306,I
5,SBep4_d839-I,1.1810657596371883,I
6,SBep4_d610-N,0.9903401360544217,N
7,SBep19_d479-N,10.049297052154195,N
8,SBep14_c236-N,2.7141043083900227,N
9,SBep4_c345-N,0.5670521541950113,N
10,SBep4_d284-N,2.914104308390023,N
11,SBep4_d279-N,1.1317687074829932,N
12,SBep19_c447-I,1.7600680272108844,I
13,SBep14_d427-N,0.5366893424036281,N
14,SBep14_c172-N,2.381950113378685,N
15,SBep4_c807-N,7.724353741496599,N
16,SBep4_c733-I,1.0957142857142856,I
17,SBep14_c291-I,2.876893424036281,I
18,SBep4_c674-N,8.140612244897959,N
19,SBep14_c30-N,2.429229024943311,N
20,SBep19_d148-N,3.471859410430839,N
21,SBep4_c159-N,2.887573696145125,N
22,SBep4_h107-N,9.091587301587301,N
23,SBep19_c277-I,8.429909297052154,I
24,SBep14_d438-I,2.492675736961451,I
25,SBep4_c11-N,1.0364399092970522,N
26,SBep4_d1006-N,4.150453514739229,N
27,SBep4_h984-N,0.8115419501133787,N
28,SBep14_k713-N,3.968888888888889,N
29,SBep4_c548-N,0.956281179138322,N
30,SBep14_d643-N,1.1271655328798187,N
31,SBep4_c220-N,11.611927437641723,N
32,SBep19_d188-N,7.793446712018141,N
33,SBep4_c1166-N,0.8547845804988662,N
34,SBep19_c465-N,4.518548752834467,N
35,SBep4_d359-N,2.4023356009070294,N
36,SBep4_c94-N,0.7853061224489796,N
37,SBep4_d474-N,2.1805668934240363,N
38,SBep4_c121-N,2.111814058956916,N
39,SBep4_d695-N,1.4780272108843537,N
40,SBep4_c1086-N,1.1270068027210884,N
41,SBep14_d235-I,2.603401360544218,I
42,SBep4_d1227-N,1.7440136054421769,N
43,SBep19_d394-N,5.890589569160998,N
44,SBep4_d100-N,2.715963718820862,N
45,SBep4_c882-N,3.3645804988662134,N
46,SBep4_d496-I,1.6258503401360545,I
47,SBep4_c186-I,6.655238095238095,I
48,SBep14_c461-I,2.1974149659863946,I
49,SBep19_d503-I,1.6392063492063491,I
50,SBep4_c378-N,5.772902494331066,N
51,SBep4_c903-N,3.5205442176870747,N
52,SBep19_c329-N,4.3225396825396825,N
53,SBep14_d464-I,1.34859410430839,I
54,SBep4_c493-I,1.3611791383219956,I
55,SBep14_c288-I,3.3603854875283448,I
56,SBep19_d151-N,0.878639455782313,N
57,SBep19_d114-N,2.8008843537414965,N
58,SBep4_c204-N,1.2905895691609977,N
59,SBep4_d1158-I,4.30281179138322,I
60,SBep4_c1107-N,1.5806802721088435,N
61,SBep14_c275-I,0.8990476190476191,I
62,SBep14_c189-I,2.6402947845804987,I
63,SBep19_d527-I,2.2902721088435376,I
64,SBep4_h347-N,3.496439909297052,N
65,SBep19_c135-N,3.1804308390022675,N
66,SBep4_d1102-N,5.046848072562359,N
67,SBep4_c319-N,1.2552834467120182,N
68,SBep4_d1147-N,1.9254875283446713,N
69,SBep14_c502-N,9.209478458049887,N
70,SBep4_d967-N,1.7553968253968253,N
71,SBep4_d124-N,3.185578231292517,N
72,SBep4_c471-N,0.7624036281179138,N
73,SBep4_d922-N,3.4989342403628116,N
74,SBep4_d161-N,1.7937414965986394,N
75,SBep14_d155-I,2.4557596371882084,I
76,SBep19_d85-I,3.4791836734693877,I
77,SBep14_c603-N,1.2747845804988662,N
78,SBep14_d63-I,2.9418367346938776,I
79,SBep4_d535-N,6.670725623582767,N
80,SBep4_c866-N,10.157709750566893,N
81,SBep19_c524-N,5.290498866213152,N
82,SBep4_c708-N,0.7729931972789116,N
83,SBep14_k414-I,3.1200680272108845,I
84,SBep19_c463-I,4.518820861678004,I
85,SBep4_h756-N,2.5299773242630383,N
86,SBep14_k451-I,1.939092970521542,I
87,SBep14_d294-I,4.942630385487528,I
88,SBep19_c68-I,3.295056689342404,I
89,SBep4_c1027-N,0.5668934240362812,N
90,SBep14_d702-N,5.656666666666666,N
91,SBep14_c212-N,0.5735827664399092,N
92,SBep14_d168-I,4.4117460317460315,I
93,SBep4_d42-I,1.6541043083900226,I
94,SBep4_h457-N,6.54936507936508,N
95,SBep4_d729-N,1.1853514739229025,N
96,SBep4_d1022-N,1.6315192743764173,N
97,SBep14_d389-I,2.6772108843537414,I
98,SBep4_d143-I,3.1348979591836734,I
99,SBep19_d228-N,2.4000680272108843,N
100,SBep4_d18-N,2.7721995464852607,N
101,SBep4_c986-N,0.753968253968254,N
102,SBep4_d428-N,3.231746031746032,N
103,SBep19_d392-I,3.6157596371882086,I
104,SBep4_c879-I,2.5847392290249434,I
105,SBep4_d207-I,2.0100907029478456,I
106,SBep4_c1182-N,0.49183673469387756,N
107,SBep4_c650-N,0.5705442176870749,N
108,SBep19_d129-N,3.0035827664399095,N
109,SBep14_c14-N,4.940997732426304,N
110,SBep4_d305-N,1.0611791383219955,N
111,SBep14_k650-N,0.8319274376417234,N
112,SBep14_k717-I,3.3045804988662133,I
113,SBep19_d518-I,1.702154195011338,I
114,SBep14_d647-I,2.1605215419501134,I
115,SBep14_c357-I,4.151496598639456,I
116,SBep14_d700-N,2.8617233560090702,N
117,SBep14_c255-N,2.381950113378685,N
118,SBep14_d394-N,5.039160997732426,N
119,SBep19_c526-N,3.9420634920634923,N
120,SBep19_c461-I,3.05015873015873,I
121,SBep4_h754-N,1.0598412698412698,N
122,SBep14_d546-I,2.4926530612244897,I
123,SBep14_d24-I,1.8141043083900226,I
124,SBep14_c111-N,2.2132879818594104,N
125,SBep4_d537-N,9.66374149659864,N
126,SBep14_c154-N,3.046235827664399,N
127,SBep14_d333-I,0.943015873015873,I
128,SBep19_c539-I,1.6598866213151928,I
129,SBep4_c283-N,1.502358276643991,N
130,SBep14_d274-N,4.19546485260771,N
131,SBep4_c979-N,1.5887074829931973,N
132,SBep19_c214-I,5.306077097505669,I
133,SBep4_c182-N,1.4702494331065759,N
134,SBep4_d845-N,2.9139909297052156,N
135,SBep19_c30-N,1.0203854875283447,N
136,SBep4_h367-I,1.3097278911564625,I
137,SBep4_d1020-N,1.79562358276644,N
138,SBep14_d658-N,4.374852607709751,N
139,SBep14_k637-I,1.7176643990929705,I
140,SBep19_c393-N,3.7288208616780047,N
141,SBep19_d217-N,6.52108843537415,N
142,SBep14_c375-N,3.302108843537415,N
143,SBep19_c48-N,1.3036507936507937,N
144,SBep14_d665-N,0.8319274376417234,N
145,SBep4_c206-N,0.761156462585034,N
146,SBep4_c1105-N,6.954875283446712,N
147,SBep4_h631-N,2.555918367346939,N
148,SBep19_d153-N,6.568412698412699,N
149,SBep19_d116-N,1.7070068027210885,N
150,SBep14_d698-N,1.7914512471655328,N
151,SBep19_d98-N,3.5157142857142856,N
152,SBep4_d885-N,0.5745351473922903,N
153,SBep4_c1204-N,4.611315192743764,N
154,SBep4_c1241-N,2.7602721088435374,N
155,SBep19_d109-I,5.824807256235828,I
156,SBep14_d256-I,1.496235827664399,I
157,SBep19_d87-I,2.7096598639455785,I
158,SBep4_c859-N,0.5572108843537414,N
159,SBep4_d965-N,0.5195691609977324,N
160,SBep4_d126-N,5.481043083900227,N
161,SBep4_c473-N,1.114126984126984,N
162,SBep4_d920-N,5.97530612244898,N
163,SBep4_h468-N,3.161156462585034,N
164,SBep14_d157-I,3.1200680272108845,I
165,SBep4_d38-I,1.1834013605442177,I
166,SBep4_h300-N,1.4846938775510203,N
167,SBep19_c57-I,1.104172335600907,I
168,SBep14_c268-N,3.7119727891156464,N
169,SBep4_d1100-N,0.8366439909297052,N
170,SBep19_c172-N,1.8578684807256236,N
171,SBep4_d1145-N,6.462358276643991,N
172,SBep4_c925-N,0.5745351473922903,N
173,SBep4_d476-N,7.43172335600907,N
174,SBep14_d22-N,4.428390022675737,N
175,SBep4_c123-N,5.318820861678004,N
176,SBep4_h281-N,2.755283446712018,N
177,SBep19_d177-N,8.103151927437642,N
178,SBep14_k455-N,0.7212018140589569,N
179,SBep14_c351-N,6.612834467120181,N
180,SBep4_d1039-N,4.006530612244898,N
181,SBep14_d641-N,8.418866213151928,N
182,SBep14_d604-N,0.5735827664399092,N
183,SBep14_c682-I,6.293922902494331,I
184,SBep4_h551-N,2.164943310657596,N
185,SBep14_k613-I,2.0867120181405894,I
186,SBep19_d501-I,2.8301587301587303,I
187,SBep4_c1079-N,7.406031746031746,N
188,SBep14_k164-N,1.34859410430839,N
189,SBep4_d941-N,1.5449886621315192,N
190,SBep4_c880-N,12.45920634920635,N
191,SBep4_d904-N,0.8864625850340137,N
192,SBep4_d596-N,0.5477324263038549,N
193,SBep4_d494-I,1.1846938775510205,I
194,SBep14_k322-I,1.6022902494331066,I
195,SBep4_h36-I,3.6791609977324264,I
196,SBep19_c310-I,3.61015873015873,I
197,SBep14_c660-N,3.267687074829932,N
198,SBep14_d237-I,1.939092970521542,I
199,SBep14_d45-I,1.3015192743764172,I
200,SBep4_c144-I,4.072244897959184,I
201,SBep14_d527-I,2.308140589569161,I
202,SBep14_c68-I,4.654852607709751,I
203,SBep4_c1044-N,7.2883900226757365,N
204,SBep4_c1001-N,0.6100680272108844,N
205,SBep14_c336-I,5.601927437641724,I
206,SBep4_d612-N,9.520702947845805,N
207,SBep14_c234-N,3.59984126984127,N
208,SBep4_d1119-N,7.3697278911564625,N
209,SBep14_c271-N,1.6462358276643991,N
210,SBep19_d313-N,1.4847165532879818,N
211,SBep19_d254-I,1.7897278911564627,I
212,SBep19_d63-I,5.195487528344671,I
213,SBep4_d64-I,2.1858049886621314,I
214,SBep19_c14-N,5.749795918367347,N
215,SBep14_k495-N,2.7510204081632654,N
216,SBep4_c1159-N,3.3046938775510206,N
217,SBep14_k597-I,1.2009750566893425,I
218,SBep19_c288-I,1.657482993197279,I
219,SBep4_h529-N,3.7310657596371883,N
220,SBep19_d349-I,2.119659863945578,I
221,SBep14_d482-I,1.3486167800453515,I
222,SBep4_d86-N,0.8722675736961452,N
223,SBep4_c918-N,4.906893424036281,N
224,SBep4_d198-I,2.2840589569160996,I
225,SBep19_c275-I,3.849455782312925,I
226,SBep14_c607-I,5.002244897959184,I
227,SBep14_d317-I,7.7116326530612245,I
228,SBep14_k468-N,3.17827664399093,N
229,SBep4_c676-N,2.5040362811791383,N
230,SBep14_c32-N,1.3014965986394558,N
231,SBep19_d9-N,5.558798185941043,N
232,SBep4_d1221-N,6.825306122448979,N
233,SBep14_c149-N,2.012902494331066,N
234,SBep4_h1084-N,0.7277551020408163,N
235,SBep14_c621-N,4.485555555555556,N
236,SBep4_h398-N,0.8141043083900227,N
237,SBep14_d276-I,4.942653061224489,I
238,SBep19_c32-I,1.761655328798186,I
239,SBep4_c1038-N,0.897891156462585,N
240,SBep19_c481-I,2.17,I
241,SBep14_c248-N,2.271224489795918,N
242,SBep4_d1120-N,9.649569160997732,N
243,SBep4_d1165-N,1.8347619047619048,N
244,SBep14_c520-N,4.448662131519274,N
245,SBep4_c884-N,2.810045351473923,N
246,SBep4_d592-N,5.571995464852607,N
247,SBep4_c1062-I,5.70015873015873,I
248,SBep4_d1078-N,3.295668934240363,N
249,SBep14_d396-I,1.4962131519274375,I
250,SBep14_k715-N,6.3152380952380955,N
251,SBep19_d237-N,6.023174603174603,N
252,SBep4_d472-N,0.6905895691609978,N
253,SBep4_c162-N,0.8996598639455783,N
254,SBep4_h68-N,3.4524263038548755,N
255,SBep4_c964-N,3.2339909297052154,N
256,SBep4_d437-N,1.5376417233560091,N
257,SBep4_c1224-N,1.6273696145124716,N
258,SBep19_d173-N,1.5470294784580498,N
259,SBep19_c426-N,5.453265306122449,N
260,SBep14_k304-N,2.5692290249433105,N
261,SBep19_c336-N,2.0799319727891157,N
262,SBep14_k692-I,2.123628117913832,I
263,SBep4_c672-N,12.104195011337868,N
264,SBep14_k429-N,3.562925170068027,N
265,SBep14_c36-N,5.299818594104308,N
266,SBep4_d327-N,5.06702947845805,N
267,SBep4_c17-N,0.8331519274376418,N
268,SBep19_c10-N,1.2273922902494332,N
269,SBep4_d1000-N,5.171678004535147,N
270,SBep14_d486-I,3.267687074829932,I
271,SBep14_d110-N,7.5646258503401365,N
272,SBep4_c536-N,1.2456916099773243,N
273,SBep4_d865-N,8.691496598639455,N
274,SBep19_d538-I,4.1400680272108845,I
275,SBep4_c1040-N,5.719160997732426,N
276,SBep14_c332-I,6.085396825396826,I
277,SBep19_d67-I,1.8776190476190475,I
278,SBep19_d215-I,1.7756462585034014,I
279,SBep4_d985-N,4.455510204081633,N
280,SBep4_d1259-N,1.0725396825396825,N
281,SBep19_d369-I,1.7672108843537415,I
282,SBep14_c563-I,2.7510204081632654,I
283,SBep4_c512-N,7.008004535147392,N
284,SBep19_d546-N,5.1295691609977325,N
285,SBep14_d619-N,6.0068934240362815,N
286,SBep4_d1024-N,1.1281632653061224,N
287,SBep19_d444-I,1.4998185941043083,I
288,SBep14_d337-I,1.7780725623582767,I
289,SBep4_d797-N,0.6474829931972789,N
290,SBep14_d270-N,1.6901814058956917,N
291,SBep4_d346-N,4.096439909297052,N
292,SBep4_h71-N,2.246326530612245,N
293,SBep19_c312-N,7.3624716553287985,N
294,SBep19_c255-I,2.0862585034013605,I
295,SBep4_d1181-N,3.6131972789115645,N
296,SBep14_k457-I,3.895079365079365,I
297,SBep4_h381-N,1.6964625850340136,N
298,SBep4_c164-I,3.307959183673469,I
299,SBep19_d289-I,2.1762131519274375,I
300,SBep14_k278-N,8.019297052154196,N
301,SBep14_d440-N,2.8617233560090702,N
302,SBep4_d576-N,0.7520181405895692,N
303,SBep4_d919-N,0.5918820861678005,N
304,SBep19_d274-I,3.1034920634920633,I
305,SBep4_c199-I,1.5423356009070295,I
306,SBep14_d98-I,1.0545578231292516,I
307,SBep4_d632-N,0.3434240362811791,N
308,SBep14_c504-N,1.9760090702947846,N
309,SBep4_d924-N,3.7372108843537415,N
310,SBep4_d167-N,7.830294784580499,N
311,SBep14_c190-N,0.7581179138321995,N
312,SBep4_d79-I,2.6988208616780045,I
313,SBep14_d153-I,2.9355555555555557,I
314,SBep19_c53-I,10.518072562358277,I
315,SBep14_c605-N,10.94403628117914,N
316,SBep14_k568-N,3.3046031746031748,N
317,SBep14_d350-N,0.986938775510204,N
318,SBep4_d364-I,1.1354875283446713,I
319,SBep14_d217-I,1.8652607709750566,I
320,SBep19_d83-I,4.018208616780045,I
321,SBep14_d58-I,3.5569614512471657,I
322,SBep19_c500-I,3.3624036281179137,I
323,SBep19_d484-I,1.979954648526077,I
324,SBep19_d112-N,2.2758956916099775,N
325,SBep14_k475-N,3.4522222222222223,N
326,SBep4_c597-N,3.1007709750566894,N
327,SBep4_c146-N,4.995170068027211,N
328,SBep4_c103-N,3.846530612244898,N
329,SBep19_d24-N,1.3140589569160999,N
330,SBep14_k488-N,2.012902494331066,N
331,SBep4_d1019-N,4.29437641723356,N
332,SBep4_d386-N,2.402358276643991,N
333,SBep4_c202-N,0.937641723356009,N
334,SBep14_d726-I,1.3486167800453515,I
335,SBep4_d655-I,1.5715646258503402,I
336,SBep19_d81-I,3.4837868480725622,I
337,SBep4_d1242-N,4.702040816326531,N
338,SBep4_d264-N,0.7611791383219955,N
339,SBep14_d215-I,4.817709750566894,I
340,SBep14_d639-I,1.606938775510204,I
341,SBep4_c789-N,4.394512471655329,N
342,SBep14_k146-N,0.8319274376417234,N
343,SBep4_c358-N,0.92,N
344,SBep14_c506-N,4.965351473922903,N
345,SBep4_d926-N,6.81312925170068,N
346,SBep4_c245-N,4.255260770975057,N
347,SBep14_d663-N,7.8808843537414965,N
348,SBep4_c49-N,0.6118820861678005,N
349,SBep4_c200-N,2.4729251700680273,N
350,SBep14_k93-N,5.854943310657596,N
351,SBep14_k733-N,3.0831746031746032,N
352,SBep4_c568-N,10.228072562358276,N
353,SBep4_c1202-N,5.101292517006803,N
354,SBep19_c502-I,2.2004761904761905,I
355,SBep19_c445-N,6.469319727891157,N
356,SBep4_c669-N,2.4422902494331065,N
357,SBep14_k477-N,1.34859410430839,N
358,SBep4_h73-N,12.125963718820861,N
359,SBep4_c179-N,9.239773242630385,N
360,SBep19_c212-I,2.3970975056689343,I
361,SBep4_c838-I,1.7875963718820862,I
362,SBep14_d272-N,6.568866213151927,N
363,SBep4_d344-N,3.461156462585034,N
364,SBep19_c478-N,2.759342403628118,N
365,SBep4_c611-N,8.39546485260771,N
366,SBep19_d446-I,1.5311791383219955,I
367,SBep14_d719-I,1.8652607709750566,I
368,SBep14_c209-I,2.2343310657596374,I
369,SBep14_d173-N,4.190340136054422,N
370,SBep4_d843-N,3.2979591836734694,N
371,SBep4_c510-N,8.684648526077098,N
372,SBep14_c426-N,0.5735827664399092,N
373,SBep14_d290-I,1.7780725623582767,I
374,SBep4_c1023-N,2.6541496598639456,N
375,SBep4_d675-N,0.5705668934240363,N
376,SBep14_c253-N,3.931972789115646,N
377,SBep4_d589-N,5.490884353741497,N
378,SBep19_d374-N,3.4565759637188207,N
379,SBep19_d276-I,2.316485260770975,I
380,SBep19_d41-I,4.1066666666666665,I
381,SBep14_d442-N,0.7581179138321995,N
382,SBep19_c520-N,11.659795918367347,N
383,SBep14_k186-N,1.6438321995464853,N
384,SBep14_k410-I,2.049795918367347,I
385,SBep19_c91-I,2.2201360544217685,I
386,SBep14_k628-I,3.4891156462585036,I
387,SBep4_d163-I,1.286077097505669,I
388,SBep4_c571-N,2.488390022675737,N
389,SBep14_c402-N,1.4593197278911565,N
390,SBep4_c15-N,2.5454648526077097,N
391,SBep4_d709-N,0.790907029478458,N
392,SBep19_c12-N,8.652539682539683,N
393,SBep4_d1002-N,1.7914285714285714,N
394,SBep14_k493-N,5.555827664399093,N
395,SBep14_k591-I,1.0533560090702947,I
396,SBep19_d462-I,3.389501133786848,I
397,SBep14_c295-I,3.6240816326530614,I
398,SBep4_c635-N,1.0210204081632652,N
399,SBep14_d19-N,4.776417233560091,N
400,SBep14_k690-I,4.8546258503401365,I
401,SBep14_d479-I,1.1640589569160997,I
402,SBep19_c273-I,3.781496598639456,I
403,SBep4_c728-N,2.9064625850340136,N
404,SBep4_d238-N,1.0964625850340135,N
405,SBep19_d480-N,9.908820861678004,N
406,SBep14_k536-N,3.747437641723356,N
407,SBep19_c443-I,2.198548752834467,I
408,SBep4_d987-N,5.501020408163265,N
409,SBep4_d878-I,3.2086167800453516,I
410,SBep19_d65-I,1.5805442176870748,I
411,SBep4_d62-I,1.7522902494331065,I
412,SBep4_c1042-N,9.817142857142857,N
413,SBep14_k95-I,2.171904761904762,I
414,SBep4_d716-I,3.261609977324263,I
415,SBep14_d722-N,2.123628117913832,N
416,SBep14_c277-N,1.8220408163265307,N
417,SBep4_d947-N,4.2109750566893425,N
418,SBep4_c886-N,8.259909297052154,N
419,SBep19_d58-I,1.5732199546485262,I
420,SBep4_h1179-I,0.6474829931972789,I
421,SBep19_d542-I,3.299637188208617,I
422,SBep14_d289-I,1.2506802721088435,I
423,SBep14_d8-N,5.146031746031746,N
424,SBep4_d691-N,7.766145124716553,N
425,SBep4_d240-N,2.678843537414966,N
426,SBep14_c666-N,4.965328798185941,N
427,SBep4_d342-I,1.8199773242630386,I
428,SBep14_c53-I,1.4040362811791383,I
429,SBep4_c1082-N,2.7421315192743765,N
430,SBep19_c88-I,1.788934240362812,I
431,SBep14_c16-I,2.8393197278911564,I
432,SBep14_d559-I,1.237891156462585,I
433,SBep4_d528-N,0.7690249433106576,N
434,SBep19_c251-N,11.116780045351474,N
435,SBep14_d369-I,1.237891156462585,I
436,SBep14_c679-I,1.939092970521542,I
437,SBep4_c608-N,2.828843537414966,N
438,SBep19_c424-N,9.214308390022676,N
439,SBep19_c7-N,6.419818594104308,N
440,SBep4_c160-N,1.4188208616780045,N
441,SBep4_c966-N,13.433877551020409,N
442,SBep4_c1226-N,5.337233560090703,N
443,SBep4_c899-I,1.7702721088435374,I
444,SBep14_k615-I,0.9795464852607709,I
445,SBep4_c509-N,7.729773242630386,N
446,SBep4_d771-N,2.350702947845805,N
447,SBep4_c224-N,2.490589569160998,N
448,SBep4_c1127-N,5.252040816326531,N
449,SBep4_d1178-I,4.2627664399092975,I
450,SBep4_c363-I,4.431746031746032,I
451,SBep4_d673-I,2.2722902494331065,I
452,SBep4_d263-N,2.1199773242630386,N
453,SBep4_c736-N,0.4861451247165533,N
454,SBep14_d257-I,1.0533560090702947,I
455,SBep19_d108-I,4.46718820861678,I
456,SBep19_c370-I,1.6841496598639456,I
457,SBep4_d1245-N,3.8491156462585034,N
458,SBep4_c858-N,3.9537868480725624,N
459,SBep4_d999-N,1.5311337868480726,N
460,SBep4_d921-N,5.236145124716553,N
461,SBep14_c195-N,2.566485260770975,N
462,SBep4_d127-N,8.410090702947846,N
463,SBep14_c501-N,2.7141043083900227,N
464,SBep4_h469-N,5.93172335600907,N
465,SBep19_d209-I,1.8339455782312926,I
466,SBep4_h301-N,7.537596371882086,N
467,SBep4_d1101-N,4.709433106575964,N
468,SBep19_d351-I,2.109251700680272,I
469,SBep19_d21-N,2.3889115646258503,N
470,SBep14_d664-N,3.484172335600907,N
471,SBep14_c374-N,4.596281179138322,N
472,SBep4_c242-N,4.696439909297053,N
473,SBep4_c693-N,3.014036281179138,N
474,SBep19_d439-I,6.263061224489796,I
475,SBep4_c1141-N,0.4192517006802721,N
476,SBep4_c340-I,1.7317460317460318,I
477,SBep4_c1104-N,9.21702947845805,N
478,SBep4_h630-N,0.9375963718820862,N
479,SBep19_c540-I,4.71015873015873,I
480,SBep19_c407-N,4.958730158730159,N
481,SBep19_d152-N,1.8894784580498867,N
482,SBep14_k69-N,11.565736961451247,N
483,SBep4_d416-N,7.520226757369614,N
484,SBep4_c945-N,5.132403628117914,N
485,SBep14_c132-I,2.213265306122449,I
486,SBep14_d422-I,3.1200680272108845,I
487,SBep4_d1099-N,10.6078231292517,N
488,SBep4_c978-N,5.215442176870749,N
489,SBep4_h74-N,12.249206349206348,N
490,SBep19_d293-N,6.3369387755102045,N
491,SBep19_d391-I,1.2838548752834467,I
492,SBep4_c517-N,17.518231292517008,N
493,SBep4_d801-N,0.5219954648526077,N
494,SBep14_d82-N,1.468390022675737,N
495,SBep4_c183-N,4.749365079365079,N
496,SBep14_c349-N,5.125260770975057,N
497,SBep4_d1021-N,5.484104308390022,N
498,SBep14_d659-N,2.6772108843537414,N
499,SBep19_c74-N,3.730997732426304,N
500,SBep4_d1064-N,0.8185034013605442,N
501,SBep19_d441-I,4.4622222222222225,I
502,SBep19_d373-N,1.6893650793650794,N
503,SBep14_k280-N,2.742108843537415,N
504,SBep14_k382-I,5.887981859410431,I
505,SBep19_d46-I,2.683265306122449,I
506,SBep14_k716-I,3.0831746031746032,I
507,SBep14_c313-I,1.338548752834467,I
508,SBep14_d646-I,1.4962131519274375,I
509,SBep14_c254-N,1.4593197278911565,N
510,SBep14_d395-N,1.3116780045351475,N
511,SBep14_c211-N,3.629342403628118,N
512,SBep14_d701-N,2.7879138321995467,N
513,SBep4_d1184-N,1.1451473922902495,N
514,SBep14_k181-N,0.9057142857142857,N
515,SBep14_k550-N,0.5366893424036281,N
516,SBep4_h755-N,1.6156462585034013,N
517,SBep14_d196-I,2.381950113378685,I
518,SBep14_c584-N,2.4188662131519276,N
519,SBep14_k494-N,4.5593650793650795,N
520,SBep4_c12-N,2.209251700680272,N
521,SBep14_d483-I,1.3855102040816327,I
522,SBep14_c193-I,2.824829931972789,I
523,SBep4_d962-I,0.9192517006802721,I
524,SBep19_d348-I,3.516122448979592,I
525,SBep14_d539-N,1.9021995464852608,N
526,SBep19_c231-I,6.540068027210884,I
527,SBep19_d498-I,1.449954648526077,I
528,SBep14_k70-N,3.0409297052154196,N
529,SBep19_d8-N,2.758503401360544,N
530,SBep14_k469-N,2.4188662131519276,N
531,SBep4_c677-N,4.678616780045352,N
532,SBep14_c372-I,3.8212698412698414,I
533,SBep4_d1118-N,1.3447619047619048,N
534,SBep4_d613-N,5.9938095238095235,N
535,SBep19_d357-N,3.4704308390022676,N
536,SBep19_d62-I,1.802108843537415,I
537,SBep19_d210-I,3.735963718820862,I
538,SBep19_c72-I,3.348639455782313,I
539,SBep19_d545-I,1.8391609977324264,I
540,SBep4_c30-I,1.0743537414965987,I
541,SBep19_d194-I,3.5663038548752835,I
542,SBep19_c157-N,2.789795918367347,N
543,SBep4_d1125-N,0.582562358276644,N
544,SBep4_d905-N,0.5398866213151927,N
545,SBep4_c413-N,1.643514739229025,N
546,SBep4_c881-N,3.129002267573696,N
547,SBep19_d268-I,1.7475736961451247,I
548,SBep19_d397-N,5.346916099773242,N
549,SBep14_k264-N,1.0164399092970522,N
550,SBep4_d696-N,4.286054421768707,N
551,SBep4_d247-N,0.6023582766439909,N
552,SBep14_c624-N,4.5593877551020405,N
553,SBep14_c11-I,2.7880725623582765,I
554,SBep19_d169-I,1.859092970521542,I
555,SBep4_c1085-N,5.868049886621315,N
556,SBep4_c122-N,1.1939455782312924,N
557,SBep4_c961-N,3.8501587301587303,N
558,SBep4_h651-N,6.103537414965986,N
559,SBep4_c1198-N,0.7096145124716553,N
560,SBep4_d258-I,2.0141043083900225,I
561,SBep19_c466-N,3.4214285714285713,N
562,SBep19_d176-N,4.999818594104308,N
563,SBep4_d1080-N,2.4336054421768707,N
564,SBep19_c28-N,2.6773015873015873,N
565,SBep4_c223-N,2.4045351473922905,N
566,SBep14_c315-N,6.788616780045351,N
567,SBep14_d707-I,1.8652607709750566,I
568,SBep19_d458-I,1.6699319727891155,I
569,SBep14_k710-N,4.042698412698413,N
570,SBep4_c710-N,3.76702947845805,N
571,SBep14_c13-I,2.6855555555555557,I
572,SBep4_c1087-N,4.267052154195011,N
573,SBep19_d297-I,1.7386848072562358,I
574,SBep14_d519-I,1.9021768707482993,I
575,SBep19_d395-N,6.589501133786848,N
576,SBep4_d907-N,6.239614512471656,N
577,SBep4_d595-N,1.3137868480725623,N
578,SBep4_d942-N,4.889569160997732,N
579,SBep4_c883-N,6.7963265306122445,N
580,SBep14_d86-I,1.4270068027210885,I
581,SBep14_d170-I,2.4557596371882084,I
582,SBep19_c70-I,1.8876643990929705,I
583,SBep19_c35-I,0.9601133786848073,I
584,SBep19_c486-I,6.949977324263038,I
585,SBep4_c32-I,1.0051700680272109,I
586,SBep4_d1162-N,4.008979591836734,N
587,SBep19_c155-N,7.8474829931972785,N
588,SBep19_c110-N,3.111519274376417,N
589,SBep19_d377-I,5.331496598639456,I
590,SBep14_c538-I,1.0533560090702947,I
591,SBep19_d332-I,4.340362811791383,I
592,SBep4_d45-N,3.087596371882086,N
593,SBep19_d230-N,1.6901587301587302,N
594,SBep14_k712-N,6.589160997732426,N
595,SBep4_d731-N,2.4403174603174604,N
596,SBep4_d774-N,1.4004761904761904,N
597,SBep14_d642-N,3.4522222222222223,N
598,SBep14_c681-I,1.4593197278911565,I
599,SBep14_k178-I,1.2748072562358277,I
600,SBep4_c366-I,1.4846938775510203,I
601,SBep4_c1122-N,1.0441043083900228,N
602,SBep4_d1180-I,2.723968253968254,I
603,SBep19_c421-N,2.4098639455782314,N
604,SBep19_c2-N,2.876598639455782,N
605,SBep14_c49-N,10.323333333333334,N
606,SBep19_c92-N,2.490068027210884,N
607,SBep14_k456-N,1.3854875283446713,N
608,SBep4_c299-N,0.7435374149659864,N
609,SBep4_c120-N,1.3439455782312926,N
610,SBep4_c963-N,2.1941496598639456,N
611,SBep4_d430-N,4.487414965986394,N
612,SBep14_c151-I,2.1605215419501134,I
613,SBep14_d314-I,3.1845578231292517,I
614,SBep14_d216-N,6.773718820861678,N
615,SBep19_d149-N,2.5207256235827664,N
616,SBep19_c459-N,4.920022675736962,N
617,SBep14_k37-N,1.1989795918367347,N
618,SBep4_c158-N,1.4620861678004535,N
619,SBep4_h106-N,5.9163038548752835,N
620,SBep14_d439-I,1.606938775510204,I
621,SBep14_c129-I,2.4201814058956916,I
622,SBep19_c233-I,2.3757823129251703,I
623,SBep4_d166-I,1.2708616780045352,I
624,SBep4_c531-N,3.9169614512471655,N
625,SBep19_d248-N,3.2312471655328796,N
626,SBep19_c389-N,4.75891156462585,N
627,SBep4_d827-N,2.4634467120181407,N
628,SBep4_c574-N,10.418412698412698,N
629,SBep4_c55-N,7.64625850340136,N
630,SBep14_k496-N,3.562925170068027,N
631,SBep4_d1007-N,1.0849886621315192,N
632,SBep19_c17-N,6.621972789115646,N
633,SBep19_d422-I,3.1099319727891155,I
634,SBep19_c294-N,1.5910430839002268,N
635,SBep14_k677-N,2.6402947845804987,N
636,SBep19_d60-I,3.8451473922902495,I
637,SBep14_c418-I,1.2747845804988662,I
638,SBep19_d257-I,2.8647165532879817,I
639,SBep14_k730-I,0.9795464852607709,I
640,SBep14_d625-I,2.271224489795918,I
641,SBep14_c370-I,3.562925170068027,I
642,SBep4_c795-N,15.173809523809524,N
643,SBep14_d561-I,2.0867120181405894,I
644,SBep4_c1244-I,1.5988435374149659,I
645,SBep4_c806-N,2.3248072562358275,N
646,SBep19_c76-N,5.856439909297052,N
647,SBep4_d1066-N,3.413582766439909,N
648,SBep19_d406-I,2.3321315192743763,I
649,SBep4_d901-I,7.870204081632653,I
650,SBep4_d846-N,1.267732426303855,N
651,SBep4_c515-N,2.455283446712018,N
652,SBep14_c423-N,2.9355328798185942,N
653,SBep4_c550-N,9.234829931972788,N
654,SBep4_c181-N,12.471632653061224,N
655,SBep4_d429-N,5.031723356009071,N
656,SBep4_c139-N,1.1552607709750566,N
657,SBep14_k225-I,2.308140589569161,I
658,SBep4_c280-N,0.7258730158730159,N
659,SBep14_d500-I,2.0498185941043086,I
660,SBep14_c484-I,3.156984126984127,I
661,SBep4_c822-N,3.260589569160998,N
662,SBep19_c208-N,7.615714285714286,N
663,SBep4_c867-N,10.408321995464853,N
664,SBep14_c112-N,4.406553287981859,N
665,SBep19_c525-N,2.498730158730159,N
666,SBep14_k183-N,2.6033786848072564,N
667,SBep4_h757-N,2.0638321995464852,N
668,SBep4_h712-N,1.993922902494331,N
669,SBep14_c311-I,1.7780952380952382,I
670,SBep14_c354-I,1.2946031746031745,I
671,SBep4_c360-N,3.655260770975057,N
672,SBep4_d670-N,0.5538775510204081,N
673,SBep19_d419-N,1.8926303854875284,N
674,SBep14_d397-N,4.965328798185941,N
675,SBep4_c325-N,0.6905895691609978,N
676,SBep14_c213-N,5.408208616780045,N
677,SBep4_d118-N,1.3244897959183672,N
678,SBep19_d44-I,3.277528344671202,I
679,SBep4_h456-N,4.114104308390023,N
680,SBep19_c54-I,8.598321995464852,I
681,SBep19_c171-N,2.144172335600907,N
682,SBep19_c134-N,2.2152380952380955,N
683,SBep4_d923-N,2.84469387755102,N
684,SBep14_c197-N,2.2343310657596374,N
685,SBep4_d125-N,3.881292517006803,N
686,SBep14_c503-N,3.0462585034013605,N
687,SBep14_d585-I,5.518934240362812,I
688,SBep4_d1247-N,5.845328798185941,N
689,SBep14_c602-N,3.4891156462585036,N
690,SBep14_d210-I,2.197437641723356,I
691,SBep14_c72-I,1.0131746031746032,I
692,SBep14_d684-I,1.939092970521542,I
693,SBep4_c104-N,6.2359410430839,N
694,SBep4_d414-N,2.57172335600907,N
695,SBep4_c590-N,0.4626077097505669,N
696,SBep14_d40-N,1.2502494331065759,N
697,SBep14_d420-I,1.237891156462585,I
698,SBep19_c193-I,3.1826530612244897,I
699,SBep14_c28-N,2.7368027210884356,N
700,SBep4_c1143-N,2.2339909297052154,N
701,SBep4_c1106-N,0.8185034013605442,N
702,SBep14_d721-I,2.566485260770975,I
703,SBep19_d353-I,2.4087301587301586,I
704,SBep19_d316-I,1.4095464852607709,I
705,SBep14_c188-I,2.049795918367347,I
706,SBep14_k671-I,2.8617233560090702,I
707,SBep14_d498-I,1.8283673469387756,I
708,SBep14_d640-I,2.1605215419501134,I
709,SBep14_k286-N,1.4078911564625851,N
710,SBep4_c449-N,4.607755102040817,N
711,SBep19_d330-N,1.2838321995464852,N
712,SBep19_d232-I,2.575487528344671,I
713,SBep4_d432-I,4.932517006802721,I
714,SBep14_d23-I,5.402358276643991,I
715,SBep14_c582-N,2.67718820861678,N
716,SBep4_c826-N,0.9731292517006803,N
717,SBep4_d575-N,0.8030612244897959,N
718,SBep4_d530-N,1.1095011337868481,N
719,SBep4_c863-N,0.5398866213151927,N
720,SBep19_c249-N,2.9248979591836735,N
721,SBep14_k513-N,1.8283673469387756,N
722,SBep19_c521-N,2.569160997732426,N
723,SBep4_h753-N,2.230952380952381,N
724,SBep19_c423-I,3.558707482993197,I
725,SBep19_c311-N,2.638004535147392,N
726,SBep19_c354-N,5.611065759637188,N
727,SBep14_d371-I,1.5700226757369615,I
728,SBep4_d794-N,2.0638321995464852,N
729,SBep4_c88-N,10.372380952380952,N
730,SBep4_c75-N,1.0461904761904761,N
731,SBep14_d718-I,1.311700680272109,I
732,SBep14_k299-I,2.1297052154195013,I
733,SBep14_c560-I,1.939092970521542,I
734,SBep4_c511-N,1.5729251700680271,N
735,SBep14_d137-N,1.7545804988662133,N
736,SBep4_c201-N,3.9023356009070294,N
737,SBep14_k92-N,4.482675736961451,N
738,SBep14_d662-N,1.6807482993197278,N
739,SBep4_d656-I,1.5882539682539683,I
740,SBep14_c7-I,7.276825396825397,I
741,SBep14_d725-I,3.120045351473923,I
742,SBep19_c296-I,2.7335827664399095,I
743,SBep19_d27-N,1.9503628117913832,N
744,SBep4_c594-N,7.510249433106576,N
745,SBep4_d98-N,3.5508390022675735,N
746,SBep14_k688-I,4.042698412698413,I
747,SBep4_c1246-N,6.897891156462585,N
748,SBep14_c134-I,3.578888888888889,I
749,SBep4_c1203-N,2.517596371882086,N
750,SBep14_k574-I,1.5331292517006803,I
751,SBep14_k476-N,5.445124716553288,N
752,SBep19_d154-N,2.6770294784580497,N
753,SBep14_k203-N,1.1640816326530612,N
754,SBep4_c775-N,2.3506802721088436,N
755,SBep4_d265-N,0.7788208616780046,N
756,SBep14_c606-N,3.673650793650794,N
757,SBep14_d214-I,3.452199546485261,I
758,SBep14_c76-I,4.9445351473922905,I
759,SBep14_d680-I,3.526031746031746,I
760,SBep14_d638-I,1.0533560090702947,I
761,SBep14_k102-N,0.8890249433106576,N
762,SBep4_d1142-N,3.711043083900227,N
763,SBep4_c788-N,2.092766439909297,N
764,SBep4_d649-N,0.5205215419501134,N
765,SBep4_d927-N,4.954603174603174,N
766,SBep14_c507-N,5.149863945578232,N
767,SBep4_c431-N,3.143514739229025,N
768,SBep14_d115-I,3.6202721088435372,I
769,SBep14_d150-I,1.8283673469387756,I
770,SBep14_k515-I,2.750997732426304,I
771,SBep19_c6-N,2.3793197278911564,N
772,SBep19_c425-N,8.090385487528344,N
773,SBep19_c96-N,4.726825396825397,N
774,SBep19_d170-N,5.039795918367347,N
775,SBep19_c308-N,7.474195011337868,N
776,SBep4_c225-N,0.7258730158730159,N
777,SBep19_d519-N,3.5100453514739227,N
778,SBep4_d770-N,2.7630385487528346,N
779,SBep4_c1126-N,1.3629251700680272,N
780,SBep4_d591-N,5.9294784580498865,N
781,SBep14_d131-I,2.0891383219954647,I
782,SBep14_c421-I,2.45578231292517,I
783,SBep14_d174-I,1.5700226757369615,I
784,SBep19_d543-I,4.084557823129252,I
785,SBep4_d628-N,4.786530612244898,N
786,SBep4_d1123-N,3.208208616780045,N
787,SBep4_d690-N,7.292086167800454,N
788,SBep14_c667-N,4.042698412698413,N
789,SBep4_d241-N,1.2905895691609977,N
790,SBep4_c714-N,1.0777777777777777,N
791,SBep14_d230-I,1.4962131519274375,I
792,SBep4_d343-I,0.7082312925170068,I
793,SBep14_c499-I,1.3855102040816327,I
794,SBep14_d558-I,4.301043083900227,I
795,SBep19_c352-I,2.2985714285714285,I
796,SBep19_c250-N,5.933287981859411,N
797,SBep4_d239-N,8.433945578231292,N
798,SBep19_d117-I,3.504716553287982,I
799,SBep19_c442-I,3.6999546485260772,I
800,SBep4_d180-N,0.8708163265306123,N
801,SBep14_c177-N,0.8319274376417234,N
802,SBep4_c7-N,2.21718820861678,N
803,SBep19_c290-N,9.135079365079365,N
804,SBep19_d314-N,1.7915646258503402,N
805,SBep14_c459-I,0.9057369614512472,I
806,SBep19_d64-I,3.734489795918367,I
807,SBep19_d216-I,1.936281179138322,I
808,SBep19_d253-I,1.885827664399093,I
809,SBep4_d26-I,2.694013605442177,I
810,SBep4_d1059-I,5.307755102040816,I
811,SBep4_c791-N,4.7568934240362815,N
812,SBep4_d615-N,0.8858730158730159,N
813,SBep14_d723-N,2.012902494331066,N
814,SBep14_c403-N,2.67718820861678,N
815,SBep14_d113-N,0.7234920634920635,N
816,SBep4_d823-N,1.0770975056689343,N
817,SBep14_d587-N,7.179659863945578,N
818,SBep4_d1003-N,1.5635374149659864,N
819,SBep4_c14-N,1.3257142857142856,N
820,SBep4_c218-N,0.9141269841269841,N
821,SBep4_h697-N,15.027278911564625,N
822,SBep14_d355-I,5.733786848072563,I
823,SBep14_c645-I,1.606938775510204,I
824,SBep14_d310-I,1.9099319727891158,I
825,SBep14_k528-I,0.9057142857142857,I
826,SBep4_d361-N,1.4317460317460318,N
827,SBep14_k33-N,1.1989795918367347,N
828,SBep19_c418-N,2.634920634920635,N
829,SBep4_c671-N,6.680090702947846,N
830,SBep19_c335-N,3.9386621315192745,N
831,SBep4_c119-N,1.7140362811791383,N
832,SBep4_d1200-I,2.9417460317460318,I
833,SBep4_c1004-N,0.753968253968254,N
834,SBep4_d750-I,1.2391156462585033,I
835,SBep4_d61-I,2.2561678004535146,I
836,SBep4_d24-I,1.5759183673469388,I
837,SBep4_c800-N,1.596984126984127,N
838,SBep14_c175-N,3.858185941043084,N
839,SBep14_d348-N,1.8220408163265307,N
840,SBep19_c507-N,8.045850340136054,N
841,SBep19_c440-I,1.8494784580498866,I
842,SBep4_c958-N,1.7519047619047619,N
843,SBep19_c372-N,2.7000680272108846,N
844,SBep4_h943-N,3.7631972789115644,N
845,SBep4_c1218-N,2.7602721088435374,N
846,SBep4_h906-N,0.4185714285714286,N
847,SBep14_k428-N,1.2747845804988662,N
848,SBep4_d326-N,1.7153514739229025,N
849,SBep14_k490-N,1.975986394557823,N
850,SBep14_k89-N,1.9236054421768707,N
851,SBep4_c16-N,4.045714285714285,N
852,SBep4_d864-N,9.219569160997732,N
853,SBep4_c572-N,1.2626984126984127,N
854,SBep14_d601-N,2.086689342403628,N
855,SBep14_d644-N,2.345034013605442,N
856,SBep4_c262-N,0.6905668934240363,N
857,SBep4_c1161-N,4.030612244897959,N
858,SBep4_c1124-N,5.155736961451248,N
859,SBep14_k282-I,0.9429931972789115,I
860,SBep19_d236-N,1.883015873015873,N
861,SBep14_k714-N,4.743922902494331,N
862,SBep4_c998-N,0.9410884353741497,N
863,SBep14_d545-N,1.3855102040816327,N
864,SBep4_c1260-N,0.9092290249433107,N
865,SBep4_d1186-I,4.085034013605442,I
866,SBep14_k517-I,3.895079365079365,I
867,SBep19_c4-N,6.454081632653061,N
868,SBep19_c427-N,8.01392290249433,N
869,SBep19_c315-I,4.195532879818594,I
870,SBep19_c350-I,2.5494784580498866,I
871,SBep19_c252-N,5.392335600907029,N
872,SBep4_d1220-N,3.322857142857143,N
873,SBep14_c599-N,3.5260090702947844,N
874,SBep4_d692-N,5.950136054421769,N
875,SBep14_d232-I,4.005804988662131,I
876,SBep19_c438-I,2.4856916099773243,I
877,SBep19_d128-I,7.706167800453515,I
878,SBep4_d341-I,2.4166213151927436,I
879,SBep19_d541-I,2.970408163265306,I
880,SBep14_k161-N,2.381950113378685,N
881,SBep14_d388-N,1.2747845804988662,N
882,SBep4_d1121-N,7.6800680272108846,N
883,SBep14_c249-N,5.629659863945578,N
884,SBep4_d593-N,2.3521768707482993,N
885,SBep14_c521-N,11.911746031746032,N
886,SBep14_d133-I,1.302857142857143,I
887,SBep14_d176-I,1.2747845804988662,I
888,SBep19_c544-I,2.019092970521542,I
889,SBep19_c403-N,4.113968253968254,N
890,SBep19_d156-N,6.386643990929705,N
891,SBep4_h1240-N,1.3810657596371883,N
892,SBep4_c147-N,0.9429478458049887,N
893,SBep14_d463-I,0.9426530612244898,I
894,SBep4_d184-I,2.010068027210884,I
895,SBep19_d25-N,3.7373469387755103,N
896,SBep14_d108-N,1.468390022675737,N
897,SBep4_d713-N,0.7192063492063492,N
898,SBep4_c203-N,3.1090022675736964,N
899,SBep4_c246-N,7.6283219954648525,N
900,SBep14_k489-N,5.194965986394558,N
901,SBep4_d387-N,4.396439909297052,N
902,SBep4_d654-I,1.3473242630385487,I
903,SBep19_c168-I,2.9078231292517005,I
904,SBep14_c505-N,6.721201814058957,N
905,SBep4_c1058-N,3.2865532879818593,N
906,SBep4_c259-I,2.049410430839002,I
907,SBep4_d1140-N,5.740748299319728,N
908,SBep14_d738-N,3.415328798185941,N
909,SBep19_d467-N,2.50859410430839,N
910,SBep4_d267-N,2.7199773242630387,N
911,SBep4_d222-N,0.4958956916099773,N
912,SBep14_d329-N,1.2067120181405895,N
913,SBep19_c523-N,4.3336281179138325,N
914,SBep4_c165-I,1.620702947845805,I
915,SBep4_c824-N,3.191292517006803,N
916,SBep4_d577-N,1.3137641723356008,N
917,SBep4_d1239-N,3.3046938775510206,N
918,SBep4_c861-N,1.2503854875283447,N
919,SBep14_k284-N,5.514036281179139,N
920,SBep19_d42-I,6.476167800453514,I
921,SBep19_c499-I,3.9243764172335602,I
922,SBep14_c352-I,3.7559410430839004,I
923,SBep4_c1065-N,1.054421768707483,N
924,SBep14_c250-N,3.1200680272108845,N
925,SBep19_d368-I,2.5359637188208617,I
926,SBep4_d840-N,3.909546485260771,N
927,SBep14_d135-N,2.834013605442177,N
928,SBep4_c981-N,2.17875283446712,N
929,SBep4_c556-N,0.5136734693877552,N
930,SBep4_c187-N,2.861156462585034,N
931,SBep4_d1025-N,4.380725623582767,N
932,SBep14_c308-N,4.019637188208617,N
933,SBep14_d618-N,6.183219954648526,N
934,SBep14_d373-I,1.3855102040816327,I
935,SBep4_d302-N,1.4884126984126984,N
936,SBep14_c724-N,0.6842857142857143,N
937,SBep4_c286-N,6.26702947845805,N
938,SBep4_d796-N,0.5399092970521542,N
939,SBep14_c56-N,7.042675736961451,N
940,SBep4_c657-N,3.723764172335601,N
941,SBep4_c939-N,0.952562358276644,N
942,SBep19_c356-N,6.850476190476191,N
943,SBep4_h70-N,1.638095238095238,N
944,SBep19_c211-I,5.025192743764173,I
945,SBep4_d1235-N,4.066893424036281,N
946,SBep19_c247-N,4.952471655328798,N
947,SBep4_h63-I,3.524126984126984,I
948,SBep14_c737-I,1.975986394557823,I
949,SBep19_c146-N,5.143764172335601,N
950,SBep19_d185-I,10.00421768707483,I
951,SBep19_c495-I,4.579818594104308,I
952,SBep4_d1036-I,2.711269841269841,I
953,SBep19_d511-I,2.5244444444444443,I
954,SBep4_c1069-N,3.5797278911564625,N
955,SBep4_c402-N,0.7082312925170068,N
956,SBep4_d586-N,4.532879818594104,N
957,SBep14_c206-I,2.2712471655328796,I
958,SBep14_d1-I,4.3546485260770975,I
959,SBep14_c341-N,4.722879818594104,N
960,SBep14_d651-N,10.079614512471656,N
961,SBep4_d56-N,2.0137868480725625,N
962,SBep19_d51-N,7.528117913832199,N
963,SBep14_k297-I,1.382517006802721,I
964,SBep14_d417-I,3.78437641723356,I
965,SBep19_c258-I,4.439160997732427,I
966,SBep4_d564-I,1.791859410430839,I
967,SBep14_c142-I,1.5331292517006803,I
968,SBep4_d466-N,2.06702947845805,N
969,SBep19_c477-N,9.006417233560091,N
970,SBep4_d1091-N,8.509297052154196,N
971,SBep19_c432-N,4.182925170068027,N
972,SBep4_h291-N,3.0729251700680273,N
973,SBep19_c220-I,9.941360544217687,I
974,SBep4_c1248-N,0.9455328798185941,N
975,SBep4_d96-N,1.254920634920635,N
976,SBep14_k478-N,2.271224489795918,N
977,SBep14_d307-I,2.2175963718820864,I
978,SBep4_d274-I,1.2729251700680273,I
979,SBep19_d474-I,3.3907256235827665,I
980,SBep14_d629-N,1.4962131519274375,N
981,SBep19_d29-N,6.192857142857143,N
982,SBep4_c522-N,1.4159183673469389,N
983,SBep4_d602-N,1.4143537414965985,N
984,SBep4_c312-N,0.4611791383219955,N
985,SBep14_c261-N,1.4962131519274375,N
986,SBep4_c786-N,1.1748979591836735,N
987,SBep14_d673-I,1.5331292517006803,I
988,SBep14_c326-I,3.0966666666666667,I
989,SBep4_d31-I,1.458639455782313,I
990,SBep19_d201-I,3.967233560090703,I
991,SBep19_d73-I,4.107074829931973,I
992,SBep19_d303-N,2.663718820861678,N
993,SBep14_c509-N,6.352154195011338,N
994,SBep4_c850-N,12.008208616780045,N
995,SBep14_k699-N,0.9426303854875283,N
996,SBep14_d470-N,1.6807482993197278,N
997,SBep14_d572-I,2.2343310657596374,I
998,SBep14_d10-I,1.4040362811791383,I
999,SBep14_k565-N,2.8617233560090702,N
1000,SBep4_d810-N,7.166938775510204,N
1001,SBep4_c543-N,5.007823129251701,N
1002,SBep14_c430-N,1.3855102040816327,N
1003,SBep4_c506-N,0.5670748299319728,N
1004,SBep4_d855-N,6.2759183673469385,N
1005,SBep4_c896-I,8.361269841269841,I
1006,SBep19_c105-I,4.139523809523809,I
1007,SBep4_c1128-N,9.61827664399093,N
1008,SBep19_d450-I,3.199705215419501,I
1009,SBep4_d1177-I,0.8185034013605442,I
1010,SBep19_c20-N,3.295419501133787,N
1011,SBep4_d1075-N,2.5508843537414965,N
1012,SBep14_d648-N,4.00578231292517,N
1013,SBep14_c358-N,7.755578231292517,N
1014,SBep14_d323-I,4.678934240362811,I
1015,SBep4_h937-N,7.430521541950113,N
1016,SBep19_c204-I,9.226009070294785,I
1017,SBep19_c343-N,3.1501360544217687,N
1018,SBep4_c969-N,11.324739229024944,N
1019,SBep19_c306-N,9.442290249433107,N
1020,SBep19_c434-I,1.5003174603174603,I
1021,SBep19_c536-N,9.551836734693877,N
1022,SBep14_d454-N,4.264126984126984,N
1023,SBep14_d71-I,0.8890476190476191,I
1024,SBep14_d187-I,1.237891156462585,I
1025,SBep14_c497-I,0.7950113378684808,I
1026,SBep14_d34-I,1.453673469387755,I
1027,SBep19_d260-I,2.6694557823129252,I
1028,SBep4_d948-N,2.2514739229024943,N
1029,SBep4_d626-N,4.122630385487528,N
1030,SBep14_c200-N,5.334399092970521,N
1031,SBep4_c1070-N,3.213968253968254,N
1032,SBep14_d612-I,1.5700226757369615,I
1033,SBep14_d596-I,1.5700226757369615,I
1034,SBep4_d28-I,1.9277777777777778,I
1035,SBep4_d877-I,0.95578231292517,I
1036,SBep4_d975-N,1.3818367346938776,N
1037,SBep4_c426-N,1.1494104308390023,N
1038,SBep4_d136-N,2.788798185941043,N
1039,SBep4_d930-N,0.5652380952380952,N
1040,SBep19_c162-N,3.752403628117914,N
1041,SBep4_d1155-N,2.9417460317460318,N
1042,SBep4_c209-I,2.6494104308390023,I
1043,SBep19_c47-I,2.9889115646258504,I
1044,SBep14_k251-N,1.6807482993197278,N
1045,SBep4_d988-N,1.6199546485260772,N
1046,SBep14_k353-I,1.997845804988662,I
1047,SBep19_c453-N,5.339138321995465,N
1048,SBep14_k424-N,2.7141043083900227,N
1049,SBep19_c416-N,4.52204081632653,N
1050,SBep19_d490-I,3.129863945578231,I
1051,SBep4_c583-N,0.615827664399093,N
1052,SBep4_d442-N,4.308208616780045,N
1053,SBep4_c117-N,14.38718820861678,N
1054,SBep19_c383-N,8.359274376417234,N
1055,SBep4_d868-N,0.5918820861678005,N
1056,SBep4_d72-N,13.629024943310657,N
1057,SBep19_d207-N,2.2642403628117913,N
1058,SBep19_d75-N,2.769002267573696,N
1059,SBep14_c365-N,3.526031746031746,N
1060,SBep4_d743-N,1.4542857142857142,N
1061,SBep4_c682-N,7.527891156462585,N
1062,SBep4_c1017-I,0.30784580498866215,I
1063,SBep19_c261-N,4.283356009070295,N
1064,SBep14_d569-I,1.4593197278911565,I
1065,SBep14_d244-I,1.8283673469387756,I
1066,SBep14_d695-I,2.126848072562358,I
1067,SBep4_d337-I,2.172925170068027,I
1068,SBep4_c760-N,1.920408163265306,N
1069,SBep4_d1112-N,1.526235827664399,N
1070,SBep19_c160-N,2.3695918367346938,N
1071,SBep4_d619-N,8.782539682539683,N
1072,SBep19_c45-I,2.140136054421769,I
1073,SBep4_d741-N,2.296893424036281,N
1074,SBep4_d390-N,4.3434920634920635,N
1075,SBep4_c680-N,10.229659863945578,N
1076,SBep4_c1015-I,1.4879591836734694,I
1077,SBep4_d704-N,0.7371428571428571,N
1078,SBep14_d632-N,3.4891156462585036,N
1079,SBep19_d205-N,10.498798185941043,N
1080,SBep14_c199-I,4.190340136054422,I
1081,SBep4_h908-N,8.317233560090703,N
1082,SBep14_d576-N,1.7545578231292518,N
1083,SBep14_d533-N,5.577142857142857,N
1084,SBep4_c115-N,1.1837868480725624,N
1085,SBep4_c638-N,1.0209977324263038,N
1086,SBep14_c39-N,1.0452154195011338,N
1087,SBep19_d492-I,4.089024943310657,I
1088,SBep4_h935-N,0.8651927437641723,N
1089,SBep19_c341-N,4.280997732426304,N
1090,SBep4_c128-N,0.6796145124716553,N
1091,SBep4_c605-N,6.12124716553288,N
1092,SBep4_d315-N,3.037641723356009,N
1093,SBep14_d364-I,2.0867120181405894,I
1094,SBep4_d252-I,2.5658503401360546,I
1095,SBep19_c107-I,4.551156462585034,I
1096,SBep14_d399-I,2.8617233560090702,I
1097,SBep19_d238-N,6.1387755102040815,N
1098,SBep4_c541-N,0.4796145124716553,N
1099,SBep4_d857-N,2.84469387755102,N
1100,SBep4_c334-N,5.243492063492064,N
1101,SBep14_c247-N,3.562925170068027,N
1102,SBep4_h890-N,0.9038095238095238,N
1103,SBep19_d55-I,1.4608390022675737,I
1104,SBep19_d360-N,4.070136054421769,N
1105,SBep14_c103-N,0.682108843537415,N
1106,SBep4_d3-N,4.610453514739229,N
1107,SBep4_h703-N,0.8985034013605442,N
1108,SBep19_c473-I,3.3391836734693876,I
1109,SBep19_d163-I,3.332766439909297,I
1110,SBep4_h746-N,1.5138095238095237,N
1111,SBep19_c436-I,8.033083900226757,I
1112,SBep19_c534-N,13.508412698412698,N
1113,SBep14_k543-N,2.5295691609977324,N
1114,SBep14_c514-I,2.1605215419501134,I
1115,SBep4_d758-N,3.21124716553288,N
1116,SBep14_k487-N,3.634263038548753,N
1117,SBep14_c20-N,2.5317460317460316,N
1118,SBep4_d233-I,1.7570975056689342,I
1119,SBep14_c138-I,2.4557596371882084,I
1120,SBep19_c267-I,5.455578231292517,I
1121,SBep4_d459-N,5.543492063492064,N
1122,SBep4_c598-N,4.156666666666666,N
1123,SBep4_h727-N,5.541950113378685,N
1124,SBep19_c457-I,4.1623809523809525,I
1125,SBep14_c708-I,3.673650793650794,I
1126,SBep14_k465-I,2.197437641723356,I
1127,SBep14_k522-N,4.079614512471656,N
1128,SBep4_d993-N,8.199342403628117,N
1129,SBep14_d437-N,3.59984126984127,N
1130,SBep4_c852-N,13.355532879818593,N
1131,SBep4_d501-N,9.92437641723356,N
1132,SBep4_c485-N,0.6376417233560091,N
1133,SBep14_d472-N,1.9390702947845806,N
1134,SBep14_d570-I,2.3450566893424036,I
1135,SBep14_d12-I,2.8905895691609977,I
1136,SBep19_d203-I,3.944875283446712,I
1137,SBep19_d71-I,3.161360544217687,I
1138,SBep14_c226-N,0.7950113378684808,N
1139,SBep4_c310-N,2.843514739229025,N
1140,SBep14_c263-N,1.3116780045351475,N
1141,SBep4_c1056-N,0.6733106575963719,N
1142,SBep14_c324-I,2.657142857142857,I
1143,SBep4_c400-N,2.1376190476190478,N
1144,SBep4_d155-N,6.020068027210884,N
1145,SBep4_d584-N,8.429501133786848,N
1146,SBep19_d411-N,1.9898639455782312,N
1147,SBep19_c144-N,3.934988662131519,N
1148,SBep19_d187-I,2.1897959183673468,I
1149,SBep19_c497-I,4.652063492063492,I
1150,SBep19_d513-I,6.4392970521541955,I
1151,SBep4_d1034-I,2.0446938775510204,I
1152,SBep4_d356-I,1.2552834467120182,I
1153,SBep4_c701-N,0.593718820861678,N
1154,SBep4_d685-N,0.5705442176870749,N
1155,SBep19_c475-N,13.73907029478458,N
1156,SBep4_d1093-N,1.4173469387755102,N
1157,SBep4_c84-N,7.073265306122449,N
1158,SBep14_k447-N,0.8688208616780045,N
1159,SBep19_c532-I,6.130113378684808,I
1160,SBep14_d415-I,1.090249433106576,I
1161,SBep4_c835-I,3.5551927437641724,I
1162,SBep14_c140-I,4.965328798185941,I
1163,SBep4_c131-N,3.7549886621315194,N
1164,SBep19_c358-N,5.050294784580499,N
1165,SBep14_c529-I,1.4224263038548752,I
1166,SBep19_d366-I,2.7698639455782312,I
1167,SBep14_d3-I,2.7941043083900228,I
1168,SBep14_c343-N,4.661269841269841,N
1169,SBep14_c306-N,1.470408163265306,N
1170,SBep19_d198-N,2.2349433106575964,N
1171,SBep4_d37-I,2.58453514739229,I
1172,SBep14_c448-I,1.570045351473923,I
1173,SBep4_h467-N,2.5937868480725625,N
1174,SBep14_k627-N,8.82482993197279,N
1175,SBep14_d732-N,2.09734693877551,N
1176,SBep4_c314-N,0.724920634920635,N
1177,SBep14_c267-N,2.393424036281179,N
1178,SBep4_c780-N,1.441111111111111,N
1179,SBep4_c1052-N,12.891950113378686,N
1180,SBep14_d630-I,2.9724489795918365,I
1181,SBep4_h723-N,9.46827664399093,N
1182,SBep19_d106-I,4.090136054421769,I
1183,SBep4_d997-N,1.8575510204081633,N
1184,SBep4_c856-N,3.0526530612244898,N
1185,SBep14_d433-N,1.7545804988662133,N
1186,SBep4_d540-N,1.310249433106576,N
1187,SBep4_d895-I,10.007052154195012,I
1188,SBep14_k309-I,1.9539002267573695,I
1189,SBep19_c409-N,11.481678004535148,N
1190,SBep4_d335-N,0.5670521541950113,N
1191,SBep19_c263-I,1.4068480725623582,I
1192,SBep19_c361-N,6.739727891156463,N
1193,SBep4_d418-N,2.861156462585034,N
1194,SBep19_d97-N,2.733628117913832,N
1195,SBep19_d218-N,2.773718820861678,N
1196,SBep14_c184-I,2.2712471655328796,I
1197,SBep19_d437-I,2.3261904761904764,I
1198,SBep4_d1057-N,6.888866213151927,N
1199,SBep14_k128-I,2.2546485260770974,I
1200,SBep14_c694-I,6.404671201814059,I
1201,SBep14_c245-I,3.378390022675737,I
1202,SBep14_c347-N,7.623718820861678,N
1203,SBep14_c302-N,5.55795918367347,N
1204,SBep19_d161-N,1.2135600907029478,N
1205,SBep19_c471-N,6.118866213151928,N
1206,SBep14_k229-I,2.0867120181405894,I
1207,SBep4_h928-N,3.466893424036281,N
1208,SBep4_d460-N,1.146485260770975,N
1209,SBep4_c170-N,2.6878684807256237,N
1210,SBep4_d425-N,3.0376190476190477,N
1211,SBep14_c43-I,1.865374149659864,I
1212,SBep4_d681-N,0.47045351473922903,N
1213,SBep14_c676-N,7.991587301587302,N
1214,SBep14_k273-N,0.8990476190476191,N
1215,SBep19_d380-N,3.7304081632653063,N
1216,SBep4_h65-I,0.4913832199546485,I
1217,SBep14_d198-I,1.090249433106576,I
1218,SBep14_d165-I,1.939092970521542,I
1219,SBep4_c441-N,1.6964625850340136,N
1220,SBep19_d183-I,2.7137414965986393,I
1221,SBep19_c493-I,2.260362811791383,I
1222,SBep4_c1257-N,0.582562358276644,N
1223,SBep14_c160-I,2.308140589569161,I
1224,SBep4_d444-N,6.3376190476190475,N
1225,SBep4_d89-N,0.8374829931972789,N
1226,SBep4_c111-N,5.2903174603174605,N
1227,SBep19_d145-N,1.158140589569161,N
1228,SBep19_c455-N,2.5007256235827664,N
1229,SBep19_c410-N,6.7090249433106575,N
1230,SBep4_c679-N,4.483061224489796,N
1231,SBep14_c78-N,1.0131746031746032,N
1232,SBep14_k467-N,4.743900226757369,N
1233,SBep19_c512-I,1.69140589569161,I
1234,SBep19_c186-I,4.252766439909297,I
1235,SBep19_d496-I,2.8512244897959182,I
1236,SBep14_c224-I,1.3854875283446713,I
1237,SBep4_d647-I,2.055419501133787,I
1238,SBep4_d745-N,3.265034013605442,N
1239,SBep4_c684-N,2.486031746031746,N
1240,SBep14_k83-N,3.7858049886621314,N
1241,SBep19_d36-N,2.7504988662131518,N
1242,SBep4_d289-N,5.437619047619048,N
1243,SBep14_c9-N,2.9930839002267575,N
1244,SBep14_k485-I,1.7545578231292518,I
1245,SBep14_d590-I,3.7105442176870747,I
1246,SBep4_d834-I,1.9608843537414966,I
1247,SBep14_d141-I,1.311700680272109,I
1248,SBep14_d104-I,4.861768707482994,I
1249,SBep4_c420-N,0.6376417233560091,N
1250,SBep4_d973-N,4.289365079365079,N
1251,SBep19_d359-N,1.7715419501133787,N
1252,SBep14_d492-N,3.9319954648526076,N
1253,SBep4_d1217-N,6.868956916099774,N
1254,SBep14_k686-N,8.737891156462585,N
1255,SBep4_d1252-N,1.0362585034013605,N
1256,SBep19_c367-I,3.498730158730159,I
1257,SBep14_c67-I,3.992721088435374,I
1258,SBep14_d691-I,3.0831519274376418,I
1259,SBep14_d205-I,1.4962131519274375,I
1260,SBep14_k61-I,1.814126984126984,I
1261,SBep19_c199-N,2.951541950113379,N
1262,SBep14_d342-N,1.8220408163265307,N
1263,SBep4_c872-N,1.8230385487528344,N
1264,SBep14_c593-N,6.729410430839002,N
1265,SBep4_d423-I,4.168548752834467,I
1266,SBep14_c728-I,1.5331292517006803,I
1267,SBep14_k445-I,4.227233560090703,I
1268,SBep4_d620-N,3.5535827664399093,N
1269,SBep4_c330-N,3.148208616780045,N
1270,SBep4_c375-N,6.862403628117914,N
1271,SBep4_c1076-N,5.609433106575963,N
1272,SBep14_d614-I,5.371315192743764,I
1273,SBep14_d139-I,4.670090702947846,I
1274,SBep19_d266-I,2.015827664399093,I
1275,SBep19_d364-N,5.063083900226758,N
1276,SBep19_d456-I,1.5290249433106575,I
1277,SBep14_d709-I,1.1271655328798187,I
1278,SBep19_c26-N,2.539614512471655,N
1279,SBep14_d163-N,3.858185941043084,N
1280,SBep14_c571-I,4.852154195011338,I
1281,SBep4_h931-N,8.684716553287982,N
1282,SBep19_c202-I,2.4831065759637188,I
1283,SBep4_h137-N,0.43820861678004536,N
1284,SBep19_c345-N,5.718616780045352,N
1285,SBep19_c300-N,2.086190476190476,N
1286,SBep4_d479-N,5.684671201814059,N
1287,SBep14_k377-N,3.8212698412698414,N
1288,SBep4_c99-N,2.889886621315193,N
1289,SBep4_c601-N,1.3307936507936509,N
1290,SBep4_d311-N,1.343514739229025,N
1291,SBep14_d325-I,2.964784580498866,I
1292,SBep19_d264-I,1.6422448979591837,I
1293,SBep4_h404-N,5.437596371882086,N
1294,SBep19_d221-I,6.309931972789116,I
1295,SBep14_d88-I,8.420680272108843,I
1296,SBep4_d622-N,2.01172335600907,N
1297,SBep4_c332-N,5.719977324263039,N
1298,SBep14_c204-N,1.6438321995464853,N
1299,SBep4_d1129-N,1.370748299319728,N
1300,SBep4_c1074-N,1.181451247165533,N
1301,SBep4_c1031-N,1.3584353741496598,N
1302,SBep4_h705-N,1.992108843537415,N
1303,SBep4_c1089-N,1.7914285714285714,N
1304,SBep4_h391-N,2.4199773242630385,N
1305,SBep4_c870-N,6.2740136054421765,N
1306,SBep4_d523-N,5.273605442176871,N
1307,SBep14_k458-N,1.7176643990929705,N
1308,SBep4_c603-N,4.280090702947846,N
1309,SBep14_k41-N,2.6342857142857143,N
1310,SBep4_d313-N,2.102358276643991,N
1311,SBep14_c672-I,1.939092970521542,I
1312,SBep4_c1194-N,1.090702947845805,N
1313,SBep4_h135-N,7.889002267573696,N
1314,SBep19_c347-N,1.412562358276644,N
1315,SBep14_k330-N,1.294625850340136,N
1316,SBep4_c547-N,1.9606349206349207,N
1317,SBep4_d486-N,1.2214965986394557,N
1318,SBep14_c434-N,0.7581179138321995,N
1319,SBep4_c990-N,2.316326530612245,N
1320,SBep4_d678-I,3.123151927437642,I
1321,SBep4_c368-I,2.12,I
1322,SBep14_d609-N,4.7070068027210885,N
1323,SBep14_c319-N,1.5583219954648526,N
1324,SBep4_c66-N,2.738185941043084,N
1325,SBep19_d246-N,3.449931972789116,N
1326,SBep4_d829-N,1.423673469387755,N
1327,SBep19_d301-I,1.1165532879818594,I
1328,SBep4_c355-I,4.572902494331066,I
1329,SBep4_c1154-N,3.268390022675737,N
1330,SBep4_d645-I,2.505873015873016,I
1331,SBep14_c361-N,5.564784580498866,N
1332,SBep4_c686-N,1.5587755102040817,N
1333,SBep4_h1150-N,2.28843537414966,N
1334,SBep4_c212-N,2.3494104308390025,N
1335,SBep14_k81-N,4.129886621315193,N
1336,SBep19_c412-N,7.526689342403628,N
1337,SBep4_c779-I,4.676961451247165,I
1338,SBep19_c184-I,5.455374149659864,I
1339,SBep19_d494-I,2.6297732426303857,I
1340,SBep19_c278-I,2.411315192743764,I
1341,SBep4_c587-N,0.7860317460317461,N
1342,SBep4_c156-N,0.5102947845804988,N
1343,SBep14_d535-N,2.4557596371882084,N
1344,SBep4_c113-N,2.836530612244898,N
1345,SBep14_c383-I,2.049795918367347,I
1346,SBep14_d693-I,1.6438321995464853,I
1347,SBep14_d305-N,0.8550793650793651,N
1348,SBep4_c808-N,6.196054421768707,N
1349,SBep4_d1250-N,1.0180952380952382,N
1350,SBep14_k312-I,1.7341496598639456,I
1351,SBep19_c365-I,2.115827664399093,I
1352,SBep4_h481-N,12.504013605442177,N
1353,SBep19_c320-I,1.4418367346938776,I
1354,SBep4_d836-I,2.896689342403628,I
1355,SBep19_d259-I,2.9661678004535146,I
1356,SBep14_c551-N,5.640294784580499,N
1357,SBep4_d934-N,6.501201814058957,N
1358,SBep14_c180-N,1.4224036281179138,N
1359,SBep14_c239-N,1.9341496598639456,N
1360,SBep4_c1049-N,3.4498639455782314,N
1361,SBep19_d531-I,2.199750566893424,I
1362,SBep4_d1016-I,1.4591836734693877,I
1363,SBep14_d413-I,2.4188662131519276,I
1364,SBep4_c1234-N,3.5043310657596374,N
1365,SBep14_d185-N,1.4224036281179138,N
1366,SBep4_d462-N,3.5846938775510204,N
1367,SBep4_d427-N,1.8487301587301588,N
1368,SBep14_d511-N,3.7843537414965986,N
1369,SBep14_k404-N,3.1569614512471653,N
1370,SBep4_d1095-N,2.796575963718821,N
1371,SBep4_c82-N,2.3680725623582766,N
1372,SBep14_k441-N,1.311700680272109,N
1373,SBep4_h644-N,6.653605442176871,N
1374,SBep4_h295-N,3.43249433106576,N
1375,SBep14_c345-N,3.272448979591837,N
1376,SBep4_d763-N,2.6734013605442177,N
1377,SBep14_d610-N,1.4962131519274375,N
1378,SBep14_k740-N,0.8319274376417234,N
1379,SBep19_d227-N,2.9880272108843537,N
1380,SBep14_k293-I,3.3163945578231293,I
1381,SBep14_c689-N,3.7843537414965986,N
1382,SBep14_c258-N,4.153401360544217,N
1383,SBep4_d1130-N,7.043083900226757,N
1384,SBep19_c491-I,4.742698412698413,I
1385,SBep19_d515-I,2.658662131519274,I
1386,SBep4_d582-N,10.0278231292517,N
1387,SBep14_c588-N,3.526031746031746,N
1388,SBep4_c869-N,0.6785034013605442,N
1389,SBep19_d382-N,3.27265306122449,N
1390,SBep4_c1090-N,3.43172335600907,N
1391,SBep4_c742-N,1.0957142857142856,N
1392,SBep4_d995-N,4.5213378684807255,N
1393,SBep4_c854-N,6.822789115646258,N
1394,SBep14_d474-N,7.696349206349207,N
1395,SBep4_d542-N,2.3521995464852608,N
1396,SBep14_d51-I,5.504852607709751,I
1397,SBep4_d897-I,2.546530612244898,I
1398,SBep14_c265-N,0.9795464852607709,N
1399,SBep4_c782-N,7.5967800453514736,N
1400,SBep19_d528-I,2.4599773242630385,I
1401,SBep14_k87-I,3.992721088435374,I
1402,SBep14_k727-I,0.6473922902494331,I
1403,SBep19_d307-N,2.972199546485261,N
1404,SBep4_h1149-N,2.905442176870748,N
1405,SBep19_d537-N,1.590249433106576,N
1406,SBep4_h952-N,2.4384126984126984,N
1407,SBep4_c1209-N,2.3595691609977325,N
1408,SBep19_c363-N,8.235419501133787,N
1409,SBep4_c949-N,0.486281179138322,N
1410,SBep4_d888-N,4.231065759637188,N
1411,SBep4_d92-N,1.7593197278911565,N
1412,SBep19_d95-N,2.45843537414966,N
1413,SBep19_c509-I,1.5397052154195012,I
1414,SBep14_d346-I,2.832925170068027,I
1415,SBep19_c119-N,4.2030839002267575,N
1416,SBep4_c370-N,1.5552834467120182,N
1417,SBep14_d387-N,1.0902721088435374,N
1418,SBep14_d654-I,1.4224036281179138,I
1419,SBep4_d108-N,3.255124716553288,N
1420,SBep4_d2-N,1.3460317460317461,N
1421,SBep4_c832-N,6.830453514739229,N
1422,SBep14_c147-N,4.7070068027210885,N
1423,SBep4_d524-N,1.7053061224489796,N
1424,SBep14_d412-N,1.6438321995464853,N
1425,SBep4_c173-I,2.485963718820862,I
1426,SBep19_c84-I,6.109478458049886,I
1427,SBep19_d127-I,2.5945804988662133,I
1428,SBep14_k59-I,1.6090702947845805,I
1429,SBep19_c472-I,3.770045351473923,I
1430,SBep4_d1196-N,1.5806802721088435,N
1431,SBep19_c535-N,7.219795918367347,N
1432,SBep14_k542-N,9.09875283446712,N
1433,SBep19_c242-I,4.129274376417234,I
1434,SBep19_c305-N,5.804104308390023,N
1435,SBep4_c604-N,12.318185941043083,N
1436,SBep4_c641-N,0.47045351473922903,N
1437,SBep14_c675-I,1.7914739229024943,I
1438,SBep14_k518-I,1.1640589569160997,I
1439,SBep14_d398-I,2.6402947845804987,I
1440,SBep4_c228-N,6.527823129251701,N
1441,SBep4_d738-N,0.57578231292517,N
1442,SBep4_c1029-I,6.468548752834467,I
1443,SBep19_c23-N,4.245873015873016,N
1444,SBep14_d123-N,5.441133786848073,N
1445,SBep4_d813-N,2.8486167800453517,N
1446,SBep19_d239-N,6.170408163265306,N
1447,SBep4_d152-I,4.057845804988662,I
1448,SBep14_c531-I,2.1236054421768706,I
1449,SBep14_d633-N,4.7070068027210885,N
1450,SBep4_c1014-I,1.890952380952381,I
1451,SBep4_c215-N,6.394263038548753,N
1452,SBep4_c19-N,2.162312925170068,N
1453,SBep14_c366-N,2.1605215419501134,N
1454,SBep19_d241-N,7.242630385487528,N
1455,SBep4_c538-N,0.7860544217687074,N
1456,SBep19_c282-I,4.2581632653061225,I
1457,SBep14_c120-I,0.723514739229025,I
1458,SBep4_h1256-N,0.5281179138321995,N
1459,SBep4_c957-N,0.8778911564625851,N
1460,SBep19_c338-N,6.281859410430839,N
1461,SBep19_c415-N,3.0743537414965987,N
1462,SBep19_d3-N,4.337800453514739,N
1463,SBep19_c517-I,3.1598639455782314,I
1464,SBep4_d1212-N,2.978027210884354,N
1465,SBep19_c327-I,1.5707709750566894,I
1466,SBep14_c27-I,2.1216780045351475,I
1467,SBep14_c657-N,1.4224036281179138,N
1468,SBep4_c724-N,0.5578458049886621,N
1469,SBep14_c379-I,2.123628117913832,I
1470,SBep14_k99-I,2.6684807256235827,I
1471,SBep14_d595-I,1.0164399092970522,I
1472,SBep19_d69-I,6.488027210884353,I
1473,SBep14_c556-N,3.4891156462585036,N
1474,SBep4_d933-N,0.522562358276644,N
1475,SBep19_c431-N,5.634489795918367,N
1476,SBep4_d799-N,0.7192063492063492,N
1477,SBep14_d339-I,2.085759637188209,I
1478,SBep4_c1233-N,4.8290929705215415,N
1479,SBep19_d298-N,7.84671201814059,N
1480,SBep14_d31-N,2.2754648526077097,N
1481,SBep4_c188-N,4.1846938775510205,N
1482,SBep4_d498-N,4.025850340136055,N
1483,SBep4_c559-N,1.211609977324263,N
1484,SBep14_d381-I,1.3855102040816327,I
1485,SBep14_d125-I,2.0891383219954647,I
1486,SBep4_c197-I,1.855283446712018,I
1487,SBep4_d154-N,1.2017233560090703,N
1488,SBep14_c636-N,1.2009750566893425,N
1489,SBep19_d287-I,2.955691609977324,I
1490,SBep14_k38-I,1.814126984126984,I
1491,SBep14_k523-N,1.311700680272109,N
1492,SBep4_d545-N,2.8340589569161,N
1493,SBep4_d992-N,8.538367346938776,N
1494,SBep4_d500-N,3.8415873015873014,N
1495,SBep4_c853-N,6.481519274376417,N
1496,SBep4_d77-I,2.1941496598639456,I
1497,SBep14_k720-I,1.34859410430839,I
1498,SBep4_d169-N,4.129954648526077,N
1499,SBep14_c262-N,2.123628117913832,N
1500,SBep4_c785-N,1.920408163265306,N
1501,SBep4_h1053-N,0.3640589569160998,N
1502,SBep19_c178-N,1.3199092970521542,N
1503,SBep19_d468-N,2.736145124716553,N
1504,SBep4_c256-I,6.760430839002267,I
1505,SBep14_d670-I,1.4593197278911565,I
1506,SBep4_d176-I,1.0582993197278912,I
1507,SBep4_d1115-I,5.772766439909297,I
1508,SBep4_d388-N,1.5199773242630386,N
1509,SBep19_d159-N,1.6635827664399092,N
1510,SBep14_c21-N,2.9418367346938776,N
1511,SBep19_c223-I,4.547052154195011,I
1512,SBep19_c321-N,2.1085260770975056,N
1513,SBep4_d95-N,2.5353061224489797,N
1514,SBep14_c260-N,3.3414965986394556,N
1515,SBep4_c1157-I,3.667641723356009,I
1516,SBep4_d297-N,2.06702947845805,N
1517,SBep14_k620-N,5.555827664399093,N
1518,SBep14_c508-N,1.6651473922902493,N
1519,SBep4_c814-N,0.7478231292517007,N
1520,SBep4_d502-N,2.3846938775510202,N
1521,SBep4_c851-N,3.156621315192744,N
1522,SBep14_c124-N,2.916780045351474,N
1523,SBep4_d892-I,2.151519274376417,I
1524,SBep14_d573-I,1.6438548752834468,I
1525,SBep14_d54-I,2.6342857142857143,I
1526,SBep14_k564-N,4.005804988662131,N
1527,SBep4_c1249-N,1.1814285714285715,N
1528,SBep4_d97-N,1.3421315192743764,N
1529,SBep4_c667-N,13.10530612244898,N
1530,SBep4_c720-I,1.041904761904762,I
1531,SBep19_d488-I,2.0600226757369615,I
1532,SBep4_d174-I,1.66,I
1533,SBep4_c1175-N,2.397324263038549,N
1534,SBep14_c242-I,2.012902494331066,I
1535,SBep19_d448-I,2.33,I
1536,SBep4_d766-N,0.7729931972789116,N
1537,SBep4_d1028-N,0.48054421768707484,N
1538,SBep14_c340-N,3.00875283446712,N
1539,SBep4_c276-N,4.661156462585034,N
1540,SBep19_d222-N,3.869387755102041,N
1541,SBep19_d50-N,14.101950113378685,N
1542,SBep19_d15-N,8.04312925170068,N
1543,SBep14_c143-I,1.0164625850340137,I
1544,SBep14_c592-I,3.3414965986394556,I
1545,SBep14_d416-I,5.408208616780045,I
1546,SBep4_c1231-N,4.865374149659864,N
1547,SBep4_h129-N,2.1110204081632653,N
1548,SBep4_c87-N,4.485532879818594,N
1549,SBep19_c433-N,7.116916099773243,N
1550,SBep19_c476-N,2.7287528344671204,N
1551,SBep4_c1188-N,0.546281179138322,N
1552,SBep4_h290-N,1.3258730158730159,N
1553,SBep4_h27-I,1.5805442176870748,I
1554,SBep4_c396-N,0.9729478458049886,N
1555,SBep19_c147-N,9.87,N
1556,SBep4_c1068-N,5.663854875283446,N
1557,SBep4_c269-I,1.4493877551020409,I
1558,SBep14_d127-I,1.1373242630385487,I
1559,SBep14_d94-I,3.0409297052154196,I
1560,SBep19_c417-N,2.133877551020408,N
1561,SBep19_d1-N,6.367528344671202,N
1562,SBep19_c452-N,7.340430839002267,N
1563,SBep14_k79-N,5.266870748299319,N
1564,SBep14_k425-N,2.8617233560090702,N
1565,SBep14_k562-I,0.9795464852607709,I
1566,SBep4_c1215-N,0.9455102040816327,N
1567,SBep14_d17-N,1.4040362811791383,N
1568,SBep4_d406-N,1.7832879818594105,N
1569,SBep4_c955-N,9.131201814058956,N
1570,SBep14_d52-N,1.762857142857143,N
1571,SBep14_d575-N,6.718752834467121,N
1572,SBep4_d443-N,1.4846938775510203,N
1573,SBep19_d206-N,6.367278911564626,N
1574,SBep19_c280-I,3.919092970521542,I
1575,SBep4_c1114-N,6.7890022675736965,N
1576,SBep14_d631-N,3.009342403628118,N
1577,SBep4_c683-N,2.224081632653061,N
1578,SBep4_d29-I,1.2788208616780046,I
1579,SBep19_d219-I,6.403265306122449,I
1580,SBep4_d1111-N,1.5443990929705216,N
1581,SBep19_c126-N,7.320702947845805,N
1582,SBep4_c41-I,1.7771655328798186,I
1583,SBep19_d118-I,1.5575283446712018,I
1584,SBep14_d696-I,0.9057369614512472,I
1585,SBep4_c848-N,10.243650793650794,N
1586,SBep4_d989-N,8.17687074829932,N
1587,SBep19_c325-I,5.229433106575963,I
1588,SBep19_c86-I,4.860997732426304,I
1589,SBep14_c668-N,5.961791383219954,N
1590,SBep14_k191-N,1.2009750566893425,N
1591,SBep14_c594-N,3.7105442176870747,N
1592,SBep14_c145-N,0.758095238095238,N
1593,SBep14_k228-N,0.8688208616780045,N
1594,SBep4_c875-N,3.953333333333333,N
1595,SBep4_d526-N,1.2967573696145125,N
1596,SBep19_c318-I,4.076122448979592,I
1597,SBep19_d224-I,1.777687074829932,I
1598,SBep19_d56-I,4.536281179138322,I
1599,SBep14_k743-I,1.0902721088435374,I
1600,SBep4_c372-N,5.668526077097506,N
1601,SBep4_d662-N,1.1378004535147392,N
1602,SBep14_c201-N,1.3855102040816327,N
1603,SBep4_d1169-N,1.1451473922902495,N
1604,SBep4_d627-N,4.517732426303855,N
1605,SBep14_d656-I,3.3414965986394556,I
1606,SBep4_c1071-N,1.4354875283446713,N
1607,SBep14_c431-N,3.267687074829932,N
1608,SBep4_d811-N,7.602358276643991,N
1609,SBep19_d49-N,4.714081632653061,N
1610,SBep4_d483-N,0.5141043083900226,N
1611,SBep14_c359-N,4.132947845804988,N
1612,SBep14_d649-N,3.8212698412698414,N
1613,SBep4_d316-N,1.2552834467120182,N
1614,SBep19_c99-N,3.635124716553288,N
1615,SBep14_d367-I,1.34859410430839,I
1616,SBep4_c1191-N,1.3992290249433106,N
1617,SBep4_h130-N,1.3611337868480726,N
1618,SBep4_c1228-N,3.921700680272109,N
1619,SBep4_h936-N,9.890249433106575,N
1620,SBep4_c968-N,4.922721088435374,N
1621,SBep19_c449-I,5.608526077097506,I
1622,SBep4_c767-N,1.3466893424036281,N
1623,SBep4_d1251-N,4.193922902494331,N
1624,SBep14_k685-N,5.039160997732426,N
1625,SBep4_c809-N,11.068503401360545,N
1626,SBep14_k356-I,2.9648072562358276,I
1627,SBep14_d107-I,1.7994331065759637,I
1628,SBep14_c452-I,2.049795918367347,I
1629,SBep4_d837-I,3.9451473922902496,I
1630,SBep14_k678-N,3.673650793650794,N
1631,SBep14_d491-N,1.2378684807256235,N
1632,SBep4_d133-N,0.45120181405895693,N
1633,SBep4_d970-N,3.958299319727891,N
1634,SBep14_c238-N,6.589183673469388,N
1635,SBep19_d530-I,0.9597732426303854,I
1636,SBep19_c284-I,3.0883673469387753,I
1637,SBep4_h525-N,1.1605442176870748,N
1638,SBep4_c1110-N,2.0706802721088438,N
1639,SBep4_c213-N,7.444489795918368,N
1640,SBep14_k80-N,2.3374149659863948,N
1641,SBep14_c360-N,5.1624036281179135,N
1642,SBep4_d397-N,0.8847165532879818,N
1643,SBep19_c413-N,3.5668707482993196,N
1644,SBep19_d5-N,4.2660997732426305,N
1645,SBep4_c1254-N,0.9636734693877551,N
1646,SBep4_d194-I,2.5436507936507935,I
1647,SBep19_c279-I,2.3615873015873015,I
1648,SBep4_c1211-N,0.5281179138321995,N
1649,SBep14_d436-I,5.002244897959184,I
1650,SBep14_d534-N,6.2201133786848075,N
1651,SBep4_d447-N,1.4317460317460318,N
1652,SBep4_c914-N,0.4705668934240363,N
1653,SBep4_c296-N,2.906281179138322,N
1654,SBep4_d357-N,1.4317460317460318,N
1655,SBep14_c46-N,1.1477324263038549,N
1656,SBep4_d255-I,3.8246485260770977,I
1657,SBep4_d210-I,1.6639909297052153,I
1658,SBep19_c244-I,2.2132426303854875,I
1659,SBep19_c346-N,4.275827664399093,N
1660,SBep4_c503-N,0.92,N
1661,SBep4_d815-N,2.4807936507936508,N
1662,SBep4_c67-N,11.857369614512471,N
1663,SBep14_d608-N,6.441541950113379,N
1664,SBep19_d265-I,3.301904761904762,I
1665,SBep14_c240-N,6.404648526077097,N
1666,SBep4_d666-N,6.2096145124716555,N
1667,SBep4_c333-N,2.1023356009070295,N
1668,SBep4_d623-N,2.828843537414966,N
1669,SBep19_c489-I,5.6302494331065756,I
1670,SBep14_d617-I,1.0902721088435374,I
1671,SBep4_c1088-N,2.488049886621315,N
1672,SBep19_c82-I,3.4910430839002267,I
1673,SBep19_d121-I,1.7251927437641723,I
1674,SBep19_c533-N,2.5008390022675737,N
1675,SBep14_k544-N,2.8617460317460317,N
1676,SBep4_d1229-N,5.264625850340136,N
1677,SBep4_c871-N,4.127074829931972,N
1678,SBep14_d516-I,1.7545578231292518,I
1679,SBep14_d74-I,1.551156462585034,I
1680,SBep4_c1109-N,1.526235827664399,N
1681,SBep19_c124-I,2.8511337868480724,I
1682,SBep4_h1148-N,2.6332426303854874,N
1683,SBep4_d1054-N,6.902448979591837,N
1684,SBep14_c411-N,4.374852607709751,N
1685,SBep4_d874-N,0.6438548752834468,N
1686,SBep14_d101-N,3.3719954648526076,N
1687,SBep4_c562-N,1.4159183673469389,N
1688,SBep19_d319-I,5.181043083900227,I
1689,SBep4_c1208-N,3.8491156462585034,N
1690,SBep14_k683-I,1.606938775510204,I
1691,SBep4_d93-N,5.520884353741496,N
1692,SBep19_c362-N,4.589750566893424,N
1693,SBep14_k64-N,4.530702947845805,N
1694,SBep4_d271-I,1.061156462585034,I
1695,SBep4_d234-I,1.2724263038548753,I
1696,SBep14_d532-I,2.0867120181405894,I
1697,SBep14_d15-I,3.198140589569161,I
1698,SBep14_d50-I,2.070408163265306,I
1699,SBep14_k462-I,1.9390702947845806,I
1700,SBep4_d293-N,4.092539682539683,N
1701,SBep4_c783-N,3.6056916099773244,N
1702,SBep4_c317-N,0.4964625850340136,N
1703,SBep14_d731-N,2.529591836734694,N
1704,SBep19_d33-I,2.4404761904761907,I
1705,SBep14_c549-N,4.3592743764172335,N
1706,SBep4_d1131-N,1.7531292517006802,N
1707,SBep14_c259-N,8.877324263038549,N
1708,SBep19_c66-I,3.807528344671202,I
1709,SBep19_d180-I,6.599455782312925,I
1710,SBep14_d90-I,0.9304308390022675,I
1711,SBep4_c407-N,0.6376417233560091,N
1712,SBep14_c158-N,1.1640589569160997,N
1713,SBep19_d281-I,2.735827664399093,I
1714,SBep4_h389-N,2.9846938775510203,N
1715,SBep4_d463-N,8.038367346938776,N
1716,SBep14_c697-I,1.2747845804988662,I
1717,SBep4_c1171-N,3.1413832199546485,N
1718,SBep14_c246-I,1.311700680272109,I
1719,SBep14_d611-N,1.3855102040816327,N
1720,SBep4_c237-N,3.708208616780045,N
1721,SBep14_c344-N,9.99716553287982,N
1722,SBep14_d285-N,1.0748526077097507,N
1723,SBep19_d226-N,8.018027210884354,N
1724,SBep14_d179-N,1.0164625850340137,N
1725,SBep19_d11-N,2.2713832199546484,N
1726,SBep4_d849-N,0.2799546485260771,N
1727,SBep19_d324-I,3.419206349206349,I
1728,SBep14_k44-I,3.4544444444444444,I
1729,SBep4_d214-N,0.7266213151927438,N
1730,SBep19_c240-N,12.291065759637188,N
1731,SBep4_d539-N,6.63077097505669,N
1732,SBep19_d381-N,5.400702947845805,N
1733,SBep4_d1232-N,0.8729251700680272,N
1734,SBep19_d283-I,1.9126984126984128,I
1735,SBep14_k335-I,1.8220408163265307,I
1736,SBep19_d339-N,2.078707482993197,N
1737,SBep4_d913-N,3.3125850340136056,N
1738,SBep4_d956-N,0.5695238095238095,N
1739,SBep4_c328-N,0.7435147392290249,N
1740,SBep19_d414-N,2.8075056689342404,N
1741,SBep19_d516-I,1.6998639455782314,I
1742,SBep14_d298-I,2.041791383219955,I
1743,SBep19_d182-I,3.1052607709750566,I
1744,SBep19_d13-N,6.304943310657596,N
1745,SBep19_d326-I,3.24140589569161,I
1746,SBep14_d711-I,4.005804988662131,I
1747,SBep14_d287-N,1.1188208616780044,N
1748,SBep4_c81-N,7.2207936507936505,N
1749,SBep19_d125-N,5.788866213151928,N
1750,SBep19_c470-N,7.736054421768707,N
1751,SBep14_c18-N,1.1989795918367347,N
1752,SBep14_d378-I,3.193877551020408,I
1753,SBep4_d563-I,5.764467120181406,I
1754,SBep4_h929-N,1.5103174603174603,N
1755,SBep14_c100-I,2.544331065759637,I
1756,SBep4_c1237-N,10.727006802721089,N
1757,SBep4_d424-N,6.004807256235828,N
1758,SBep4_d461-N,1.8023356009070295,N
1759,SBep14_d557-N,2.049795918367347,N
1760,SBep14_d202-N,2.1974149659863946,N
1761,SBep19_c408-N,1.6905668934240363,N
1762,SBep4_c661-N,0.8875510204081632,N
1763,SBep14_d300-I,2.8329478458049886,I
1764,SBep4_h951-N,12.038730158730159,N
1765,SBep19_c262-I,2.0418820861678006,I
1766,SBep4_d91-N,4.9248979591836735,N
1767,SBep4_d876-N,2.2728344671201812,N
1768,SBep14_c449-I,3.0831519274376418,I
1769,SBep14_d159-I,4.1165079365079364,I
1770,SBep19_d243-I,1.2684126984126984,I
1771,SBep19_d31-I,1.1552154195011337,I
1772,SBep14_k626-N,6.293945578231292,N
1773,SBep19_d304-N,2.6337414965986397,N
1774,SBep4_c350-N,0.6612244897959184,N
1775,SBep4_c781-N,5.91843537414966,N
1776,SBep14_d674-I,1.7176643990929705,I
1777,SBep19_c59-I,7.759002267573696,I
1778,SBep4_h722-N,1.2177777777777778,N
1779,SBep19_c181-N,7.555260770975057,N
1780,SBep4_c812-N,0.4359183673469388,N
1781,SBep4_d996-N,3.0456462585034014,N
1782,SBep14_d432-N,6.84750566893424,N
1783,SBep4_d504-N,9.56140589569161,N
1784,SBep14_d530-I,2.6402947845804987,I
1785,SBep19_d89-I,1.7089342403628118,I
1786,SBep19_c102-I,4.78578231292517,I
1787,SBep4_d1135-I,4.339092970521542,I
1788,SBep4_d1037-N,1.5743310657596372,N
1789,SBep19_d510-N,1.8381632653061224,N
1790,SBep4_d1072-N,9.72891156462585,N
1791,SBep14_k231-I,1.0164625850340137,I
1792,SBep14_c119-I,3.206462585034014,I
1793,SBep4_c168-N,1.1159863945578232,N
1794,SBep14_k376-N,1.5331065759637188,N
1795,SBep4_c600-N,0.6328344671201814,N
1796,SBep19_c469-N,4.094353741496598,N
1797,SBep4_c294-N,0.7788208616780046,N
1798,SBep4_d784-N,2.583764172335601,N
1799,SBep14_d453-N,4.741451247165533,N
1800,SBep19_d398-N,10.708775510204081,N
1801,SBep4_d520-N,6.778253968253968,N
1802,SBep4_c873-N,5.7733560090702944,N
1803,SBep14_c106-N,6.434308390022676,N
1804,SBep19_c80-I,5.068140589569161,I
1805,SBep19_d123-I,2.6360544217687076,I
1806,SBep14_c729-I,2.6402947845804987,I
1807,SBep4_d1192-N,0.4555328798185941,N
1808,SBep4_d699-N,1.064013605442177,N
1809,SBep4_d664-N,0.4370748299319728,N
1810,SBep19_c158-N,6.326553287981859,N
1811,SBep4_d621-N,5.518526077097506,N
1812,SBep4_c1032-N,2.4592290249433106,N
1813,SBep14_d281-I,5.3821768707482995,I
1814,SBep4_c1077-N,5.6611337868480724,N
1815,SBep4_d1152-N,7.74734693877551,N
1816,SBep19_c165-N,5.338072562358277,N
1817,SBep4_c798-N,6.206598639455782,N
1818,SBep4_d288-N,2.70578231292517,N
1819,SBep4_d659-N,2.8395238095238096,N
1820,SBep14_c338-I,1.2067120181405895,I
1821,SBep14_d105-I,3.992721088435374,I
1822,SBep14_c552-N,1.7914739229024943,N
1823,SBep4_d972-N,1.8051020408163265,N
1824,SBep19_c299-N,3.921292517006803,N
1825,SBep4_d1253-N,0.8003628117913832,N
1826,SBep4_d189-N,0.7034467120181406,N
1827,SBep19_d90-I,1.2286621315192743,I
1828,SBep19_c323-I,3.568888888888889,I
1829,SBep14_k60-I,7.042675736961451,I
1830,SBep14_c66-I,2.999546485260771,I
1831,SBep14_c653-N,2.492675736961451,N
1832,SBep4_c765-N,1.6156235827664398,N
1833,SBep4_c110-N,0.8521541950113378,N
1834,SBep4_c953-N,0.569546485260771,N
1835,SBep19_d101-N,5.356984126984127,N
1836,SBep19_c454-N,5.52984126984127,N
1837,SBep4_c211-N,1.2533333333333334,N
1838,SBep19_d245-N,2.8148072562358277,N
1839,SBep19_c286-I,2.3016326530612243,I
