,filename,label,speaker,gender,duration,hnr,f0globalMean,f0globalSD,avgPauseLength,sound2silenceRatio,totalPauses
0,b1,n,B,m,1.0213125,-105.92538565968906,70.17016017763162,42.051957402153164,680.0,11.764705882352942,5
1,b100,n,B,m,4.72225,-32.48203974913156,109.62460538794251,52.473476906118975,453.3333333333333,27.147058823529413,15
2,b101,n,B,m,3.1183125,-43.44707247239183,132.13607262037016,82.09286091252855,800.0,52.083333333333336,3
3,b102,n,B,m,2.48025,-32.268661129508864,107.88260113647631,48.56747953538888,900.0,55.55555555555556,2
4,b103,n,B,m,1.62,-19.78412464938453,106.46349985447785,49.62081529186186,650.0,24.923076923076923,4
5,b104,n,B,m,3.1766875,-54.49175932614867,91.29779053073763,53.89178904406205,700.0,45.285714285714285,4
6,b105,n,B,m,4.2790625,-78.92170574924907,87.33881290966391,59.4334437558251,488.8888888888889,38.5,9
7,b106,n,B,m,1.1879375,-136.49382643457056,69.56020261052633,55.36527746740422,600.0,12.944444444444445,6
8,b107,n,B,m,1.746625,-72.7983321255693,75.63415862436544,69.78149139129215,650.0,26.846153846153847,4
9,b108,i,B,m,1.86325,-6.4964554008875925,110.596979854902,66.35802183845865,1200.0,31.166666666666668,2
10,b109,i,B,m,0.6491875,-49.71601537689227,137.75782690361441,81.18956375159763,1066.6666666666665,7.9375,3
11,b10,i,B,m,2.168375,-104.09735376933162,71.1929386656535,41.18018491075525,435.2941176470588,11.08108108108108,17
12,b110,n,B,m,1.3601875,-22.959208563939352,117.68648097948716,64.88120260082192,900.0,30.666666666666668,2
13,b111,n,B,m,1.7886875,-108.51406051747789,81.11913858333337,62.92370717916717,666.6666666666666,17.55,6
14,b112,n,B,m,0.6178125,-69.31541787932886,88.99622027777774,74.81456197625288,1300.0,9.538461538461538,2
15,b113,n,B,m,2.311875,-52.372139862924094,111.20982367812478,67.01879434373711,1000.0,46.5,2
16,b114,i,B,m,1.938125,-40.41920469164805,101.32940982545446,58.12004322448457,1300.0,29.846153846153847,2
17,b115,i,B,m,1.7886875,-24.913556865319936,105.98871457092194,52.67532124804654,733.3333333333333,32.72727272727273,3
18,b116,n,B,m,0.9865,-57.06510923525614,77.05565723404253,43.39988592598334,450.0,10.666666666666666,8
19,b117,i,B,m,2.162375,-46.235974610543664,146.90238718327973,78.23491314399654,533.3333333333333,26.8125,6
20,b118,i,B,m,1.5645,-27.879467827742413,90.04863135877865,37.855318299003244,1300.0,24.076923076923077,2
21,b119,n,B,m,0.318875,-28.636744519505065,83.23282420512815,48.701436490004845,600.0,7.555555555555555,3
22,b11,i,B,m,2.3011875,-69.9069722671411,84.58135383061884,53.65483315369064,471.42857142857144,13.333333333333334,14
23,b12,n,B,m,4.6879375,-61.675664662773904,89.98636639518406,51.75016936235196,487.5,23.384615384615383,16
24,b120,n,B,m,7.01525,-94.4330758353435,92.32663531466399,57.65032726678348,505.2631578947368,28.5,19
25,b121,n,B,m,0.6426875,-9.681804628229136,156.55000468224299,90.11380629196837,1300.0,9.923076923076923,2
26,b122,n,B,m,0.5430625,-72.74339860138379,134.17982324137935,90.69952014547302,750.0,7.133333333333334,4
27,b123,i,B,m,2.859875,-57.10969485371632,97.59603061057697,60.3900265258821,800.0,47.75,3
28,b124,n,B,m,0.897625,-35.55591934501999,69.09437401398597,38.034835352992715,800.0,15.083333333333334,3
29,b125,n,B,m,3.3875,-91.33414406196766,77.72989111264835,46.85299786799225,455.55555555555554,15.829268292682928,18
31,b127,n,B,m,1.58,-28.171901366574346,107.4577657854078,66.3214356021829,1000.0,15.45,4
32,b128,n,B,m,0.3286875,-125.05538593073351,234.09804492105263,158.22621208794558,1300.0,5.076923076923077,2
33,b129,n,B,m,0.4905,-45.48999859016406,108.68980185526317,53.801571179772324,1900.0,4.842105263157895,2
34,b13,n,B,m,1.6155,-45.63851969641025,72.84043613733907,41.19296785584383,550.0,29.545454545454547,4
35,b130,n,B,m,0.9354375,-9.85961658928458,98.47730873780486,35.83080823520557,1300.0,14.384615384615385,2
36,b131,n,B,m,0.24025,-33.593302069281,78.25223239393942,45.97207198979912,1200.0,4.083333333333333,2
37,b132,i,B,m,3.7768125,-23.886335562097912,104.1726829984126,51.71543334992458,700.0,53.857142857142854,4
38,b14,i,B,m,0.70725,-37.89825853139725,141.3398785045871,75.24214828712957,640.0,8.625,5
39,b15,i,B,m,0.5246875,-48.68898166968636,75.67050072857138,41.30266063469118,680.0,5.9411764705882355,5
40,b16,n,B,m,0.967875,-53.79453868993656,65.6791098454545,43.745954728242566,1333.3333333333333,9.35,3
41,b17,n,B,m,0.77375,-57.609462787485185,93.16304219047613,53.21905361747126,475.0,7.842105263157895,8
42,b18,n,B,m,3.411125,-92.68090234402992,76.01845705570287,53.654542143105395,378.57142857142856,12.11320754716981,28
43,b19,n,B,m,0.7319375,-59.54844666720122,74.10844182857146,40.11722565229206,600.0,7.833333333333333,6
44,b2,n,B,m,3.483125,-48.16512936487572,104.03944930258297,56.17242917108658,346.6666666666667,26.307692307692307,15
45,b20,n,B,m,2.2208125,-74.68557780503151,82.33923055437674,42.463771479679075,506.66666666666663,11.026315789473685,15
46,b21,i,B,m,1.3914375,-29.08238361413934,119.3322432393162,63.67217682779383,700.0,9.392857142857142,8
47,b22,n,B,m,0.8844375,-39.440746228332735,134.7280263142858,86.81872672637742,800.0,8.5,5
48,b23,n,B,m,2.828125,-29.531307014856928,107.06590768218626,43.41076844916845,763.6363636363636,12.785714285714286,11
49,b24,i,B,m,2.4094375,-58.626583332719484,95.62521115571786,44.22366213850551,611.7647058823529,8.51923076923077,17
50,b25,n,B,m,0.5373125,-43.83171211369703,69.1945250238096,32.64945949752463,840.0,4.714285714285714,5
51,b26,n,B,m,0.490375,-77.56895433828588,73.31821350704223,38.568704351113425,900.0,5.166666666666667,4
52,b27,i,B,m,1.6844375,-6.738359563826321,106.41852078294573,77.56871018346314,1300.0,25.923076923076923,2
53,b28,n,B,m,4.628875,-75.9580246933725,78.19772826162772,46.486823393979535,584.6153846153845,23.710526315789473,13
54,b29,n,B,m,1.6219375,-41.31907064330059,65.80820858653853,42.660929945504144,866.6666666666666,24.923076923076923,3
55,b3,n,B,m,3.675875,-59.517507860393074,112.12300484807687,67.98004928397025,676.9230769230769,16.0,13
56,b30,n,B,m,0.352,-118.68566571401954,85.12827970000002,56.78875745842223,760.0,3.3684210526315788,5
57,b31,n,B,m,0.641625,-123.94479016454906,112.15202537499991,90.42138763224435,666.6666666666666,6.05,6
58,b32,n,B,m,0.540375,-26.04657800101091,110.33667920454538,49.65723705767689,1266.6666666666665,5.368421052631579,3
59,b33,i,B,m,2.0203125,-60.62227171005039,109.86743191916173,50.01111860983189,480.0,33.75,5
60,b34,i,B,m,2.438625,-56.3662349020396,144.92959706565654,79.72183511537358,657.1428571428571,20.782608695652176,7
61,b35,i,B,m,1.5500625,-47.43477210660773,136.45316180952386,84.01875959640938,600.0,34.888888888888886,3
62,b36,n,B,m,1.8221875,-140.06464717575668,55.75828325986838,26.472501064997566,516.6666666666666,11.161290322580646,12
63,b37,n,B,m,1.8441875,-46.00610720895512,121.03982561371848,65.326726574917,600.0,17.19047619047619,7
64,b38,n,B,m,2.5556875,-23.86047562677756,95.61872257701135,53.397435248271115,750.0,33.93333333333333,4
65,b39,n,B,m,1.5580625,-14.761315496394774,94.14912614611889,52.1851542860485,600.0,26.083333333333332,4
66,b4,n,B,m,8.5813125,-125.16794308819834,84.169246836775,63.46582036566863,365.8536585365854,22.053333333333335,41
67,b40,n,B,m,1.6190625,-68.41188257368817,85.64255490842496,45.13510373246831,675.0,11.481481481481481,8
68,b41,n,B,m,2.2625,-24.503876047373375,122.2395372425876,72.16128702603298,733.3333333333333,41.27272727272727,3
69,b42,n,B,m,5.509,-53.148131468046884,118.70777243512295,67.20751827755106,700.0,25.547619047619047,12
70,b43,n,B,m,1.5580625,-26.959181734709734,80.7956362469136,42.390965511563735,750.0,20.666666666666668,4
71,b44,n,B,m,6.7975,-81.59939706189857,87.359366176417,44.71144664326769,676.1904761904761,8.661971830985916,42
72,b45,n,B,m,3.9305625,-88.4976537271946,75.53576944380933,44.566646741097365,348.57142857142856,12.098360655737705,35
73,b46,n,B,m,0.38625,-79.99325502079728,101.74824476470587,59.97433375894758,520.0,5.923076923076923,5
74,b47,i,B,m,1.489,-19.374703497908214,95.92535012840455,46.81093705560642,900.0,16.27777777777778,4
75,b48,i,B,m,1.310875,-58.34726082474467,109.22644060714295,76.087093361378,666.6666666666666,12.75,6
76,b49,n,B,m,2.025625,-16.23298212942733,64.4125534402174,35.41960856976712,950.0,21.0,4
77,b5,n,B,m,2.1513125,-49.922224966519764,64.28761197697371,37.706357758719555,650.0,33.07692307692308,4
78,b50,n,B,m,1.56375,-34.704660221983985,81.16069702923987,59.179626088049055,750.0,20.733333333333334,4
79,b51,n,B,m,0.612125,-101.72646451499723,88.71028488888894,78.89330093253518,750.0,8.0,4
80,b52,n,B,m,1.942375,-51.94142695981549,112.86368220807451,60.33843707602925,466.6666666666667,18.095238095238095,9
81,b53,n,B,m,0.527375,-33.16456698976987,115.40469107317068,76.5408672610316,666.6666666666666,10.8,3
82,b55,i,B,m,3.3100625,-52.407420962998316,93.48333522336746,52.725108276375806,520.0,24.96153846153846,10
83,b56,n,B,m,0.448875,-80.94969985167747,133.21382389285722,102.07892304703142,1300.0,6.923076923076923,2
84,b57,n,B,m,2.4538125,-64.34435993694785,162.44511365349535,99.67570988039313,800.0,24.2,5
85,b58,i,B,m,3.037375,-71.82631338300253,113.97592406393865,77.60715713786327,400.0,30.0,10
86,b59,n,B,m,0.298,-18.77683930012453,119.20843706249998,100.07335845416752,733.3333333333333,5.636363636363637,3
87,b6,n,B,m,1.4385,-32.89720630425574,84.59551353478263,43.28402150178938,800.0,11.541666666666666,6
88,b60,n,B,m,0.9675625,-44.69359131480561,130.473016271028,87.50139438308024,1000.0,12.8,3
89,b61,i,B,m,2.033625,-46.32184335230502,87.86718703536975,46.03014121965044,866.6666666666666,15.153846153846153,6
90,b62,n,B,m,1.26175,-35.139355453305086,95.0870518011364,58.19166179492964,720.0,13.722222222222221,5
91,b63,n,B,m,0.9189375,-48.2274950327459,62.825195873333314,33.464947959556156,1300.0,14.153846153846153,2
92,b64,n,B,m,0.8540625,-138.8897839673196,56.95660899999998,48.93467314784245,933.3333333333334,12.142857142857142,3
93,b65,n,B,m,1.87825,-60.345334542431836,83.52006383783804,41.82030288470121,733.3333333333333,7.840909090909091,12
94,b66,n,B,m,1.023625,-25.992113808575024,90.31749281366461,52.29367705023107,960.0,8.083333333333334,5
95,b67,n,B,m,1.498375,-5.6972379317179165,103.72997377606191,57.96571570188467,733.3333333333333,27.454545454545453,3
96,b68,i,B,m,1.49425,4.789144091417256,119.1602835034965,25.427422853148627,1066.6666666666665,18.5,3
97,b69,n,B,m,0.7554375,-40.384925213379034,91.30238857009341,51.29260508911156,760.0,7.631578947368421,5
98,b7,n,B,m,3.464,-68.20290062335596,64.97445924657545,40.65410197873254,450.0,25.14814814814815,12
99,b70,n,B,m,0.509625,-33.957346106340026,98.53626829032258,86.63002795835692,866.6666666666666,7.846153846153846,3
100,b71,n,B,m,0.376,-18.69368189999946,59.184552145454525,35.33845541680201,1000.0,7.8,2
101,b72,n,B,m,0.4403125,-1.8157394957177917,70.70661125333336,22.915173542060085,1200.0,7.416666666666667,2
102,b73,i,B,m,1.9578125,-41.143260894385406,88.58634865769238,54.07860655608591,600.0,14.0,9
103,b74,i,B,m,3.8234375,-17.171749862861432,109.89828933661737,54.10596916583643,800.0,47.625,4
104,b75,n,B,m,1.3484375,-23.1012852110865,112.44726539893614,64.24282821066116,950.0,13.894736842105264,4
105,b76,n,B,m,1.42675,-21.012969459356537,114.10164757339459,62.10094763599741,866.6666666666666,21.923076923076923,3
106,b77,i,B,m,2.6705,-51.742544433188534,80.15975342819851,47.3948149388985,600.0,44.583333333333336,4
107,b78,n,B,m,3.468875,-54.33727260258354,81.55971163912295,41.59556918191049,514.2857142857143,38.27777777777778,7
108,b79,n,B,m,1.5125,-102.18179161471969,116.76349664125567,90.13084825434538,666.6666666666666,30.5,3
109,b80,n,B,m,2.6111875,-28.257208366041297,77.72366190488435,41.14370174893199,600.0,43.583333333333336,4
110,b81,n,B,m,1.367375,-74.5299550079684,63.80382558125001,43.6966158790757,1200.0,22.833333333333332,2
111,b82,i,B,m,3.185125,-67.09063140059015,92.00860755240174,69.11760764953291,800.0,31.5,5
112,b83,n,B,m,3.4045625,-54.576990768808,105.37104959966749,45.4329782883283,680.0,19.41176470588235,10
113,b84,n,B,m,5.591875,-66.64745485362373,77.36855014217244,53.14848018123663,571.4285714285714,55.55,7
114,b85,n,B,m,0.767,-45.637177028331756,67.09565789999994,46.7395973040198,550.0,14.090909090909092,4
115,b86,n,B,m,0.8741875,-101.86628383496517,81.57380696875005,68.57087665256564,1000.0,17.8,2
116,b86B,i,B,m,4.433875,-74.15216625659806,84.02710672159995,50.24215531892028,850.0,51.94117647058823,4
117,b87,n,B,m,1.110375,-22.648502455883058,82.18658442934787,35.814650952435784,560.0,15.785714285714286,5
118,b88,i,B,m,1.957625,-18.950691377846926,77.80177174652783,46.10091194182966,800.0,32.75,3
119,b89,n,B,m,0.4965,-10.032415285805467,69.375819,31.047131826862444,800.0,8.333333333333334,3
120,b8,i,B,m,1.1011875,-123.54513050608264,66.63158588970586,47.04115546154199,600.0,6.0606060606060606,11
121,b90,i,B,m,1.5778125,-47.72591974829916,99.98890189224139,54.15537363940287,640.0,19.5625,5
122,b91,n,B,m,3.036125,-72.78981707514342,89.83820626589606,60.559924867012846,555.5555555555555,23.8,9
123,b92,n,B,m,0.4593125,-43.03306930238194,76.2727288857143,34.79720715460303,1300.0,7.076923076923077,2
124,b93,n,B,m,1.1135,-27.42746813264661,82.2533419356436,43.35764865172119,1000.0,10.8,4
125,b94,n,B,m,1.197875,-40.12256018464969,88.22641545945945,47.093970882313265,700.0,11.047619047619047,6
126,b95,n,B,m,0.9235625,-41.12634910197135,98.39245175000009,46.78006670862247,600.0,10.0,6
127,b96,n,B,m,2.358625,-35.38384406800545,105.63698297340426,56.391655486003515,600.0,39.416666666666664,4
128,b97,n,B,m,2.5274375,-37.90058181695561,145.93600984948992,71.88156476936499,640.0,31.375,5
129,b98,n,B,m,0.374875,-46.06297094361576,140.8561312580645,105.7442152998452,1000.0,7.8,2
130,b99,n,B,m,0.8253125,-25.889295389631492,126.3555105985402,57.16945594908653,1200.0,13.833333333333334,2
131,b9,i,B,m,2.0355,-62.850482416279384,89.62383672818802,53.02967739251284,800.0,12.125,8
132,g1,n,G,f,6.924,-68.39541775975913,199.99538245243042,110.67879086649255,480.0,57.25,10
133,g10,n,G,f,2.2211875,-27.143272169457962,195.15004720463332,127.15440440474542,1400.0,31.642857142857142,2
134,g11,n,G,f,3.101875,-24.16200569783384,281.30714098891275,159.57211745108395,1200.0,51.75,2
135,g12,i,G,f,3.0715625,-47.59709186275831,192.23026967905986,109.48634802459998,1200.0,51.25,2
136,g13,i,G,f,2.6249375,-45.72584566326717,264.72725857297246,161.57248416720688,600.0,34.86666666666667,5
137,g14,n,G,f,0.448375,-97.43836946168008,189.5436304166667,144.16987999336766,1000.0,5.866666666666666,3
138,g15,n,G,f,2.282625,-43.862352390850525,279.3325767781063,150.53092620386292,1300.0,35.15384615384615,2
139,g16,n,G,f,4.3334375,-53.439203845513255,304.7432310158992,167.57058564114587,733.3333333333333,79.0,3
140,g17,i,G,f,2.653625,-42.07997721971628,336.0897997390026,211.1324586718235,1100.0,48.45454545454545,2
141,g18,i,G,f,1.3994375,-46.79060893785338,231.80405203045694,131.320735783834,866.6666666666666,21.53846153846154,3
142,g19,n,G,f,3.9048125,-58.90944010701982,204.3261463597248,106.27721734070794,700.0,55.714285714285715,4
143,g2,n,G,f,0.94375,-58.51262177536621,179.39347428688544,116.7972318956369,425.0,10.882352941176471,8
144,g20,n,G,f,0.8005625,-32.410101644917034,170.75040632031244,79.18951432797104,1300.0,12.307692307692308,2
145,g21,i,G,f,1.25,-49.093195772386196,287.73976187730085,181.96741839972037,1200.0,13.61111111111111,3
146,g22,n,G,f,1.3706875,-68.57625984817435,243.2924603004928,132.13046353071087,600.0,30.88888888888889,3
147,g23,i,G,f,1.6240625,-44.659989788912334,205.84581527426164,134.40200982270682,1100.0,29.727272727272727,2
148,g24,i,G,f,2.878875,-64.38564044997182,230.0482194900284,146.45009733486623,1100.0,52.54545454545455,2
149,g25,n,G,f,2.7248125,-25.439321524475027,249.69025284810047,138.1983111951962,1300.0,41.92307692307692,2
150,g26,i,G,f,2.2185,-54.007310935289865,231.78246570416692,163.7277299856195,657.1428571428571,18.869565217391305,7
151,g27,i,G,f,2.7468125,-29.13334499348774,229.70412162500028,150.81605029717085,650.0,42.23076923076923,4
152,g28,i,G,f,1.7951875,-60.496766694138195,219.9644909552846,127.43222886164173,933.3333333333334,25.571428571428573,3
153,g29,n,G,f,1.492,-99.9664782585871,200.10447025714276,132.30989467641717,700.0,21.214285714285715,4
154,g3,n,G,f,2.5425625,-47.543397833684985,192.52251031609194,111.25206047656451,919.9999999999999,21.695652173913043,5
155,g30,i,G,f,1.0516875,-53.93881255302567,180.67919373949596,127.93980196915037,866.6666666666666,16.153846153846153,3
156,g31,n,G,f,1.9763125,-36.948476422900804,246.36599704778152,139.48888713552276,1133.3333333333333,23.0,3
157,g32,n,G,f,2.7688125,-56.57476918682163,264.78783503287633,166.66502838188603,1200.0,46.25,2
158,g33,n,G,f,0.8535625,-81.26904049895663,258.21996795000007,188.40616353319177,1100.0,15.727272727272727,2
159,g34,n,G,f,3.209125,-51.243901345196676,263.3260119292367,127.23695907393686,800.0,39.9375,4
160,g35,n,G,f,1.337875,-74.02510478815778,385.1427531594208,266.810302775303,733.3333333333333,24.545454545454547,3
161,g36,n,G,f,0.2561875,-138.19948376526494,198.42968276923077,169.44204031968695,1000.0,5.4,2
162,g37,i,G,f,1.490625,-33.82396574429032,292.53585897142887,196.8811780581426,900.0,33.55555555555556,2
163,g38,n,G,f,0.4935,11.063917056732864,232.5821387882353,77.9706241098228,1200.0,8.333333333333334,2
164,g39,n,G,f,1.26125,-57.353826426631564,263.16171818840553,189.9056054038634,733.3333333333333,23.09090909090909,3
165,g4,n,G,f,5.3365625,-73.70762579316322,207.4021469279143,137.16516371574747,900.0,29.0,8
166,g40,n,G,f,3.83575,-71.12055121384849,193.72857336872607,113.88202589066732,600.0,27.88888888888889,9
169,g43,n,G,f,1.561125,-48.621247700701346,239.4293588663103,151.66088994297047,866.6666666666666,24.0,3
170,g44,n,G,f,1.8865,-74.47009574660477,208.46916448453618,146.55136777008525,700.0,12.928571428571429,8
171,g45,i,G,f,3.1558125,-19.475852073156013,230.67008831591411,140.12508300249425,1200.0,52.666666666666664,2
172,g46,n,G,f,0.7568125,-64.56485564071698,131.29185869230767,107.5491509419567,733.3333333333333,13.909090909090908,3
173,g47,n,G,f,2.79925,-42.13264760175732,286.2957957645569,175.78313937798387,733.3333333333333,51.09090909090909,3
174,g48,n,G,f,2.556125,-32.922982882689055,187.32862930030996,114.26820355158429,1200.0,28.11111111111111,3
175,g49,n,G,f,2.2956875,-47.84161884376965,191.93191173097856,92.64576890557156,950.0,23.842105263157894,4
176,g50,n,G,f,1.740625,-80.8772825197593,178.33319144398348,108.39643756953288,800.0,21.5625,4
177,g51,n,G,f,1.1783125,-39.95184423754058,179.4018455875707,90.54055162880046,2000.0,11.45,2
178,g52,n,G,f,1.1745,-23.81865509506063,280.32457410439594,150.16615304176844,1500.0,15.533333333333333,2
179,g53,n,G,f,1.06725,-78.07771952148536,275.45966577241387,164.64641298457505,1500.0,14.066666666666666,2
180,g54,i,G,f,2.2156875,-51.819171951687004,251.07269337410096,153.8135244297894,700.0,31.571428571428573,4
181,g55,n,G,f,0.7568125,-51.214988704395005,167.5012497843137,101.37390887296392,1100.0,13.909090909090908,2
182,g56,n,G,f,1.7138125,-168.6797728022979,168.4134451891892,159.5002691942238,657.1428571428571,14.478260869565217,7
183,g57,n,G,f,0.7730625,-51.27016108735629,147.23704616091956,105.7455020750863,1066.6666666666665,9.5,3
184,g58,i,G,f,2.5885,-14.443811808733017,251.6446597368419,136.44010718100637,640.0,32.1875,5
185,g59,n,G,f,3.139625,-37.605725631615805,210.41830830684358,117.88396209280123,700.0,44.785714285714285,4
186,g5,i,G,f,1.246,-51.83567872893027,201.02360041911763,139.75328723528133,650.0,19.153846153846153,4
187,g60,n,G,f,0.6271875,-86.95016410774079,271.59243973913044,247.4555306986507,866.6666666666666,9.615384615384615,3
188,g61,n,G,f,2.216875,-54.63033910378224,202.58810670422545,147.2744926822949,560.0,31.571428571428573,5
189,g62,n,G,f,1.8781875,-47.97614360389892,238.07990012280703,128.28213200266154,1100.0,34.36363636363637,2
190,g63,n,G,f,0.55475,-51.330780643528946,247.10164871249995,153.66866378165642,1300.0,8.538461538461538,2
191,g64,i,G,f,1.4825625,-33.27449940861142,237.02682572277254,141.03565800180206,750.0,19.666666666666668,4
192,g65,n,G,f,2.2738125,-32.20901733098896,193.52266071065986,89.57709090278415,850.0,26.529411764705884,4
193,g65B,n,G,f,1.5516875,-51.94857384080258,174.22298669499978,106.19708079619895,800.0,19.1875,4
194,g66,n,G,f,0.7654375,-52.44072397463731,281.54872737606854,138.9940625808195,1000.0,10.066666666666666,3
195,g67,n,G,f,3.4045625,-37.67323913110934,211.85846758799158,116.19403786325141,542.8571428571429,35.526315789473685,7
196,g68,n,G,f,2.246625,-31.488890317345465,266.63396659420255,136.32359008955095,733.3333333333333,41.0,3
197,g69,n,G,f,0.9814375,-26.35335118513883,199.91187200000022,113.6299126117679,1400.0,8.952380952380953,3
198,g6,i,G,f,1.155625,-63.70942766974593,197.01062848913043,92.48306581715455,900.0,12.555555555555555,4
199,g70,n,G,f,1.474625,-39.79361794887345,186.63009886725672,90.1763273644253,1266.6666666666665,15.210526315789474,3
200,g71,n,G,f,3.7048125,-39.85920778579406,182.87547343155848,101.61948639327063,1066.6666666666665,46.125,3
201,g72,n,G,f,0.5310625,-134.3761720725806,311.9731647692307,250.08082818116262,1100.0,9.818181818181818,2
202,g73,n,G,f,3.4475,-49.66965390790372,237.41128280452708,144.55383130337884,750.0,45.8,4
203,g74,n,G,f,1.5604375,-55.48209833315816,202.8679833584072,114.03565293645512,666.6666666666666,31.5,3
204,g75,n,G,f,1.1050625,-34.32966026655976,181.71425139520954,87.36057499236958,900.0,25.0,2
205,g76,n,G,f,2.632625,-30.048416293279143,221.92499934328336,114.84530699325394,800.0,44.0,3
206,g77,n,G,f,0.46675,-58.99055912052877,218.41086493023258,162.0824997535929,1000.0,9.6,2
207,g78,n,G,f,1.4369375,-39.46476396428021,210.83367809259292,106.37247578020987,1200.0,24.0,2
208,g79,n,G,f,1.753375,-44.28389449021737,165.55171220564512,94.068290580965,850.0,20.41176470588235,4
209,g7,i,G,f,0.951375,-33.72706420623626,179.28651050526298,131.59390672841997,700.0,13.5,4
210,g80,n,G,f,0.7884375,-34.389360402980536,176.31462097872344,110.31984072060523,900.0,18.0,2
211,g81,n,G,f,5.9993125,-30.273321236532325,219.86821426506137,117.62360534762391,1300.0,92.3076923076923,2
212,g82,i,G,f,1.345625,-24.4018813881562,247.3831818823532,141.49810237493847,1200.0,22.5,2
213,g83,i,G,f,1.36675,-23.614999537100648,194.4541940320857,110.495906716737,1000.0,27.6,2
214,g84,i,G,f,2.464125,-41.933884709229716,181.36617190710396,96.99842267296435,800.0,24.3,5
215,g85,n,G,f,0.75475,-40.660003469579564,244.91366263636363,163.60537723193076,1300.0,11.615384615384615,2
216,g86,n,G,f,1.5305625,-86.89138901341434,164.61652958522737,114.11472473758099,1100.0,28.0,2
217,g87,n,G,f,1.092375,-65.99391650583424,228.8715311555556,142.72710087145737,1200.0,18.25,2
218,g88,n,G,f,6.0839375,-63.40741217211664,219.45966053770607,122.40137060563664,500.0,81.0,6
219,g89,n,G,f,6.917125,-59.23989179336132,225.77478665057848,131.58400987039434,600.0,154.11111111111111,3
220,g8,i,G,f,4.139125,-125.34718627232645,225.82306842366435,187.98281992247354,371.42857142857144,31.346153846153847,14
221,g9,n,G,f,0.547125,-30.405745654691575,296.1745309277106,139.69942694960486,1200.0,9.166666666666666,2
222,g90,n,G,f,2.358625,-34.094368123074645,318.0983183110365,202.1415327332227,366.66666666666663,43.09090909090909,6
223,g91,i,G,f,4.954375,-35.742528797093215,250.90425935006678,138.9472268081951,840.0,46.80952380952381,5
224,g92,n,G,f,0.733625,-39.923239424398965,267.55190473170745,129.04816148760477,733.3333333333333,13.545454545454545,3
225,g93,n,G,f,1.3034375,-62.29914430195088,133.72744053293405,87.44679554650573,600.0,29.444444444444443,3
226,g94,i,G,f,1.3601875,-27.93708800193057,231.9225429852217,130.51398939863128,533.3333333333333,34.625,3
227,g95,n,G,f,2.2370625,-47.35452078878216,208.07654437837826,112.34324217559995,866.6666666666666,34.38461538461539,3
228,g96,i,G,f,2.660625,-39.92215896098101,173.26065179759033,104.32391563913292,800.0,33.0625,4
229,g97,n,G,f,0.412125,-44.617034720058946,193.040678586207,100.17632682331806,800.0,10.875,2
230,g98,n,G,f,1.9415,-38.95379456012844,295.22198137762234,161.1973498470624,450.0,43.55555555555556,4
231,p1,n,P,f,0.6258125,-33.28137857604827,125.44523646913578,101.90067634576994,900.0,14.333333333333334,2
232,p10,n,P,f,2.88375,-89.11874567411498,190.7512520383144,144.2222668082624,1022.2222222222222,11.826086956521738,9
233,p100,n,P,f,5.5060625,-74.9221884905419,174.08957125263154,125.73696641075703,600.0,91.83333333333333,4
234,p101,n,P,f,0.230875,-63.85775355273853,52.38333882608696,35.861238391673695,1200.0,3.9166666666666665,2
235,p102,n,P,f,5.7055625,-61.74994053925813,140.69147419853,101.72690647312726,550.0,103.9090909090909,4
236,p103,n,P,f,0.5904375,-68.12455622630223,177.75525741509432,133.35456880123527,1200.0,9.916666666666666,2
237,p104,i,P,f,1.5845625,-15.652814568631525,155.97581452140096,78.56396646577329,1200.0,26.5,2
238,p105,i,P,f,2.18225,-96.03630615387,142.1523499590643,120.64768506376035,640.0,27.0625,5
239,p106,n,P,f,0.6761875,-1.324763412011219,225.59774245054982,196.53429074020409,1100.0,12.454545454545455,2
240,p107,n,P,f,1.002875,-43.19828950836453,229.326170655405,157.9192377534422,800.0,7.916666666666667,6
241,p108,n,P,f,3.14725,-84.52952080978142,212.6600703168041,157.4651058188499,520.0,23.692307692307693,10
243,p11,n,P,f,1.265125,-69.72053219740953,81.06483242857138,56.26704946193679,525.0,11.666666666666666,8
244,p110,n,P,f,0.5436875,-133.3983201131185,129.93654652777775,109.15725143666334,1300.0,8.384615384615385,2
245,p111,n,P,f,2.1475625,-100.55200023568938,186.9465018209877,152.5994956895285,500.0,28.533333333333335,6
246,p112,i,P,f,1.8099375,-61.173349750137845,159.33150423461538,108.11911269089373,800.0,22.4375,4
247,p113,n,P,f,0.5436875,-41.582786072417576,165.23039246153851,143.71188794828674,1300.0,8.384615384615385,2
248,p114,n,P,f,1.6571875,-85.99994047990305,179.10190355279488,128.35287145571394,800.0,20.5,4
249,p115,n,P,f,1.7255,-73.92888814716937,143.50973997101465,93.05023069128035,600.0,22.866666666666667,5
250,p116,n,P,f,0.4170625,-45.94602846286264,166.59424358000004,100.29826507513755,1000.0,8.6,2
251,p117,n,P,f,8.8375,-61.14537764732681,234.73233395433456,140.5708800611781,550.0,160.8181818181818,4
252,p117B,n,P,f,1.1768125,-88.95828797672345,177.72439963033187,108.66693852839016,933.3333333333334,16.714285714285715,3
253,p118,n,P,f,1.598875,-46.96282083759875,246.9008896962614,174.48195923698646,1333.3333333333333,15.65,3
254,p119,n,P,f,1.1345625,-24.236362081286078,324.9395211238936,235.5446339253981,900.0,25.666666666666668,2
255,p12,n,P,f,1.6685625,-83.18532030697382,193.63105308755763,151.7043526954141,566.6666666666666,19.41176470588235,6
256,p120,n,P,f,5.94625,-77.0818900821665,214.51783851532093,145.064439610937,666.6666666666666,59.1,6
257,p121,n,P,f,2.9023125,-51.67731603909503,218.05214813174882,111.87564446246233,866.6666666666666,44.61538461538461,3
258,p122,n,P,f,1.0451875,-68.20507283884895,120.65976850980405,114.17951686302004,1100.0,19.181818181818183,2
259,p123,n,P,f,1.003,-26.84561856860588,215.29194640336138,138.3426857788761,1200.0,16.833333333333332,2
260,p124,n,P,f,2.836375,-95.80805110429067,206.60278911194047,151.3597819307323,600.0,37.666666666666664,5
261,p125,n,P,f,0.3115625,10.240594653958725,178.94564408333338,77.43528996113899,1200.0,5.25,2
262,p126,n,P,f,8.39425,-110.3207575482966,182.4816641070201,131.01793987362487,425.0,48.76470588235294,16
263,p127,n,P,f,2.3958125,-76.18028361535329,152.5293056000003,119.0268855417857,1200.0,40.0,2
264,p128,n,P,f,0.227125,-12.174289938832235,219.76179847058825,165.07062755230712,400.0,28.0,1
265,p129,n,P,f,3.4349375,-39.22683525428055,131.59746187619044,103.06007078037545,640.0,42.75,5
266,p13,n,P,f,1.2325625,-98.80113722062023,130.71818834065922,111.60317869928161,933.3333333333334,17.571428571428573,3
267,p130,n,P,f,0.986875,-32.75595939225736,270.6903823478262,172.5420211428601,800.0,16.5,3
268,p131,n,P,f,1.7205,-42.49458684292571,176.02618413023265,153.75056249586245,700.0,24.5,4
269,p132,n,P,f,0.9698125,-64.62292844155489,191.77190160952378,129.4338231309391,1100.0,17.818181818181817,2
270,p133,n,P,f,2.33675,-116.82380431911692,204.16872616444454,150.14530384793105,950.0,24.263157894736842,4
271,p134,n,P,f,0.4434375,-56.36012353982725,190.47489021052633,115.62177457695432,866.6666666666666,6.846153846153846,3
272,p135,n,P,f,0.3686875,5.324741912721266,66.70740415999998,33.39568148787658,1000.0,7.7,2
273,p136,n,P,f,1.664125,-34.08297836040409,244.25640389252328,148.0226385881117,533.3333333333333,42.25,3
274,p137,n,P,f,0.7174375,-36.46143741620738,187.23417745098038,112.98967881324256,900.0,16.333333333333332,2
275,p138,n,P,f,2.75525,-75.40219133533229,132.33186523125016,102.35853290788272,600.0,46.0,4
276,p139,n,P,f,1.06625,-38.21678376471976,212.2788235294116,115.25671849699967,1000.0,21.6,2
277,p14,n,P,f,0.469,-48.194828824613396,124.61054134883727,50.715568961253204,1100.0,8.727272727272727,2
278,p140,i,P,f,0.393625,-2.915455268412483,50.680955479166634,30.994613024194255,900.0,9.222222222222221,2
279,p141,n,P,f,1.160875,-113.18126014055971,138.01500485416688,115.27434039344732,1200.0,19.416666666666668,2
280,p142,n,P,f,1.33525,-55.33513857049274,195.0008784444445,117.6655026206812,1300.0,20.53846153846154,2
281,p143,n,P,f,0.4683125,-99.83336924639757,167.6476520666667,96.21904061655209,1300.0,7.230769230769231,2
282,p144,i,P,f,2.06275,-54.01233376293091,200.37663542592588,142.6473013134181,866.6666666666666,31.76923076923077,3
283,p145,n,P,f,1.91325,-22.508588844542675,203.51829785855307,126.22855475268797,1300.0,29.46153846153846,2
284,p146,n,P,f,0.2939375,-64.14013770651998,86.16464648000002,72.15204713343097,1100.0,5.545454545454546,2
285,p147,i,P,f,1.06125,-44.514356978632954,96.67993763025207,94.2687673529714,1200.0,17.75,2
286,p148,n,P,f,1.1409375,-20.873940106913206,249.7367813785313,130.87071906205475,1100.0,20.90909090909091,2
287,p149,n,P,f,0.9915,-10.76481163558139,222.9924440061728,133.78730108761812,1200.0,16.583333333333332,2
288,p15,n,P,f,0.9018125,-122.35597114108599,117.58611723684197,92.7719825514435,600.0,11.866666666666667,5
289,p150,n,P,f,0.742375,-20.631273678455663,222.12732107692315,201.7140917486762,1000.0,15.1,2
290,p151,n,P,f,0.8843125,-56.27568001128612,321.8533633617021,229.36936288672223,1200.0,14.833333333333334,2
291,p152,n,P,f,0.4983125,-33.41868649325233,195.60964350000003,115.58061962255856,1100.0,9.272727272727273,2
292,p153,n,P,f,0.4053125,-48.80002453911599,161.2856119230769,110.88435564218072,900.0,9.444444444444445,2
293,p154,n,P,f,3.6321875,-84.49109960659435,193.92236216666652,124.04903355839441,600.0,40.05555555555556,6
294,p155,i,P,f,0.742375,-47.60743041455877,211.15564349382717,142.34267137013444,500.0,15.1,4
295,p156,n,P,f,0.91675,-83.7352530096456,140.82227625274732,111.30538326835365,600.0,12.066666666666666,5
297,p158,n,P,f,6.7555,-94.21528950451358,174.5067307224384,124.65535230172435,500.0,135.4,4
298,p159,n,P,f,3.3943125,-20.391439185523218,200.43624326011528,107.30230108626503,1300.0,52.23076923076923,2
299,p16,n,P,f,0.525875,-88.54120827924457,225.5127523333333,168.71055924682247,866.6666666666666,8.076923076923077,3
300,p160,n,P,f,1.4965625,-104.62746678218245,139.97733305063298,107.55628194714231,866.6666666666666,23.0,3
301,p161,n,P,f,0.24025,-60.558209956163545,136.06969266666667,104.30827262816445,1000.0,5.1,2
302,p162,i,P,f,2.9425625,-31.03514370492913,166.70868896682452,103.68060366829368,833.3333333333334,23.08,6
303,p163,i,P,f,1.0516875,-26.998587130277677,133.93185769374992,79.61192697451686,600.0,23.77777777777778,3
304,p17,n,P,f,0.484625,-64.76468607448683,246.75777690000012,153.7963142787494,1300.0,7.461538461538462,2
306,p18B,n,P,f,3.6393125,-92.43601800889246,180.8510717633133,129.0847847451529,542.8571428571429,38.0,7
307,p19,n,P,f,1.1293125,-81.85101677364196,122.35451107407391,77.28204713839136,733.3333333333333,20.727272727272727,3
308,p2,n,P,f,1.49975,-65.19080320517192,150.17887250220278,118.00427357480719,1066.6666666666665,18.5625,3
309,p20,n,P,f,1.0328125,-114.61457140317721,111.86246983333326,98.81208631306679,1100.0,19.0,2
310,p21,n,P,f,4.2606875,-80.62153791494084,230.48594550345993,148.27350106935435,420.0,40.19047619047619,10
311,p22,n,P,f,1.0116875,-45.54331455605435,233.96639205232535,148.023490212317,900.0,22.88888888888889,2
312,p23,n,P,f,0.5078125,-31.575966200418165,85.95021059740253,58.32286549983622,1100.0,9.454545454545455,2
313,p24,i,P,f,2.141,-79.73531033362723,232.30400382524275,129.60574404633957,866.6666666666666,32.92307692307692,3
314,p25,i,P,f,2.2395625,-69.68578036363198,150.8449361230284,106.50334048387724,500.0,22.05,8
315,p26,i,P,f,2.93225,-113.22039925257782,133.92996708505746,87.54590971264763,866.6666666666666,45.07692307692308,3
316,p27,n,P,f,0.3544375,-118.99369777817022,170.83768263157893,143.5958816411363,1133.3333333333333,3.9411764705882355,3
317,p28,n,P,f,1.539625,-100.79888553133986,267.8765114705882,198.18031058451317,666.6666666666666,31.1,3
318,p29,n,P,f,0.43025,-49.250624842947445,166.3065987666667,91.32275054433104,1200.0,7.25,2
319,p3,n,P,f,0.6786875,-37.46251705781908,151.11000669892468,131.5753353475706,800.0,11.416666666666666,3
320,p30,n,P,f,0.41325,-84.98830470738814,151.9779361836734,98.79084512292376,1000.0,8.6,2
321,p31,n,P,f,1.531,-55.841632713818385,123.32336194881889,74.06717839183348,300.0,52.166666666666664,4
322,p32,n,P,f,0.7875,-61.34931308504599,139.51829759821436,82.14678722564953,1000.0,16.0,2
323,p33,i,P,f,2.108375,-33.19697567030961,211.625525610236,151.45031072386513,1000.0,42.5,2
324,p34,i,P,f,2.1744375,-38.084396585984045,181.7431093508198,115.19339077230833,1300.0,33.46153846153846,2
325,p35,i,P,f,2.9669375,-8.46996786190185,203.8673610076042,102.45439558594578,1000.0,59.6,2
327,p37,n,P,f,2.042375,-55.923872138483176,247.0385888381297,153.820765558211,1200.0,34.083333333333336,2
328,p38,n,P,f,1.15675,-71.19538145274039,158.97839526351345,104.66816582931325,1000.0,11.2,4
329,p39,n,P,f,2.569375,-83.11548243962885,241.88098474157297,179.48967429772463,520.0,39.53846153846154,5
330,p4,n,P,f,0.407,-66.01191832267003,265.7141891621621,191.13203532645073,650.0,6.230769230769231,4
331,p40,n,P,f,1.4039375,-107.7488952107589,128.39373269117652,88.86213599612188,800.0,23.5,3
332,p41,n,P,f,0.7164375,-75.62718584367603,241.83210831481486,189.37146866261824,1000.0,9.4,3
333,p42,n,P,f,1.9651875,-31.294963649073868,291.56348341836775,158.2598844613532,800.0,49.75,2
334,p43,n,P,f,0.3273125,-36.8312230830179,51.00392246666667,24.39648458776327,1000.0,6.8,2
335,p44,n,P,f,0.476125,-68.04184438271575,42.12318988679245,27.225604835934437,680.0,5.352941176470588,5
336,p45,n,P,f,0.7589375,-34.71728318013874,156.66961928846138,131.03771181852557,520.0,11.692307692307692,5
337,p46,i,P,f,2.177625,-120.9671200723414,158.32006395260674,123.52116283209648,472.72727272727275,16.26923076923077,11
338,p47,n,P,f,2.589375,-95.58200342804987,168.47541244376856,136.2616486140757,550.0,23.136363636363637,8
339,p48,n,P,f,5.650125,-124.10844681742137,187.35093183681215,139.32779561096345,350.0,31.65714285714286,20
340,p49,n,P,f,0.510875,-62.04493907562685,49.185519621621644,38.95676251590945,1066.6666666666665,6.1875,3
341,p5,n,P,f,4.245,-79.1531356858877,180.1538686934156,133.95763518417886,418.18181818181813,36.47826086956522,11
343,p51,i,P,f,1.212125,-29.15081166152555,147.27267733333335,126.81595823869552,1000.0,24.5,2
344,p52,n,P,f,0.806375,-124.24859456439049,137.59297990816324,98.45209097500003,1133.3333333333333,9.235294117647058,3
345,p53,n,P,f,3.2356875,-61.21259328157605,181.20149039235417,110.54903870820803,933.3333333333334,14.714285714285714,9
346,p54,n,P,f,1.8021875,-34.06388434742625,180.24831110954062,101.926579803513,550.0,32.90909090909091,4
347,p55,n,P,f,1.0228125,-70.89556595155865,84.2271061363635,68.90663094755018,1100.0,18.818181818181817,2
348,p56,n,P,f,4.4178125,-56.84617060342777,175.72757030354376,105.15771418206113,520.0,33.5,10
349,p57,n,P,f,0.2960625,-37.7154069276668,237.12574874358978,128.14839795563321,850.0,3.235294117647059,4
350,p58,n,P,f,2.3850625,-63.819526543314566,122.5803833364486,87.44518037730936,800.0,39.833333333333336,3
351,p59,n,P,f,0.6109375,-20.10647756345848,264.905901712766,147.0765304638516,733.3333333333333,11.272727272727273,3
352,p6,n,P,f,1.9363125,-40.25343679155479,156.4263346074077,113.29082207467192,560.0,27.571428571428573,5
353,p60,i,P,f,1.29175,-73.06547987123224,185.71739433333332,146.96549457761546,600.0,29.11111111111111,3
354,p61,n,P,f,2.005,-110.73479175854041,129.299673485849,104.72851614173824,633.3333333333333,20.789473684210527,6
355,p62,n,P,f,1.048625,-3.6787823340077286,73.88138259615384,63.80763042855309,1200.0,17.583333333333332,2
356,p63,n,P,f,1.043625,-45.451457757106894,116.47737830057811,84.84598839790274,680.0,12.058823529411764,5
357,p64,n,P,f,0.8540625,-95.4954053121258,207.75757707526887,139.77229059562404,800.0,10.5,4
358,p65,n,P,f,1.09225,-65.21309228258264,134.79505511585361,89.18280959778548,1300.0,16.76923076923077,2
359,p66,n,P,f,0.438125,-62.345499975660495,194.0708257192983,158.8337175750421,466.6666666666667,13.428571428571429,3
360,p67,n,P,f,2.447875,-48.6636864420763,199.23717230303023,110.68076175818605,1450.0,16.344827586206897,4
361,p68,n,P,f,2.0384375,-10.858800484558042,251.19071859393964,116.82786694192536,1300.0,31.384615384615383,2
362,p69,n,P,f,0.370625,15.16082295817035,218.52843161702134,127.39007790643458,1200.0,6.25,2
363,p70,n,P,f,0.46975,-103.54230787171194,56.856165769230756,52.66159506424437,720.0,4.944444444444445,5
364,p72,n,P,f,3.9038125,-69.25688859304776,146.35586648051924,91.32211216377378,461.5384615384615,25.466666666666665,13
365,p73,n,P,f,0.2094375,-70.50980878609312,71.34802931818184,44.88680007278221,1300.0,3.230769230769231,2
366,p74,n,P,f,2.611125,-128.44636557909,130.28486416709515,87.61578578196006,435.2941176470588,13.45945945945946,17
367,p75,n,P,f,1.662625,-22.018035121843337,206.61865040202747,67.49241175925457,1100.0,30.454545454545453,2
368,p76,n,P,f,3.411,-106.82525957135881,164.04930185209693,109.86700555527489,933.3333333333334,48.642857142857146,3
369,p77,n,P,f,1.276625,-63.505639395034436,192.53634269784177,133.1176134379249,433.3333333333333,19.615384615384617,6
370,p78,n,P,f,4.4373125,-44.60269777202565,181.6525715778688,99.64142277258605,640.0,55.25,5
371,p79,n,P,f,0.371,-1.1316059641449387,189.843146640625,61.90315706134668,1066.6666666666665,4.4375,3
372,p7,i,P,f,0.4465625,-72.25342047853283,166.39936188888896,102.97339892670632,900.0,10.333333333333334,2
373,p80,n,P,f,0.4675,-33.57764207846607,164.86127647761194,90.14020407127096,1000.0,9.6,2
374,p81,n,P,f,1.7319375,-71.83614502635292,225.34012428979565,142.6461927121168,560.0,24.642857142857142,5
375,p82,n,P,f,2.1903125,-41.743729192428866,191.96951956907907,138.09015673683007,666.6666666666666,44.1,3
376,p83,n,P,f,1.7055,-38.41586139658117,176.42816004385975,129.2498573146003,800.0,28.5,3
377,p84,n,P,f,0.516125,-68.29582058109992,120.6560153943662,87.5337519568327,600.0,5.444444444444445,6
378,p85,n,P,f,0.423875,-72.08171776050419,54.815045068181796,37.38565668165113,933.3333333333334,6.0,3
379,p87,n,P,f,1.2888125,-65.9452653899114,198.3922200521741,152.97832914877537,750.0,17.066666666666666,4
380,p88,n,P,f,1.4053125,-39.13549113165851,205.79491670114948,127.79473232489242,600.0,23.5,4
381,p89,n,P,f,3.2709375,-83.02396804169588,183.33728287560967,128.60291178193606,800.0,54.583333333333336,3
382,p8,i,P,f,1.1641875,-72.17089291094265,236.58740927067686,157.90797997788297,700.0,16.571428571428573,4
384,p90,n,P,f,3.8449375,-61.957324657691004,209.32944195595906,150.76747979569058,760.0,40.1578947368421,5
385,p91,n,P,f,1.8770625,-72.12639728574798,182.8332166600002,120.59114786392419,400.0,18.4,10
386,p92,n,P,f,2.2201875,-70.40522569642896,209.93939101960814,164.77522762361437,1200.0,37.083333333333336,2
387,p93,n,P,f,1.81775,-72.72126309482213,204.98301058048807,143.74196950574168,800.0,30.416666666666668,3
388,p94,n,P,f,1.6890625,-74.86746074152447,202.56920213013709,154.01800142680742,450.0,38.0,4
389,p95,i,P,f,1.103125,-36.76909889786622,99.16385228143729,73.16766004848604,1100.0,20.272727272727273,2
390,p96,n,P,f,1.1958125,-19.69137328312175,147.47976824537022,103.50069325394422,1000.0,24.2,2
391,p97,n,P,f,2.139375,-44.63419429742337,192.712425114706,91.26784713775716,933.3333333333334,30.5,3
392,p98,n,P,f,5.9864375,-111.46856262309305,161.38854550624976,130.0183169229244,577.7777777777777,45.53846153846154,9
393,p99,n,P,f,7.967125,-98.4698590436612,166.77261762332498,127.36760866860892,457.1428571428571,99.375,7
394,r10,n,R,nb,1.7116875,-57.1631175440893,266.18441571875,184.9506166065939,933.3333333333334,24.357142857142858,3
395,r100,n,R,nb,2.3725625,-60.72801337607186,154.23281143771027,97.91799476213015,381.8181818181818,22.238095238095237,11
396,r101,n,R,nb,3.6934375,-54.23841709010325,180.43142046503507,99.12861869422011,680.0,43.23529411764706,5
397,r102,n,R,nb,0.4303125,-49.16710899477752,213.34465720754727,148.0566362486108,1100.0,8.0,2
398,r103,n,R,nb,5.9829375,-81.08397444490201,172.1544236354752,113.34818244874575,707.6923076923076,12.152173913043478,26
399,r104,i,R,nb,2.3505625,-28.161502927818763,174.59126337704896,89.87620360412834,800.0,29.1875,4
400,r105,n,R,nb,0.36925,-35.90465420761444,190.22761089583344,110.06589568101639,1100.0,6.909090909090909,2
401,r106,n,R,nb,6.541125,-49.947115374172554,186.49164828877144,105.31218661928388,428.57142857142856,87.06666666666666,7
403,r108,n,R,nb,0.540375,-85.8444755884075,147.50103624561407,105.52664720481796,1100.0,10.0,2
404,r109,n,R,nb,1.2938125,-8.2378667584493,249.39431123394505,99.42648715316362,933.3333333333334,18.428571428571427,3
405,r11,n,R,nb,2.029625,-103.68470503208742,253.54981584795343,194.84777321913919,511.1111111111111,17.217391304347824,9
407,r111,n,R,nb,0.523375,-109.25342016729512,223.33857302777784,180.78755836244113,633.3333333333333,5.2105263157894735,6
408,r112,n,R,nb,0.6669375,-79.63133713881929,179.84408033333335,127.03324435748866,575.0,5.3478260869565215,8
409,r113,n,R,nb,4.8501875,-62.99187873927731,160.7509313281247,100.9846243844742,487.5,24.205128205128204,16
410,r114,n,R,nb,3.42925,-54.19080345411941,139.7536461305219,78.34807170596751,760.0,35.78947368421053,5
411,r115,n,R,nb,1.6680625,-27.766732681095963,180.15418443984936,83.90087098914854,1300.0,25.692307692307693,2
412,r116,n,R,nb,0.7743125,-57.952267897499404,175.2975214516128,108.64954359264146,1600.0,9.5,2
413,r117,n,R,nb,0.40825,-72.09830603054236,198.66752652830192,114.5938013936019,850.0,4.588235294117647,4
414,r118,n,R,nb,0.668875,-66.61305762616522,340.7028410864196,216.64569285003637,1300.0,10.307692307692308,2
415,r119,n,R,nb,0.958625,-52.17116369379669,184.70924986666662,107.61097149055071,1050.0,8.761904761904763,4
416,r12,n,R,nb,3.3436875,-120.59692767375556,170.9354936088562,135.26191500306942,458.82352941176464,16.487179487179485,17
417,r120,n,R,nb,0.3408125,-0.46487347265025925,174.56971422222225,102.83153571851498,1300.0,5.230769230769231,2
418,r121,n,R,nb,4.5445625,-56.99244892478018,210.67837711698647,124.91712592454371,583.3333333333333,25.34285714285714,12
419,r122,i,R,nb,2.9365625,-44.77523998299625,186.28363960000027,95.3974433500702,700.0,27.571428571428573,6
420,r123,n,R,nb,3.601375,-50.55876047761566,219.9368274888888,126.4038531744333,485.71428571428567,42.11764705882353,7
421,r124,n,R,nb,0.476125,-73.96622524644778,201.49954841071434,126.11388278638971,760.0,4.684210526315789,5
422,r125,n,R,nb,0.352,-74.65850558029707,249.86904563888888,170.85859854710358,1000.0,7.3,2
423,r126,i,R,nb,3.0185,-59.18702332054368,204.2379092082382,116.52672269255903,1066.6666666666665,37.5625,3
424,r127,i,R,nb,1.342375,-77.83350763301058,128.40655934999998,92.99540275160646,628.5714285714286,11.772727272727273,7
425,r128,n,R,nb,0.3195625,-91.21286287674833,159.78145606451616,117.15691090459396,1300.0,4.923076923076923,2
426,r129,n,R,nb,0.211375,-27.656148037194516,149.9224854347826,96.950860177159,1200.0,3.5833333333333335,2
427,r130,n,R,nb,2.886125,-71.23568550302186,180.7145259729728,111.76816027722026,866.6666666666666,21.692307692307693,6
428,r131,n,R,nb,0.2655,-107.01949641452359,79.8885164,61.67810832052104,1000.0,5.6,2
429,r132,n,R,nb,0.3906875,-61.41050195357265,184.50539580434776,123.89323475575554,1266.6666666666665,3.789473684210526,3
430,r133,n,R,nb,2.42425,-54.18197117042044,155.77056786238512,99.4617428750711,571.4285714285714,23.9,7
431,r134,i,R,nb,1.60725,-68.35542023137411,165.65115955978257,116.51871023947999,755.5555555555555,8.823529411764707,9
432,r135,i,R,nb,2.394,-56.580523790872064,167.59792002678546,96.60254218924966,600.0,22.428571428571427,7
433,r136,n,R,nb,2.8753125,-53.09595525142808,193.22405384023688,97.61801306905004,400.0,72.5,4
434,r137,n,R,nb,1.140875,-50.52023462454057,210.6307673355265,121.17814820644625,1100.0,20.90909090909091,2
435,r138,n,R,nb,0.346625,-95.71976835983135,292.7015525,257.482385372168,1200.0,5.833333333333333,2
436,r139,n,R,nb,0.659625,-30.571448544189515,119.50364762162155,76.38889574281676,600.0,15.11111111111111,3
437,r13,i,R,nb,1.96375,-59.763178445797045,251.23240854615395,162.05993558273076,600.0,44.111111111111114,3
438,r14,n,R,nb,2.1089375,-74.51513790691084,180.23065337407414,115.26555915373049,633.3333333333333,21.894736842105264,6
439,r140,n,R,nb,4.936375,-62.555640558092556,156.74597523662877,99.42377461792657,630.0,14.873015873015873,20
440,r141,n,R,nb,0.419375,-18.38470648404866,152.0202319589041,54.28493641860741,1500.0,5.466666666666667,2
441,r143,n,R,nb,0.39525,-42.12244886352306,208.43428038888877,118.47196019433112,1000.0,8.2,2
442,r144,n,R,nb,3.466875,-60.53270593114776,194.44541148717906,116.83710131906825,472.72727272727275,26.153846153846153,11
443,r145,n,R,nb,0.8865,-102.85838701757444,187.00502735632182,145.4274985947633,933.3333333333334,12.571428571428571,3
444,r146,i,R,nb,0.9675625,-135.20858804122224,193.18208974683543,158.38399958174844,900.0,4.75,8
445,r147,n,R,nb,3.4560625,-51.1428687135525,218.0142428340078,138.9202354815665,720.0,38.111111111111114,5
446,r149,n,R,nb,2.2543125,-74.89435773140342,260.8889477068274,193.51536679263603,525.0,21.095238095238095,8
447,r15,n,R,nb,0.43575,-109.36083842906244,137.23643017499998,104.86356613101698,600.0,5.666666666666667,5
448,r150,n,R,nb,1.4164375,-45.56470168024337,183.3924525507244,99.79263886243508,566.6666666666666,16.41176470588235,6
449,r151,n,R,nb,3.637125,-63.32358616765798,172.2919417228381,117.42819081793589,640.0,45.25,5
450,r152,n,R,nb,7.314375,-78.81020966084814,166.41661429633817,115.52425999923929,400.0,28.52,25
451,r153,n,R,nb,4.152125,-58.960952417086716,195.35648643253194,125.32487462081495,366.66666666666663,37.31818181818182,12
452,r154,n,R,nb,1.0648125,-42.065285785396675,178.21958396296287,108.64273249264855,1200.0,17.833333333333332,2
453,r155,n,R,nb,1.8915,-62.76532318984584,132.77032013333329,87.94664268462115,440.0,16.772727272727273,10
454,r156,n,R,nb,5.8628125,-66.01399270095038,161.02546728373216,105.11462447534092,505.2631578947368,23.708333333333332,19
457,r159,n,R,nb,1.1783125,-45.865243077507806,155.38200132903222,93.9784008808665,1300.0,18.153846153846153,2
459,r161,n,R,nb,3.3219375,-68.35405683910767,139.74285787768218,86.83193033624208,459.99999999999994,28.434782608695652,10
460,r162,n,R,nb,5.036125,-76.925094874992,189.84040419087722,128.52648634342881,435.71428571428567,15.721311475409836,28
461,r163,n,R,nb,0.5299375,-128.18534173913395,167.98629300000002,143.01862786009733,1300.0,8.153846153846153,2
462,r164,n,R,nb,8.3054375,-42.45092686297261,169.31264889984124,93.93253740045942,452.6315789473684,37.93023255813954,19
463,r165,n,R,nb,1.5835,-37.18520931578852,126.33234739676102,71.415187377389,1300.0,24.384615384615383,2
465,r167,n,R,nb,4.6633125,-67.37911457412088,140.5550292719595,94.89164177911796,480.0,25.27777777777778,15
466,r168,n,R,nb,7.4573125,-62.46663237177735,161.26324692782455,106.34858768579373,428.57142857142856,32.422222222222224,21
467,r169,n,R,nb,1.2755625,-41.457063565702235,94.13860918343194,65.88849197217259,866.6666666666666,19.615384615384617,3
468,r16,i,R,nb,0.6921875,-7.6514175707320815,170.31520017924527,102.57618603169371,1200.0,11.583333333333334,2
469,r170,n,R,nb,3.80425,-85.5203043124441,158.36143982657646,112.30323834507139,372.7272727272727,17.878048780487806,22
470,r171,n,R,nb,0.6708125,-85.63034392807462,186.86273692187507,147.25153417488738,866.6666666666666,10.307692307692308,3
471,r172,n,R,nb,2.5723125,-40.948526472364435,151.84296892270515,87.28089110445507,700.0,36.642857142857146,4
472,r173,n,R,nb,3.3179375,-67.70452792314887,195.99225238999955,128.17976153621447,422.22222222222223,34.63157894736842,9
474,r175,n,R,nb,0.320375,-14.398944291899848,79.80955700000005,32.46624940754968,933.3333333333334,4.5,3
475,r176,n,R,nb,1.06525,-19.759380244324703,178.636218902174,72.47177326371813,520.0,16.384615384615383,5
476,r177,n,R,nb,6.066875,-80.01760790317422,168.24048224709338,115.4651351620607,488.8888888888889,26.863636363636363,18
477,r178,n,R,nb,6.7470625,-88.06161994115432,166.48215968421067,112.6445193451993,364.70588235294116,42.935483870967744,17
478,r179,n,R,nb,6.3716875,-80.75442901384575,172.71107545222918,109.95227101092846,505.88235294117646,28.930232558139537,17
479,r17,i,R,nb,2.2014375,-67.1587529550506,189.097238168421,125.09221242192918,720.0,24.166666666666668,5
480,r18,n,R,nb,0.84725,-50.227089950901544,199.6149371440001,102.24321612140224,1400.0,12.0,2
481,r180,n,R,nb,3.756375,-49.967576124094016,202.17131434011057,115.51646300721967,657.1428571428571,32.21739130434783,7
482,r181,n,R,nb,5.3714375,-75.51807358884345,158.82320504870614,104.3255961735176,430.0,24.27906976744186,20
483,r182,n,R,nb,7.613625,-71.90231296043669,187.18122463906073,116.35382578153134,527.2727272727273,51.96551724137931,11
484,r184,n,R,nb,3.223375,-67.10029524329356,148.4250966993164,89.77687827332907,389.4736842105263,16.783783783783782,19
485,r185,n,R,nb,5.4180625,-68.32318130621155,165.90340146857136,105.76471755691647,733.3333333333333,23.931818181818183,12
486,r186,n,R,nb,7.8393125,-74.30483738257854,172.992685365854,115.47397051268653,492.3076923076923,48.40625,13
487,r187,n,R,nb,0.40225,-118.79627249359658,109.03396688888893,89.90603254638059,650.0,6.153846153846154,4
488,r188,n,R,nb,3.0493125,-55.658192377802116,169.77106416279074,94.11682068551644,700.0,43.5,4
489,r189,n,R,nb,2.2738125,-42.85889344259626,239.80629448816555,133.55879985291458,566.6666666666666,26.529411764705884,6
490,r19,n,R,nb,1.2688125,-64.14626483749599,265.7065299155845,170.18619816317587,933.3333333333334,18.071428571428573,3
491,r190,n,R,nb,1.896375,-98.79764461917708,230.3172769655175,170.70662662429672,422.22222222222223,19.63157894736842,9
492,r191,n,R,nb,1.638875,-38.79768023492086,222.4039216294822,119.54568944401662,1300.0,25.23076923076923,2
493,r192,n,R,nb,0.934375,-44.82025729491382,179.07185364925382,94.65433671148618,600.0,15.666666666666666,4
494,r193,n,R,nb,1.7748125,-82.97969853177206,211.71742393838858,149.49428540673924,560.0,25.285714285714285,5
495,r194,n,R,nb,1.2073125,-33.35012726855673,162.16829162189055,98.15881935468651,1200.0,20.166666666666668,2
496,r195,n,R,nb,1.5883125,-55.20260034110446,171.754144304348,96.9777141732442,750.0,21.066666666666666,4
497,r197,n,R,nb,0.65975,-38.99067201531147,191.8263033617022,108.36237783330894,750.0,8.666666666666666,4
498,r198,n,R,nb,0.574,-73.20970138041993,163.8137398285714,105.13997395875093,750.0,7.533333333333333,4
499,r199,n,R,nb,1.2173125,-17.912949306992576,216.81442345933044,87.11887421306427,1200.0,20.333333333333332,2
500,r20,n,R,nb,2.1788125,-62.99997166007229,176.34325735403718,95.37933964365686,514.2857142857143,23.944444444444443,7
501,r200,n,R,nb,1.5389375,-38.61129237766676,197.96481670292894,100.15375813416708,933.3333333333334,21.928571428571427,3
503,r202,n,R,nb,6.57825,-58.9687112693848,174.50004739494892,105.34800283527836,418.18181818181813,27.891304347826086,22
504,r203,n,R,nb,4.332125,-61.83369015472478,176.5320762253033,109.15540487481825,400.0,32.80769230769231,13
505,r204,n,R,nb,6.4925,-93.73588114736992,164.70323377562366,112.98970588280828,348.14814814814815,26.893617021276597,27
506,r206,n,R,nb,4.8439375,-75.94865428698931,208.81400174460464,144.7496991916144,280.0,34.07142857142857,20
507,r207,n,R,nb,3.72825,-48.05820823024768,197.63538812452114,121.39963630761783,600.0,35.142857142857146,7
508,r208,n,R,nb,1.281625,-30.93746958259333,221.83603930051805,117.91346282541687,866.6666666666666,19.692307692307693,3
509,r209,n,R,nb,2.3538125,-86.7247909728893,165.02494534962383,109.81532617034196,600.0,25.88888888888889,6
510,r210,n,R,nb,1.0243125,-58.36325076579506,187.73643430000007,136.000856184019,1200.0,17.166666666666668,2
511,r211,n,R,nb,7.54325,-109.38205720110791,166.1690219828817,127.24972143472343,422.22222222222223,79.10526315789474,9
512,r213,n,R,nb,5.0643125,-77.43009306039082,168.62438093399336,114.13021436947977,600.0,67.4,5
514,r215,n,R,nb,2.2680625,-58.81289925695471,179.9451498435372,119.41162452684729,371.42857142857144,34.92307692307692,7
515,r216,n,R,nb,0.9814375,-47.86405261510782,174.7247304887216,97.70511216215134,1200.0,16.416666666666668,2
516,r218,n,R,nb,6.4004375,-63.7041084952082,166.42472711793673,107.88459414261592,781.25,9.344,32
517,r219,n,R,nb,1.7319375,-68.27588127198982,197.17380068936185,121.9513783703876,1200.0,18.944444444444443,3
518,r22,n,R,nb,1.9904375,-42.79782490785429,174.13775021283757,88.43037171362009,600.0,26.4,5
519,r220,n,R,nb,2.3438125,-116.09105440056919,159.45337332110105,127.5787025801946,457.1428571428571,29.125,7
520,r221,n,R,nb,0.3595625,-55.8036645506545,147.94498512499993,91.16621230698459,933.3333333333334,5.071428571428571,3
521,r222,n,R,nb,0.4024375,-108.27361249907996,170.420830625,141.47813419767905,1100.0,7.454545454545454,2
522,r223,n,R,nb,0.423875,-43.12321358796076,155.45672836734693,107.39583589718244,733.3333333333333,7.909090909090909,3
523,r224,n,R,nb,6.7811875,-85.71783819662889,155.10163817971704,107.20940637773977,511.1111111111111,58.52173913043478,9
524,r226,n,R,nb,0.7455,-62.01787509158391,170.13959111249994,114.22516063932517,1200.0,12.5,2
525,r227,n,R,nb,0.376,-88.49893919832265,173.63420673684215,120.23612356114623,1466.6666666666665,3.0,3
526,r228,n,R,nb,1.81775,-33.514368753913345,176.81527445993058,85.19692904395602,1300.0,28.0,2
527,r229,n,R,nb,0.531125,-71.34976784989041,189.00047536065563,124.83651689427569,650.0,8.153846153846153,4
528,r230,n,R,nb,1.303125,-16.122449114725132,197.91435116831715,92.83229353970827,1300.0,20.076923076923077,2
529,r231,n,R,nb,1.7649375,-65.54600720581547,126.32496535897417,87.02590383935237,800.0,29.5,3
530,r232,n,R,nb,0.374875,-64.5141458909927,298.52614751515154,218.86884596237297,500.0,16.6,2
531,r233,n,R,nb,0.374875,-30.69811809152725,174.25125964814822,87.35164912065402,1100.0,7.0,2
532,r234,n,R,nb,0.35375,-18.132385841047547,167.30785973584904,79.54589988328874,1100.0,6.636363636363637,2
533,r235,n,R,nb,4.5093125,-61.29213412844985,177.7417335989761,109.4989712075193,953.8461538461538,13.758064516129032,13
534,r236,n,R,nb,3.271625,-33.382135944210724,155.79195379999933,74.0405209628056,1100.0,19.21212121212121,6
535,r237,n,R,nb,4.5323125,-102.94769025906201,163.1418819156908,119.98645268246499,1400.0,2.6468253968253967,36
536,r238,n,R,nb,0.986875,-59.17231486728507,148.15593201492524,96.96774134110738,1200.0,16.5,2
537,r239,n,R,nb,0.3115625,-71.54282054964266,189.43609011111116,140.91240791830487,733.3333333333333,5.818181818181818,3
538,r23,i,R,nb,3.6063125,-37.81646732250433,177.63165312209333,98.1869872068222,480.0,29.583333333333332,10
539,r241,n,R,nb,4.08975,-111.20365006244612,188.4984822674423,141.28096843351761,969.9999999999999,7.56701030927835,20
540,r242,n,R,nb,6.072875,-62.16304726869615,230.47474178580575,150.15047914817572,840.0,57.476190476190474,5
541,r243,n,R,nb,1.87325,-69.72990035481895,157.74368792181082,99.40823451434909,1050.0,17.476190476190474,4
542,r244,n,R,nb,0.6491875,-37.52402521378647,127.34595211702134,78.1021349858926,1200.0,10.916666666666666,2
543,r245,n,R,nb,0.5648125,-54.87269819029845,173.0181693285714,106.4558369885406,400.0,14.75,4
544,r246,n,R,nb,0.24825,-32.95143704703364,100.62482655263166,52.639274547054576,1100.0,4.7272727272727275,2
545,r247,n,R,nb,2.210875,-22.82561324784414,244.61664331978312,116.9498258860409,1000.0,44.5,2
546,r249,n,R,nb,0.885375,-48.91518883128527,328.0368890545454,198.22012844167028,800.0,14.833333333333334,3
547,r25,n,R,nb,0.8661875,-36.00617675945292,170.4513019689924,88.99628059012323,933.3333333333334,12.285714285714286,3
548,r250,n,R,nb,4.93325,-73.3018792561271,147.6790927201985,97.58284716914864,750.0,65.66666666666667,4
549,r251,n,R,nb,1.636125,-41.943719329091245,175.3683522823529,84.59866425491131,622.2222222222222,11.142857142857142,9
550,r252,n,R,nb,2.095375,-74.38735062232244,170.6862536181099,111.63010524293216,522.2222222222222,8.191489361702128,18
551,r253,n,R,nb,2.205875,-53.56936336060681,197.6823562252255,119.81748819958767,600.0,20.61904761904762,7
552,r254,n,R,nb,0.3115625,-30.417506786171217,174.3323522105263,105.49607277627759,1200.0,5.25,2
553,r255,n,R,nb,1.3145,-53.55429438858311,195.13834825568185,114.18561892323683,1300.0,20.23076923076923,2
554,r256,n,R,nb,4.6750625,-66.51435621155215,173.84135537878856,100.39339048776888,550.0,42.09090909090909,8
555,r257,n,R,nb,2.5485625,-58.51535251270445,149.88225227195446,90.42510568548742,800.0,31.6875,4
556,r258,n,R,nb,2.717375,-54.75536316144833,222.680258057637,141.57366272291077,733.3333333333333,49.54545454545455,3
557,r259,n,R,nb,2.8861875,-40.069313201007844,174.04835314351863,101.79187822009892,560.0,41.142857142857146,5
558,r260,n,R,nb,0.5648125,-24.26626331283681,158.7929399999999,74.58571763041446,1000.0,11.6,2
559,r261,n,R,nb,1.831,-96.7977754155125,230.49980305494535,165.23655779940844,966.6666666666666,12.068965517241379,6
560,r262,n,R,nb,8.774125,-79.48761499492838,183.49138167216276,120.44084495004056,657.6923076923076,9.339181286549708,52
561,r263,n,R,nb,0.4170625,-82.57546731070042,109.6989456122449,77.50855543408078,800.0,7.0,3
562,r264,n,R,nb,7.4235,-73.37103381351616,199.61161365781206,128.0986503440463,536.8421052631579,28.372549019607842,19
563,r265,n,R,nb,1.704375,-60.89872732946482,185.09509399107134,109.85525326276955,900.0,38.333333333333336,2
564,r266,i,R,nb,2.0159375,-47.18324348709852,255.7690369288255,152.36410738197753,1200.0,33.666666666666664,2
565,r267,n,R,nb,0.3686875,-19.539579785977498,216.6022847017544,95.2438505435295,1300.0,5.6923076923076925,2
566,r268,n,R,nb,1.8385,-70.78013770306043,198.50394968778275,128.5424378639525,1300.0,28.307692307692307,2
568,r26,i,R,nb,2.253,-56.43207159705486,192.92868391411054,111.0713721596328,933.3333333333334,32.142857142857146,3
570,r271,n,R,nb,2.2121875,-53.47005937385931,179.9768004234231,113.47924255466404,550.0,40.36363636363637,4
573,r275,n,R,nb,6.8906875,-91.35070472426342,179.047307718708,130.42018933844034,560.0,98.35714285714286,5
574,r276,n,R,nb,2.1374375,-48.36241718506487,176.72276845172385,102.15658882430041,1200.0,35.666666666666664,2
575,r277,n,R,nb,3.6321875,-24.278992570929685,220.8646509089431,98.29353402984374,700.0,51.785714285714285,4
576,r278,n,R,nb,2.1823125,-55.50266187885878,185.1061452207791,106.44621040562305,1200.0,36.416666666666664,2
577,r279,n,R,nb,3.921375,-23.33589960359793,173.72072737650558,78.31395884167685,650.0,60.30769230769231,4
578,r27,i,R,nb,1.6293125,-74.62228861257532,160.42499800436678,96.08954869166251,566.6666666666666,18.941176470588236,6
579,r28,n,R,nb,4.4579375,-91.41396842340534,189.2451163873082,135.1637027082718,355.0,11.746478873239436,40
580,r280,n,R,nb,0.9763125,-26.163447618191572,190.2522916486487,91.45399531947497,733.3333333333333,17.90909090909091,3
581,r281,n,R,nb,6.771125,-63.92915862755746,183.9020076986911,108.20699491823913,600.0,90.13333333333334,5
582,r282,n,R,nb,1.91325,-57.73103856877685,195.44268245228244,130.59058268802983,1600.0,8.9,5
583,r283,i,R,nb,2.361625,-48.083154742586025,176.79988452252223,105.18900482698974,600.0,52.888888888888886,3
584,r284,n,R,nb,1.988,-69.80959969882886,226.14609216734706,146.2005889154685,1300.0,30.615384615384617,2
585,r285,n,R,nb,1.1409375,-94.84843472852428,172.90321996694215,122.10687771641035,1200.0,19.083333333333332,2
586,r286,n,R,nb,0.49325,-89.40306105309405,159.7160245576923,111.87965556322406,1300.0,7.615384615384615,2
587,r287,n,R,nb,4.3223125,-53.95915650101113,168.09843434113677,97.35063245239915,733.3333333333333,78.72727272727273,3
588,r288,n,R,nb,1.6890625,-47.62642128539199,168.9251631496062,88.56175922283373,566.6666666666666,19.647058823529413,6
589,r289,n,R,nb,5.346125,-58.75754674618751,168.1765728609182,107.75313117987288,600.0,71.13333333333334,5
590,r29,n,R,nb,2.734875,-32.121952114873054,277.57152603631874,144.4573945505813,650.0,42.07692307692308,4
591,r290,n,R,nb,3.084125,-56.94090087875755,183.35084727126417,107.19341491092396,933.3333333333334,44.0,3
592,r291,n,R,nb,0.667625,-67.99753750858976,188.4289442432432,124.01015975718985,1100.0,12.363636363636363,2
593,r292,n,R,nb,0.7673125,-32.46287854636683,197.41936244339635,106.9698919932165,1100.0,14.090909090909092,2
594,r293,n,R,nb,6.56825,-33.55842422504365,170.85133824621232,89.62721753940365,700.0,36.91428571428571,10
595,r294,n,R,nb,1.6391875,-32.63128693827384,257.3131570680003,137.9103082700382,1000.0,33.1,2
596,r295,n,R,nb,1.3850625,-51.202176725765334,168.03983321524663,94.88009543547975,1200.0,23.166666666666668,2
597,r296,n,R,nb,0.4085,-94.41041279238323,145.46138845652166,101.96810170080126,850.0,4.588235294117647,4
598,r297,i,R,nb,1.8580625,-82.77578071284088,241.50128547058833,174.94851533285373,1066.6666666666665,23.0625,3
599,r298,n,R,nb,0.3843125,-97.11045496513903,147.92689102127665,111.96427810588027,1200.0,6.5,2
600,r299,n,R,nb,7.6091875,-78.16397508217604,178.01272582475465,117.93467446324273,375.0,24.583333333333332,32
601,r30,n,R,nb,5.63625,-88.61310296959206,173.62591875811722,120.81119837718127,340.0,21.352941176470587,30
602,r300,i,R,nb,1.0763125,-69.81865214850154,187.05485402877702,131.81310938078917,1000.0,21.8,2
603,r301,n,R,nb,2.9981875,-39.717261328252036,194.87556667562032,102.00003118494453,733.3333333333333,54.72727272727273,3
604,r302,n,R,nb,2.41425,-87.26396913716425,205.16524573221767,150.15073731338353,850.0,28.176470588235293,4
605,r303,n,R,nb,3.8324375,-73.33793273444688,239.3909433895215,165.50058241484535,750.0,50.93333333333333,4
606,r304,n,R,nb,0.412125,-46.88767144374094,135.39215957142864,87.18224096683606,1200.0,6.916666666666667,2
607,r305,n,R,nb,1.1856875,-108.04634510896143,197.55216134020625,152.26333938245392,600.0,26.77777777777778,3
608,r306,n,R,nb,0.3286875,-60.95068918239893,173.58463489655168,128.17907173913335,1300.0,5.076923076923077,2
609,r307,n,R,nb,1.028125,-48.96163414127506,190.8876975474453,108.29059381486718,1200.0,17.25,2
610,r308,n,R,nb,0.773625,-26.99639471925143,102.9688780165289,67.71255282157757,500.0,15.8,4
611,r309,n,R,nb,4.352375,-49.927713689094425,151.00171317261888,89.38421933942632,566.6666666666666,50.94117647058823,6
612,r31,n,R,nb,5.7015,-65.27110528362236,169.80109932816526,99.92563457160297,409.09090909090907,24.622222222222224,22
613,r32,n,R,nb,1.4806875,-56.6651596812232,177.03467630198037,99.52893629794592,1000.0,29.9,2
614,r33,n,R,nb,3.76725,-78.7077267290047,230.60368878072256,157.4832581895279,416.6666666666667,29.64,12
615,r34,n,R,nb,3.7938125,-72.4461232634661,167.0906697280511,107.26427461938175,384.61538461538464,29.88,13
616,r35,n,R,nb,0.939375,-60.20478913483261,207.72884152898567,108.01277355846601,800.0,15.75,3
617,r36,n,R,nb,4.0594375,-65.57031130342585,168.29350118032806,98.57772070800377,577.7777777777777,30.73076923076923,9
618,r37,n,R,nb,3.2839375,-69.2771534958689,147.27398773514847,105.43010782911946,650.0,50.53846153846154,4
619,r38,n,R,nb,0.255625,-23.557260816203375,135.84646564516135,85.53507319999403,1200.0,4.333333333333333,2
620,r39,n,R,nb,0.6369375,-86.0168903867185,125.54670763291145,89.57573717953103,566.6666666666666,7.235294117647059,6
621,r40,n,R,nb,3.5298125,-45.92140134996445,176.93113337811945,91.94961425643179,538.4615384615385,19.542857142857144,13
622,r41,n,R,nb,3.7095625,-75.80895933682952,164.52238085526292,102.94553720117464,447.05882352941177,18.86842105263158,17
623,r42,n,R,nb,6.438875,-91.90477970965266,175.3575784394815,126.16279976269287,360.0,15.061728395061728,45
624,r43,n,R,nb,2.051625,-37.3805625339982,213.31585244910153,115.51283183813378,850.0,23.88235294117647,4
625,r44,n,R,nb,3.261875,-54.20997596137297,212.3076630251139,131.10603184901487,600.0,23.62962962962963,9
626,r45,n,R,nb,3.41375,-81.86775034851208,171.68364586768416,117.32352728235105,433.3333333333333,25.76923076923077,12
628,r46B,i,R,nb,1.0205,-55.462985122385035,186.7395163593749,114.54228434864524,750.0,13.466666666666667,4
629,r47,n,R,nb,1.3451875,-27.201724934961387,174.5851829675927,84.14996426438704,850.0,15.588235294117647,4
630,r48,n,R,nb,0.5514375,-57.03938679876587,145.7033618390804,78.5647130614466,700.0,7.785714285714286,4
631,r49,n,R,nb,2.942125,-63.048616201657666,201.697614597015,112.9346523156504,542.8571428571429,30.63157894736842,7
632,r50,n,R,nb,7.6991875,-59.23528624974495,205.1603519052145,124.22718790774468,470.0,32.04255319148936,20
633,r51,n,R,nb,1.9735,-66.69581613386899,217.83180132247566,126.42184915206467,640.0,24.5,5
634,r52,n,R,nb,0.7275625,-108.48041606526803,171.69315635164818,108.53153969907878,1200.0,7.833333333333333,3
635,r53,n,R,nb,2.8120625,-57.347516069968556,232.6255934282352,136.0636299696517,533.3333333333333,34.9375,6
636,r54,n,R,nb,4.2668125,-41.89199115983248,209.75016782419374,126.74449594523742,966.6666666666666,28.862068965517242,6
637,r55,n,R,nb,0.563,-90.1269915810897,224.78117092499997,179.05275719467193,1100.0,10.454545454545455,2
638,r56,n,R,nb,7.4739375,-67.38965357944143,182.6845526854763,118.85277441225786,355.55555555555554,93.25,9
639,r57,n,R,nb,2.427625,-58.09721049122396,147.11936184411766,88.72876243304911,466.6666666666667,22.761904761904763,9
640,r58,n,R,nb,3.806625,-64.00761062562681,156.09271640313113,96.11708442595338,440.0,22.454545454545453,15
641,r59,n,R,nb,3.6608125,-66.20703597638817,181.54104149494972,107.07862222480811,571.4285714285714,36.25,7
642,r6,n,R,nb,2.425625,-68.85005807214887,161.7172403127034,104.69956297741207,542.8571428571429,25.210526315789473,7
643,r60,n,R,nb,1.5073125,-69.28275271085319,164.64280718378376,104.93297888031839,1100.0,27.545454545454547,2
644,r61,n,R,nb,1.3415625,-33.341048021777475,196.0821942938387,102.45649669501772,1100.0,24.545454545454547,2
645,r62,n,R,nb,5.291625,-77.99174416945118,167.26998937859406,112.23061603762793,553.8461538461538,28.75,13
646,r63,n,R,nb,7.8915625,-66.74159588837718,210.60612487038762,136.6321230428038,426.0869565217391,31.46938775510204,23
647,r64,n,R,nb,0.368875,-47.376066665997385,150.68420115555557,91.08087724444263,1200.0,6.25,2
648,r65,n,R,nb,0.5079375,-23.048612828620147,164.03602647560982,77.58731262184956,733.3333333333333,9.454545454545455,3
649,r66,n,R,nb,5.7239375,-95.07157720912868,182.10010154871838,129.86587513389776,530.2325581395348,9.157894736842104,43
650,r67,n,R,nb,1.0910625,-45.30365458981663,216.55206535294127,131.53251351190318,800.0,13.4375,4
651,r68,n,R,nb,0.545125,-85.21700286839396,177.18248288461544,126.83988438811284,933.3333333333334,7.714285714285714,3
652,r69,n,R,nb,3.5860625,-104.59582494059362,174.27823106249994,133.19495871341618,383.3333333333333,14.869565217391305,24
653,r7,n,R,nb,1.60075,-77.95537381294605,161.50510694505496,109.17727526400988,485.71428571428567,18.58823529411765,7
654,r70,n,R,nb,1.582875,-87.84652344550979,162.15359326490065,120.07513279928735,850.0,18.41176470588235,4
655,r71,n,R,nb,6.9049375,-72.04594720171823,169.83744111616792,111.73444585959874,506.25,16.209876543209877,32
656,r72,n,R,nb,5.1398125,-71.88203483242695,158.56017249462332,101.99197510655667,435.71428571428567,16.065573770491802,28
657,r73,n,R,nb,4.1603125,-69.74391296759455,162.78542313092942,108.0710085974781,411.1111111111111,21.83783783783784,18
658,r74,n,R,nb,8.2675,-69.4845465709036,171.63680899610597,108.88921627469037,474.4186046511628,15.333333333333334,43
660,r76,n,R,nb,1.11775,-32.072419259024116,142.70273920689655,84.65027525461119,400.0,38.5,3
661,r78,i,R,nb,4.353875,-80.39374998065323,226.95929147942348,161.53777206703037,386.6666666666667,29.482758620689655,15
662,r79,n,R,nb,1.531,-102.78358549397113,169.39973529577458,127.71661041165567,533.3333333333333,12.291666666666666,9
663,r8,n,R,nb,0.8966875,-30.6477389511753,192.01711249645376,87.28899458206043,640.0,11.0,5
664,r80,i,R,nb,1.4455625,-50.4686495743139,172.46360588412026,109.21936156280474,866.6666666666666,22.23076923076923,3
665,r81,n,R,nb,1.492,-73.8764110839246,178.17047359278368,112.69446866354188,933.3333333333334,21.214285714285715,3
666,r82,i,R,nb,0.7875,-85.3174716492076,173.00849328235293,122.93470282011333,1200.0,13.166666666666666,2
667,r83,i,R,nb,3.0990625,-49.07523774871057,220.64615679295153,132.9424147871717,633.3333333333333,32.31578947368421,6
668,r84,i,R,nb,0.8975625,-49.5689955299788,225.47666794696974,125.61530803859836,733.3333333333333,16.545454545454547,3
669,r85,n,R,nb,0.7875,-83.7510252210289,172.6238059027777,129.46661404226984,1200.0,13.166666666666666,2
670,r87,n,R,nb,7.21075,-67.9986282053319,187.97695032629431,114.89172072688956,384.61538461538464,57.2,13
671,r88,n,R,nb,1.5580625,-37.85712216527115,159.72754403292197,78.84707832416768,680.0,18.11764705882353,5
672,r89,i,R,nb,3.649375,-48.34387950296159,173.47762273431735,98.05392329125914,742.8571428571429,27.576923076923077,7
673,r9,n,R,nb,7.206,-78.4288150935278,170.85618374165702,114.96422357305597,407.6923076923077,26.433962264150942,26
674,r90,n,R,nb,1.69425,-62.30314872314021,173.06120315639825,105.74084148691743,833.3333333333334,13.08,6
675,r91,n,R,nb,7.8761875,-78.01854337487872,176.91692424557849,116.84074472146368,360.0,43.111111111111114,20
676,r92,n,R,nb,2.1914375,-80.66197320203905,212.0738308879312,153.57608473039716,600.0,29.066666666666666,5
677,r93,n,R,nb,2.504625,-60.011584541270786,254.2950012409639,158.889891018433,457.1428571428571,31.125,7
678,r94,n,R,nb,2.1744375,-47.52113561143586,202.81138895808397,111.46574804736342,700.0,31.0,4
679,r95,n,R,nb,2.67575,-56.07804721217976,265.614616283163,153.45939358702432,733.3333333333333,48.81818181818182,3
680,r96,n,R,nb,2.5926875,-59.65294542740792,290.91824436781627,175.72346688098557,1200.0,28.555555555555557,3
681,r97,n,R,nb,2.5926875,-61.15797993252886,196.38974126341458,108.49290305511806,425.0,30.294117647058822,8
682,r98,n,R,nb,0.9544375,-41.50536240584512,205.46757924999991,146.90874611071652,733.3333333333333,17.545454545454547,3
683,r99,n,R,nb,2.9449375,-65.04565042012275,169.84185672727236,103.1906331932236,763.6363636363636,6.166666666666667,22
684,y1,n,Y,m,0.8605625,-60.01567676274384,171.83776436904768,124.9706552990258,919.9999999999999,7.043478260869565,5
685,y10,i,Y,m,1.0045,-51.207640403720816,186.60090847967484,115.47050651992902,1200.0,16.833333333333332,2
686,y11,n,Y,m,4.272,-101.53838869188253,135.5853879595782,84.8749532335073,520.0,21.23076923076923,15
687,y12,n,Y,m,0.6645625,-37.955700011708174,121.69398834615407,52.48799626967524,1066.6666666666665,8.125,3
688,y13,n,Y,m,0.49975,-126.90693206552943,146.37582760869563,127.49064349719737,600.0,5.277777777777778,6
689,y14,n,Y,m,1.618125,-48.58120741072557,93.44819956497166,67.90586840394592,488.8888888888889,14.318181818181818,9
690,y15,n,Y,m,1.0569375,-86.40845357431373,134.74925153333336,103.61792781033742,1200.0,17.666666666666668,2
691,y16,n,Y,m,0.4485625,-128.97559885997882,120.02889003571427,99.80115314969161,1200.0,7.583333333333333,2
692,y17,i,Y,m,1.487125,-121.46543754135895,79.37573030909091,60.996806299116095,800.0,6.045454545454546,11
693,y18,n,Y,m,0.8095625,-61.74152489911994,77.93039515217386,42.472456368953544,1600.0,9.9375,2
694,y19,n,Y,m,1.88825,-36.682106581252725,129.7464813013697,74.13967202707126,457.1428571428571,23.4375,7
695,y2,n,Y,m,3.8976875,-102.2421108662706,121.27391047619051,104.48536326881774,506.66666666666663,19.86842105263158,15
696,y20,n,Y,m,1.4699375,-60.89008100097989,178.08976181914898,111.77137680928563,1050.0,13.619047619047619,4
697,y21,n,Y,m,1.222625,-96.82537745653202,91.50528728571435,77.1486698657134,650.0,18.846153846153847,4
698,y22,n,Y,m,0.3520625,-108.22946980000829,162.96179722222223,140.0417531779969,1200.0,5.916666666666667,2
699,y23,i,Y,m,1.0736875,-58.42076260946929,138.62040706611563,96.54897825555673,1300.0,16.53846153846154,2
700,y24,n,Y,m,1.668125,-45.34787888625971,137.04858786524815,70.11629319348229,600.0,27.916666666666668,4
701,y25,i,Y,m,3.2488125,-51.680998747659956,163.69018764705868,96.63414952961652,866.6666666666666,24.5,6
702,y26,i,Y,m,1.707125,-41.20121198243149,154.53167603745302,72.10231756893589,733.3333333333333,31.181818181818183,3
703,y27,n,Y,m,0.735,-79.17395033145186,113.90527267073172,77.6373782534022,600.0,12.333333333333334,4
704,y28,i,Y,m,2.67575,-31.357284554654132,106.57791923076911,62.901908611822385,500.0,35.53333333333333,6
705,y29,i,Y,m,1.93225,-52.44899626728041,122.17574316901384,67.96729792357759,1100.0,35.27272727272727,2
706,y30,i,Y,m,2.856875,-29.73078007871302,145.84153204166668,112.90861652372944,533.3333333333333,23.333333333333332,9
707,y31,n,Y,m,1.8171875,-32.078068001227905,120.67814203244838,50.19915450293942,2300.0,15.347826086956522,2
708,y32,n,Y,m,1.9543125,-44.184113043273946,168.57938843192483,115.3742077953918,750.0,25.933333333333334,4
709,y33,n,Y,m,0.912375,-4.726158230208947,207.8313742468355,75.16055484554931,1000.0,18.5,2
710,y34,i,Y,m,2.5926875,-93.19515449641897,101.57925420720709,66.24018935688002,800.0,32.25,4
711,y35,i,Y,m,0.7215,-98.4584723991692,144.17167304225347,102.13210532974836,566.6666666666666,8.235294117647058,6
712,y36,n,Y,m,5.702,-96.4686887043743,117.61907698973019,70.43225824583205,453.3333333333333,32.911764705882355,15
713,y37,n,Y,m,1.0889375,-42.233707332361874,143.31437509756108,70.20767963425469,1200.0,11.833333333333334,3
714,y38,n,Y,m,1.6178125,-63.12405514568743,97.78295158149776,59.03374602941146,566.6666666666666,18.823529411764707,6
715,y39,n,Y,m,4.214375,-91.80759187298428,110.2034000203618,82.36598136754375,352.0,18.454545454545453,25
716,y3,i,Y,m,1.498,-58.60482090878791,97.07261991715981,69.6420943008598,1300.0,23.076923076923077,2
717,y4,n,Y,m,1.463,-57.420881322386634,94.03788495977012,64.4884451580622,520.0,22.53846153846154,5
718,y40,n,Y,m,4.739375,-74.62450581712056,117.74370884119483,72.60100663213743,666.6666666666666,15.016666666666667,18
719,y41,n,Y,m,5.016125,-61.80795015437891,112.02803904490986,68.60671428265378,652.6315789473684,15.387096774193548,19
720,y42,n,Y,m,2.3291875,-15.712586243380445,117.92935879695428,55.19712165847826,680.0,27.176470588235293,5
721,y43,n,Y,m,0.4975,-12.20935184784395,94.60715077941181,56.47030427188634,1200.0,8.333333333333334,2
722,y44,n,Y,m,1.5623125,-60.22899299649574,148.87116507253876,95.53864238374328,800.0,26.083333333333332,3
723,y45,n,Y,m,3.918875,-61.24741739543704,126.00911009165272,66.63782666575999,470.5882352941177,18.925,17
724,y46,n,Y,m,0.5136875,-30.879864931949033,120.10862606329117,54.63604855710866,1533.3333333333333,4.043478260869565,3
725,y47,n,Y,m,0.6028125,-21.704527999973518,169.4823685638298,72.17523759166771,1300.0,9.307692307692308,2
726,y48,i,Y,m,1.3065,-32.59207744725455,138.37352746638658,91.50362135769323,900.0,29.444444444444443,2
727,y49,n,Y,m,0.48825,-50.171205804311896,124.524027382353,63.56143940293656,1300.0,7.538461538461538,2
728,y5,n,Y,m,1.4560625,-67.8902165150829,90.82848045161289,86.03102279098925,700.0,20.714285714285715,4
729,y50,n,Y,m,1.7319375,-55.98423012132246,121.91186799180326,67.31642418148581,575.0,14.608695652173912,8
730,y51,n,Y,m,1.4435625,-46.66338416267232,83.59079178325132,49.7544035632354,750.0,19.133333333333333,4
731,y52,n,Y,m,1.6461875,-78.65589900892307,110.40578998333332,64.54300791098855,700.0,23.428571428571427,4
732,y53,n,Y,m,0.3595625,7.407078316232889,118.44032145652177,65.37107027074578,1300.0,5.538461538461538,2
733,y54,n,Y,m,1.6066875,-35.44644930214845,124.5217932666668,75.04183718674524,1000.0,32.4,2
735,y56,n,Y,m,1.388875,-69.59971566435757,111.96955535820918,66.29069874582504,485.71428571428567,16.11764705882353,7
736,y57,n,Y,m,2.2895,-105.86558369660902,111.57820478538812,85.27603061525635,800.0,28.4375,4
737,y58,n,Y,m,3.0829375,-71.73322833091461,124.54062565915493,85.20917193965525,1000.0,41.0,3
738,y59,n,Y,m,2.08425,-90.91952830165255,117.28927110822511,83.91176237342678,1300.0,32.07692307692308,2
739,y60,i,Y,m,2.8811875,-130.88061293099813,92.7836940764706,79.13226751306794,600.0,38.266666666666666,5
740,y61,n,Y,m,4.0419375,-27.513726142083463,110.45032276256467,69.28230211905058,1200.0,67.41666666666667,2
741,y62,n,Y,m,1.0151875,-27.363508819232905,119.15910032467542,60.32946818774664,1133.3333333333333,11.705882352941176,3
742,y63,n,Y,m,0.839125,-60.27637022765036,112.1915253295456,87.09262804629564,933.3333333333334,11.928571428571429,3
743,y64,n,Y,m,1.008,-47.123216737784794,97.74902675423724,70.71535495986832,1100.0,18.545454545454547,2
744,y65,n,Y,m,1.9104375,-75.90230034076448,89.0127893265307,66.28569871380694,640.0,23.6875,5
745,y66,n,Y,m,1.5566875,-71.31010152448911,89.02425870731706,70.34062532793595,700.0,22.142857142857142,4
746,y67,n,Y,m,1.6621875,-0.8203172474934357,124.22108381494647,65.10675528572075,1000.0,33.5,2
747,y68,n,Y,m,0.2010625,-88.02698752125099,132.4440536666667,95.39961651674676,800.0,5.625,2
748,y69,n,Y,m,1.598875,-107.7912478351243,123.2202772548077,73.91527787932029,514.2857142857143,17.5,7
749,y6,i,Y,m,0.973375,-88.22018058578753,144.92983604705879,107.83944588887934,1300.0,15.0,2
750,y70,n,Y,m,0.6306875,-22.233424604463348,134.40272061643827,86.29864650052258,1200.0,10.583333333333334,2
751,y71,i,Y,m,3.009375,-77.67535164800519,133.67261006771977,69.87715173181586,750.0,40.0,4
752,y72,n,Y,m,1.988,-125.37322052218273,93.38880623076923,88.90568041580156,800.0,33.25,3
753,y73,n,Y,m,0.817125,-84.91933621675466,113.43568957894736,72.45969820911368,1100.0,15.0,2
754,y74,i,Y,m,4.005875,-87.36827098136808,98.67811714566916,73.78341160073992,475.0,41.8421052631579,8
755,y75,n,Y,m,1.1359375,-51.68129379478773,139.42948319205294,110.6934429143812,1200.0,19.0,2
756,y76,n,Y,m,1.7886875,-74.08227366917988,92.79574692531126,61.153983431185054,933.3333333333334,25.5,3
757,y77,n,Y,m,1.5146875,-94.19641395358005,132.68032539000015,77.03221056444518,1200.0,25.333333333333332,2
758,y78,i,Y,m,1.813625,-25.876502714247557,160.72753270909098,76.00338071132788,533.3333333333333,22.5,6
759,y79,i,Y,m,0.6925625,-163.8892542945404,115.17793335849058,90.85468378088348,600.0,11.666666666666666,4
760,y7,i,Y,m,2.0604375,-63.12501900311048,118.38524548484853,86.426044582166,542.8571428571429,21.36842105263158,7
761,y8,n,Y,m,2.917125,-93.55548281668872,66.98299620792072,51.99679105885661,750.0,38.733333333333334,4
762,y80,n,Y,m,1.8833125,-51.80181114581127,93.72700315310996,68.99091484478052,933.3333333333334,26.857142857142858,3
763,y81,n,Y,m,0.393625,-82.4953505995926,104.09259314583336,66.10115642432035,866.6666666666666,6.076923076923077,3
764,y82,n,Y,m,2.5609375,-57.863932440536736,138.68606392041536,95.0608498977305,550.0,46.72727272727273,4
765,y83,n,Y,m,2.436375,-71.19659494546043,117.67666834615372,70.74916863826758,866.6666666666666,37.46153846153846,3
766,y84,n,Y,m,3.8315,-100.5015737509051,124.71770008496709,85.87106477638136,418.18181818181813,32.869565217391305,11
767,y85,n,Y,m,2.934625,-65.06942798449732,119.30016392982462,71.88560496733095,500.0,59.0,4
768,y86,n,Y,m,1.5244375,-64.66679875029183,142.18621323357655,105.96697222972028,666.6666666666666,30.8,3
769,y87,n,Y,m,1.7190625,-107.61412931638935,109.66254034730547,82.75296546096732,933.3333333333334,24.5,3
770,y88,n,Y,m,0.523375,-76.5960499164324,127.8383274461539,77.82770417350046,1100.0,9.727272727272727,2
771,y89,n,Y,m,0.46775,-89.06120141925499,148.12280240000004,121.10882294488945,1200.0,7.916666666666667,2
772,y9,n,Y,m,1.722375,-115.72470097379247,134.3872559223744,81.11617143266527,340.0,20.0,10
773,y90,n,Y,m,0.7458125,-18.10975372950792,105.34415458196716,63.103312238977814,800.0,12.5,3
774,y91,n,Y,m,0.24025,-105.86781446123231,53.13515895454545,38.6436123621299,700.0,7.714285714285714,2
775,y92,n,Y,m,1.8859375,-44.60393153712101,107.50733110975598,68.66697334921923,1200.0,31.5,2
776,y93,n,Y,m,0.912625,-31.689099036393394,73.31974397849469,55.976097947455585,1000.0,12.066666666666666,3
777,y94,n,Y,m,2.7479375,-66.02293353431796,113.40094760436865,57.87104090194581,400.0,24.59090909090909,11
778,y95,i,Y,m,0.46775,-19.396545730650395,230.62740222580655,129.60329319375947,933.3333333333334,6.642857142857143,3
779,y96,i,Y,m,0.3286875,-74.00894462438202,131.58308111538463,99.7004111710046,1300.0,5.076923076923077,2
