0.221053553629696,0.279598250272185,0.494204864055203,0.684661249417558,1.46894925074157,1.85560227410838,2.1995549657649,2.05421841877263,1.72302351114609,0.967734784415027,1.66479723704082,1.7638855338827,1.69787217587776,1.51080751736525,1.34949246610025,1.58140821262102,1.23179617700246,0.791772304320932,0.247138802437651,0.790030544597266,0.568463685100725,0.419096374520903,0.150063695228034
0.327631593888125,0.387026556735115,0.357840964827891,0.393313761244073,0.515335795693064,0.52074981421338,0.74233175877622,0.491251995313654,0.68013425266214,0.749381972430972,0.743998361659787,0.546165329864439,0.574474456331483,0.985419702741503,1.7195632608019,1.51112403336286,1.53740297986055,1.1801322742041,0.897484902776972,0.266819395494836,0.400910427865608,0.217006562201722,0.11916736260967
0.507051731632179,0.324816420281269,0.273425642347452,0.0893125821952798,0.264796162195685,0.655599527843269,2.13142435460603,2.9651234425759,4.78322007087244,5.13214148396289,3.90540479402083,1.33901115093256,1.11711539642014,1.81455897366677,1.30564833277353,1.09914156465154,0.868798548787362,0.549873215364938,0.331481925288123,0.0966466962233886,0.0793180335439741,0.0533678160694409,0.0267426460982851
0.643795138254934,0.566602780213299,0.264655267587455,0.202479333005205,0.135196130469895,0.392960751218753,1.26313761428152,3.21926270855292,4.58489498325288,4.42891970431103,3.43387146616961,0.99520478879985,1.15060547269047,1.77301445688642,1.46086476543675,1.02828093314115,0.784395955120022,0.435572210043342,0.203328562878462,0.101656259032683,0.0659924653835192,0.0906263738956355,0.0294975440577725
0.0670223721566815,0.0417755562398738,0.0313391698053423,0.0284609348772323,0.0222331081148233,0.142488013951053,0.14196167572674,0.404336624719362,0.556846616256136,0.511371723056551,0.374341719010275,0.326356042258791,0.32945916526492,0.204159804272394,0.146708617830139,0.113199251268061,0.096889164951917,0.0850350694136129,0.0755563369732584,0.0380465968758721,0.0491517115220633,0.0462972224404293,0.0114744396632862
0.0461204249260324,0.0432301342789502,0.025370701453855,0.0426051541904206,0.0259771524071511,0.109324918446464,0.334853307310214,0.373236300114638,0.398271575046584,0.350334329724434,0.264101839532024,0.379970024940264,0.196546490500343,0.105797664063837,0.087755673734656,0.0616985374827658,0.0914804243205809,0.11557685353784,0.0624906554703933,0.0475295763070146,0.0271979654716957,0.0288640395874482,0.016975183317587
0.163401199593368,0.0926118893552831,0.0620760176359461,0.0556915336158596,0.0544029121189331,0.0718219728983276,0.111455553241112,0.43453597501107,0.670537199285023,0.876876870286581,0.950528059764061,0.480487444304965,0.466524795150215,0.419370548577667,0.379885112876766,0.16113019884833,0.186983707241525,0.138784548948251,0.0688578446331892,0.103635186264884,0.048457992354456,0.0757138000445573,0.02394808857208
0.169859927245334,0.158630151963838,0.0737063905201038,0.049235365020034,0.0382002231328309,0.0496509544502366,0.0416947860695054,0.121607177460414,0.171703174139473,0.501094085644581,0.988973565836052,1.092614266052,0.882026018347837,0.836280438707164,0.570658939572078,0.424942035512425,0.331070725276245,0.175082565176164,0.163475683888164,0.187256958166801,0.140185910382601,0.356531695703758,0.101448782921341
0.061039317524857,0.0527867609471061,0.0583293213378649,0.0331806016529076,0.025392285868158,0.0335362744556656,0.0352631211423032,0.0390882501303521,0.0824891574079863,0.156320338604391,0.279768770717829,0.521551397603216,0.681562975558161,1.00644895452237,0.526249337102174,0.65345394186363,0.37424579928986,0.238148536431196,0.220189939699306,0.239836953796086,0.256943934068287,0.552291278583339,0.108101515954595
0.0962806771449862,0.0439878806267533,0.0432697139591599,0.0493193788095857,0.0439997325490157,0.0582997176603767,0.0762793670850094,0.197687611716869,0.356501625802504,0.512555216224371,0.856823909532295,0.845735855530517,1.09628229478801,1.19917671020065,0.972718236709959,0.517720656228195,0.250612772106042,0.182983699466628,0.128472353665049,0.131747170581942,0.129348896840545,0.280053563785135,0.0464133321646144
0.0538493593093251,0.0499802791831845,0.0640812113251715,0.0350689037327079,0.033702246609048,0.043869593867713,0.14125686328565,0.244388959874268,0.433909623743082,0.426886336943341,0.630186735323233,0.50100042137582,0.491441514128819,0.612113780446653,0.232474233598862,0.316083792596989,0.155120596264923,0.126245049773451,0.123547882184353,0.0737816584844362,0.0993533605923242,0.12829214182561,0.0170220559189069
0.013791346519311,0.0151326822834431,0.0152809994884153,0.0147569833867351,0.0147263052055624,0.0173582926010689,0.0848664177696537,0.268539016478336,0.285881707280585,0.428027467544307,0.328025973759782,0.34803919499814,0.285338770783842,0.242803344057395,0.170752578142586,0.105268139255153,0.0665674676710649,0.0555335651598084,0.0257262352507634,0.0329206650245961,0.03792289778928,0.112016918789018,0.0149803597781341
0.0127533221486883,0.0124123192696117,0.0102082508157937,0.0161196674318057,0.0086475025678394,0.0149511793225424,0.0223680537926851,0.0681391459058434,0.078641527154907,0.0843363659550998,0.0990663018299233,0.0737639056602644,0.0625094540020261,0.0484606828202847,0.045210113499028,0.0294737170713159,0.0316704779397165,0.0198254919269901,0.0134217331288317,0.0231431843203522,0.0488402082515539,0.255230808951365,0.0417019118372678
0.0117511398011942,0.00865059134671604,0.00884514053649026,0.010561555928327,0.00614784839172805,0.0120431259172584,0.0122354188209171,0.0146869976913962,0.0172485462708242,0.0200834533894356,0.0190781899223263,0.0195353704550809,0.0186127124854163,0.0171169160080166,0.0129040967015344,0.0138121856312663,0.00865806583792081,0.010282398690933,0.0146552389820615,0.0244690276399695,0.0266068707831309,0.113102728039192,0.0222533653803188
0.00947885236927985,0.00609415987498939,0.00451718548876192,0.0064071916950102,0.00321313990184825,0.00833769356983102,0.00433079705359173,0.00453110221139984,0.00646524413097975,0.0061307890812295,0.005155916669884,0.00520971506942523,0.00600438478940807,0.00631925273836829,0.00598459998975503,0.00530991838105107,0.00497614224098796,0.00343111594159165,0.00561388478229543,0.00693597546624955,0.0107690367897324,0.022115401646283,0.00532861653784841
0.0963800560622623,0.119822542648032,0.157097495572915,0.193547697746832,0.562026334804785,0.64519249150085,0.771324725123309,0.570543737576568,0.602206355806838,0.265726968445207,0.560502368422454,0.519075781711541,0.528238764114039,0.478571860022419,0.379515247272875,0.518789322142095,0.402133313137947,0.336556852024638,0.134034813944386,0.291576934130829,0.196304785301008,0.123680897391449,0.132606981083114
0.155660241507614,0.208479460022126,0.170998310728059,0.140052883715687,0.165747830834347,0.272880044663571,0.412282539768736,0.132605061972128,0.298360724706519,0.360746235277999,0.265991696400263,0.201819069206862,0.167312747150911,0.35627757707846,0.692774330043868,0.436130384764292,0.49150977119144,0.424087681256096,0.338368351686573,0.121078645936852,0.195573184528103,0.101409687690494,0.107987733045649
0.207192084462138,0.210344334948681,0.150923742318046,0.0389632279518203,0.119023028490621,0.439954464812181,0.945536258640017,1.12137018241961,1.85310368095198,1.9685078025659,1.54368213828793,0.554797912824469,0.324223684941618,0.645021661432352,0.377210834406362,0.350665978454271,0.272090226598634,0.162111209171611,0.117324002776687,0.0269354014669037,0.0288759866117366,0.0200327520363879,0.0252525243342761
0.315561906805517,0.312893075118928,0.128259692966033,0.0918038070140781,0.0784079489765857,0.207188433211009,0.736971204240746,1.59117960240383,1.37318356130537,1.24545326614697,1.13856625563903,0.497690490950842,0.437011326533724,0.663988280734846,0.488652502833549,0.291883719808422,0.250690862029289,0.166006773144719,0.0884198460869677,0.045912800172334,0.026456335029873,0.0376356459726283,0.0239953423591854
0.0345412652622604,0.0106087588970531,0.0108361894428813,0.00863218524340717,0.00949369038705111,0.082104518563692,0.0381303247882549,0.16079057504202,0.171130024994058,0.166161196678379,0.109751203029925,0.093224228219062,0.107126735546895,0.057855192893737,0.050840633439429,0.0343676799861231,0.0361783853475055,0.0302284459343543,0.0285586191373192,0.00922710961296529,0.0199802924591791,0.0239867393900019,0.00933060649405225
0.0134763090789789,0.0192677638743004,0.013862062231161,0.0207986961339828,0.0139019666091749,0.0395647593875292,0.147048161315588,0.109210487635027,0.123550203264711,0.160952030938747,0.0978741415421067,0.160824859986692,0.0838733765350646,0.0267449268757859,0.031891091574038,0.0162976463478237,0.033232176437014,0.0384734272238137,0.0147898831294827,0.0206395305427974,0.0135337725759886,0.0125676577819674,0.0161149950909064
0.0673040962607764,0.0383647253472717,0.0203983768925308,0.0195719466882967,0.0202172603081818,0.0271026304916434,0.0471150141361409,0.139242179402759,0.2287908440977,0.321457875050025,0.412511288649544,0.14211680706528,0.149112459400442,0.131909846646413,0.154199239529373,0.0467372086432289,0.0609433721422837,0.0492745412530455,0.0367250599545721,0.0457632224288144,0.0200265554320364,0.0318364789513216,0.0209758276231409
0.0526921818067678,0.0587237838110503,0.0241577988320012,0.0211021093796635,0.010984844783229,0.0180157971059296,0.0188404976481044,0.0558171396891992,0.0557642232968115,0.161384719049573,0.330417071687915,0.35868623460842,0.267705070096858,0.303794376195942,0.168536031916325,0.123551373507892,0.100457867998245,0.0529865838440847,0.0514421323651858,0.0736634944151608,0.0537187392360775,0.139619545651277,0.0889732981723129
0.0197687457253474,0.0194403182744268,0.0227852875864623,0.0121360440793814,0.0112928929967689,0.0152655840352754,0.0214311741029486,0.0135835860647781,0.0302863162319097,0.0519167856371653,0.0857897690465447,0.176180796958653,0.201737802259528,0.344599858597907,0.19621040725804,0.351896747643804,0.11235136190502,0.0746294370329529,0.0786959806946414,0.0964976975339824,0.0713505741123755,0.349318448387305,0.0989379106391227
0.0395562979714494,0.0129390904520267,0.0134537055177467,0.0195903818025354,0.0107122543698499,0.0172727777900019,0.0205714459978392,0.0655710448743883,0.11682222283955,0.138208381597888,0.302290936062636,0.250484949660223,0.390776113435927,0.418843784371676,0.27667978076112,0.305321355369308,0.0967117017165702,0.0542161894512734,0.0438561299513592,0.0538062652419263,0.0331839571583366,0.154689391011607,0.0420862246912694
0.0292467984308732,0.0174213216467354,0.037907759000463,0.0108943611838509,0.00938044154694716,0.0111440394237461,0.0559854772812983,0.101513191335935,0.128881261025126,0.110758974116531,0.247389687772401,0.17354588518451,0.190907002527676,0.235808939662784,0.0522551774712541,0.137442248018951,0.0595706473006611,0.038325020507592,0.0559339946158121,0.0306575675687659,0.029589022540184,0.0638875694902997,0.0145749001971082
0.00333301864498633,0.00467087690987093,0.00514445504313064,0.00585417101005162,0.005705534588903,0.00559208019145804,0.0326126189817002,0.10154191564111,0.0790193869843329,0.145573478204322,0.115524778836882,0.108232787872564,0.0893552097938683,0.0817445601251175,0.0632335767929804,0.0430583343402942,0.0216841907300386,0.0254113715310757,0.00709557367481695,0.0117195932507108,0.00891609961167938,0.0615782134697431,0.0115926413177326
0.00470974511805023,0.00364304009809756,0.00261652016232462,0.00524802448368802,0.00295612868464257,0.00639551207299634,0.00627384267617195,0.0272213960608557,0.0218841244796876,0.0234620081856753,0.0408211858138458,0.021611270757646,0.0178237521649123,0.0154089632937874,0.0163668094022863,0.00812264005085912,0.012634616840898,0.00707018779658044,0.00288214654762112,0.00678930881805997,0.024790552497942,0.137989972926616,0.0342349616117747
0.00365130921604522,0.00220321236303662,0.00324148996189762,0.00337959713642571,0.0019341319378024,0.00548980393951985,0.00455571536231458,0.00461905940720753,0.00461392444327037,0.00570634263548726,0.00592191001285812,0.00620083585645034,0.00611126399982039,0.00569998147291452,0.003874964671285,0.00593532736354359,0.00282254327675309,0.00398474316412802,0.00696049347395744,0.0108651311346934,0.00967549124248164,0.0588634182710409,0.0187615051998068
0.00385736274494506,0.0024935243049783,0.00163458664014615,0.00312521571800991,0.000740699216076473,0.00503627361816463,0.00154958574864442,0.00113889769709459,0.00251198979579247,0.00287587272653928,0.00189868552743721,0.00156431908102972,0.00241216411312674,0.00336805782943227,0.00281327199049809,0.00201393823079362,0.00178062603318022,0.00109152544763209,0.00171259747506767,0.00223307293989146,0.00584551091563463,0.00733426236721872,0.00481949021260928
0.0752792684332853,0.0737046779083516,0.0325686752149002,0.0944324723308274,0.0775177581379571,0.166995747170769,0.208878984672101,0.052986401882872,0.0923816472134332,0.119351170747499,0.0581771672867855,0.0824089726535126,0.0527296364076764,0.0432792621045142,0.0804113404207197,0.0714095358388847,0.0660265408629411,0.0505657037897876,0.0722901591124538,0.0401712649881997,0.0443326013126065,0.0463954764231929,0.101095284136729
0.0721534534808599,0.107665812334572,0.117468458564145,0.0397952438198667,0.0609748359926547,0.270238905384993,0.369913472386403,0.242634634786831,0.110865189431989,0.251602607868395,0.157613490521113,0.21946632107089,0.0832844578881144,0.131570364584383,0.0909219859240168,0.106063801668429,0.0725884858262607,0.0968108225526509,0.0620171660266249,0.10957456681845,0.0617721448416626,0.0331483995179605,0.0858663209133127
0.0573081701151674,0.115232704799006,0.0440508389600415,0.0547136580316628,0.0442869812816569,0.231441143652638,0.734198414252986,1.25156253283429,0.833780812046414,0.531201756229179,0.271088884704321,0.222909598126627,0.206945874820559,0.129918005932697,0.11068865039231,0.0594518862148815,0.0560248994844369,0.0656019927475821,0.0337758262544346,0.020290032250943,0.0284647016941079,0.0236407222042391,0.0220440385389452
0.0845763484714181,0.151214178310679,0.0908046133180282,0.0647235296938758,0.069996618706706,0.0769326273865612,0.354333272791063,0.713230667362995,0.614780279991356,0.287483648298807,0.197895417670831,0.241504768829617,0.0719088515671618,0.111611383986798,0.0643999286128862,0.0321291000799892,0.0533708040985595,0.0868207913383495,0.0607499049179484,0.0181356767645512,0.0229978698600219,0.0338105701396267,0.0149327650312
0.0366989816607956,0.012964425626677,0.00825336653522423,0.00835746094024619,0.00801798058679515,0.0287732345939006,0.0226089130535875,0.0617117889765203,0.0555444281486182,0.0325094715847536,0.0265677331976192,0.0434375388358592,0.0165292229094867,0.00963834681429367,0.0299238470239522,0.0224890411038232,0.00679285564653844,0.0116345613613775,0.0124689016471804,0.00787690980094503,0.00890907257756537,0.0124470790975667,0.00544032832015554
0.0144454713291109,0.00492892473635567,0.00776578552973983,0.00807629397757643,0.0103769722099535,0.0142427486550543,0.0996139783932651,0.0729857032914791,0.0917241425051449,0.115684587287097,0.0641266956301771,0.0390114821708918,0.0562304244046025,0.0149464562859612,0.0347118787320537,0.00577153520977448,0.0248751064350794,0.011221016992644,0.00877476027682731,0.00864975082562022,0.0198877221734627,0.015376722504487,0.0140818858663789
0.0360594782527945,0.0205340726191628,0.0328970202172897,0.0314253792522366,0.00902169156315151,0.0212224490839829,0.0697595553051676,0.0430715284546817,0.0697682934985022,0.0869679676240414,0.0745805436966268,0.0529434413201756,0.0373914751513563,0.0355914412520921,0.0363318557948729,0.031858704751913,0.0217638004179747,0.015367338236155,0.029456229900505,0.0157330214308215,0.00589832879863763,0.0284283868374214,0.0157381571341332
0.0373561263352896,0.0540512294261061,0.0130861712589572,0.0142488857428653,0.00717959200771605,0.0215235866770085,0.0258967432347436,0.0287002405189341,0.0140704754363669,0.103964343479905,0.100499241971203,0.134912153967474,0.146846452192026,0.13794851226071,0.0295475504876446,0.0431554350274589,0.0312609906350155,0.0614090964108054,0.032145367703849,0.0271364360226097,0.0370470562083743,0.131415039111407,0.0655784873232986
0.0175684530300903,0.0136496448683547,0.01602421757212,0.00906901652279783,0.00830667308699952,0.00385875482382185,0.0170749089777542,0.00349094131410054,0.0167666208003233,0.0109510556570024,0.0220392418168459,0.0650770099635079,0.0790527558661515,0.151595602239616,0.133730669044275,0.19136032409928,0.0596537235987987,0.0730549812581106,0.0204606831231975,0.0229189254173084,0.0692710614344544,0.300959619893711,0.0800169526521212
0.0194805341494833,0.0136374605586064,0.00684961731333449,0.019704721614352,0.0125069813645824,0.0134129077907776,0.00692254572984841,0.0348098604619195,0.0341143036033471,0.0486480704405503,0.0553791171864438,0.0469083929973297,0.0586654258892931,0.0826616572284744,0.0477985343160693,0.219992594226211,0.0599270017184995,0.0480995473314596,0.0293443744336798,0.0294485337241409,0.0565996605312786,0.0744059820790377,0.0340814818702254
0.0310622987151662,0.0102727808296544,0.0247255924865631,0.00346310650797183,0.0167065798746587,0.00618416405570853,0.0221975507417813,0.0691982458335194,0.0778802935961213,0.0861878714853847,0.0902575943667478,0.050830896122721,0.0785394017132469,0.111899246359432,0.03421963162067,0.0558331393289029,0.0272784733583186,0.00549593289653382,0.027038121680327,0.0169155207054594,0.0141921041947472,0.017517771609833,0.0105023937791309
0.0023092902856844,0.00413096430719707,0.00229233158711292,0.00243706810621246,0.00494890104711315,0.00646042551583709,0.0263185855816508,0.0517062626347957,0.0156956867392848,0.0703870902240719,0.105617670692329,0.0569058290096299,0.041022240718048,0.0358386249711578,0.0251541951720493,0.03344812630251,0.012793792592005,0.0107623100816386,0.00387515391996264,0.00224759405965817,0.00788206890597057,0.0279537118195176,0.00653299017135171
0.00592336583786514,0.00217431840607382,0.000357498357348721,0.00329919208264224,0.00204510246520773,0.00212461242556134,0.00139669447992629,0.00601359062131446,0.0156085890578005,0.0179983603965151,0.0165446379559235,0.00491561954568476,0.0119671773359683,0.00306158276595169,0.00163771899888894,0.00286402845561552,0.00450108040620766,0.00400788697583816,0.00293554411405542,0.00431148059779712,0.0141832880371344,0.0383101207545927,0.0215473495529522
0.00470480487211244,0.00192363572011864,0.00222680221645346,0.00276986340808518,0.000790677412258202,0.0015647279615019,0.00150983294584755,0.00112501554117714,0.00172332717080416,0.0026318572185927,0.00262485821946754,0.00105671897185819,0.00067138257180659,0.00192465803857821,0.000574794895548318,0.00335348798418342,0.00176005982464029,0.000870135121608039,0.00223472036283142,0.00264986484574074,0.0115827733695892,0.0166250948910145,0.0127251753547538
0.00348376557233307,0.00285474291304408,0.000892788697544894,0.00138913491368863,0.000229708119721538,0.00278428538707653,0.000690995247303237,0.000614472454393998,0.000482769731521693,0.00138662707633764,0.000593085040305787,0.00145653621909999,0.00133078963131869,0.00193355641406631,0.0010006561805442,0.00127858268516201,0.000831133316394925,0.000731870366703385,0.00128083341509429,0.00214727475798197,0.00386870377463627,0.00190352814778775,0.00389079641535234
0.0262637516079842,0.0239995109482004,0.0201077633794831,0.0344868597257028,0.0162896457757561,0.0638716642517324,0.0893309643677075,0.0365376021687669,0.0384170829763993,0.0589762380484815,0.0482258227853734,0.027944053815402,0.0220101237096132,0.0310304332976115,0.0849550170394,0.0801164095513253,0.0532638043122605,0.0472804003082529,0.0598198551772326,0.0218413845613015,0.0301748977836832,0.0325497252479388,0.0644515725317631
0.0205459609714934,0.033812440483756,0.0707434267018293,0.0154837018630087,0.0432501750336706,0.119194232191154,0.18560510492941,0.249130451706984,0.0889710047654912,0.20004006320452,0.147857960096858,0.0774239934782058,0.0913457503282255,0.167664706532236,0.0627110529324834,0.108477085776314,0.0608354028856698,0.0651285392026255,0.0262430561774682,0.0574585617906776,0.0431374943478915,0.0400178157029558,0.0556165475999031
0.0125630058945032,0.024899072040844,0.0258112284732916,0.0383850242659617,0.0360263793166502,0.0671319712814191,0.350962909789053,0.639748807948091,0.433155570624868,0.235621707049389,0.0879022928464962,0.179988610952232,0.120183343888701,0.155981795298646,0.11678774616096,0.164943286911504,0.144615572563498,0.0893589106668315,0.0791722004717121,0.0070183128830663,0.0264821043656371,0.0130125981781702,0.0164172502566617
0.060487530778319,0.0389186626151211,0.0562149410137031,0.0134696585298708,0.040535744963292,0.0277114899878311,0.105633649226739,0.198672078994435,0.279738687791842,0.1893103995614,0.192181243300395,0.206167327849993,0.153609436307053,0.115965496599035,0.0923027390352997,0.0742668207223763,0.0753491258512908,0.0647511631557184,0.0564564242265676,0.0141482875910833,0.0171795453016588,0.0319838700634333,0.00786733958470122
0.0226405778949034,0.0075454632253735,0.00553533568649711,0.0100230814367926,0.0060909640916485,0.0110284426500273,0.0107121706698431,0.0721190842235235,0.0481217475716885,0.0670371106871975,0.0385101405663542,0.0586039414923422,0.0629163181368389,0.0217302468887099,0.0439269547531968,0.0182984314140236,0.0112942714486083,0.0175480088180572,0.0129942982692059,0.0113060255361407,0.0148188093039053,0.00764528139195286,0.00148207651596016
0.0102517861349026,0.00238917768333084,0.00432966515502536,0.0100728516892335,0.00460586805720274,0.0281475868858573,0.068264777448277,0.0718596214341257,0.114817909194044,0.090193614986522,0.0759389216318112,0.105019482707086,0.0485858505298816,0.0203932805462751,0.0178358335191176,0.00450898869551723,0.0152840205512136,0.00764496656653896,0.0192416200459326,0.0069548857622486,0.00935362305270566,0.00668187237231246,0.0102799290525462
0.041392141754192,0.0220704261483322,0.0250688195260142,0.0180764810101605,0.00952656842753344,0.0168393226721552,0.0479814644812919,0.0604523439866503,0.104718255225755,0.0860548707443329,0.0969430657148439,0.0341788268461333,0.0363545951734668,0.0961316940281725,0.0825353864880238,0.0189256506664415,0.032288118103996,0.0197521570764405,0.0152510796943867,0.0181108142104289,0.0050875611737941,0.0214530177482898,0.0101477884118802
0.0450857765960925,0.0435918383616183,0.00780482437844853,0.0155069626747915,0.00382386708843091,0.0163689606918124,0.0199173605738711,0.0164382937476354,0.0250215804512879,0.133531317274804,0.11864339387756,0.296435968984983,0.143867344605784,0.187590489063812,0.0456456246179573,0.100958647562025,0.0757319125184313,0.0618094462112075,0.0472190991912813,0.043660358601138,0.0239084917247419,0.116900699506067,0.0375338460390401
0.0218108371368437,0.0199721818411382,0.0149534272502196,0.00351783637068233,0.0069662648843498,0.00208174115227486,0.0101537591797905,0.00428085512517369,0.0212501026810612,0.0208042434438226,0.0814852479404311,0.0840195140926674,0.211778337317037,0.293743092849783,0.0487693663209135,0.105255119219051,0.095742880501471,0.0600982445057391,0.0230899618435113,0.0423230519746063,0.0469785049049954,0.206205309583925,0.0520068456112459
0.0197367744748188,0.00642141167786882,0.00883149203492128,0.0180636947442075,0.00517767859696655,0.0164538004460287,0.0174601902781041,0.0535366485017611,0.0534797648568889,0.0844195085521437,0.117901960254995,0.0664570982506324,0.132187951407649,0.224347140854098,0.0565840339786675,0.111208891290701,0.0437743321905427,0.0484300561712168,0.0418845177091499,0.0305823182105228,0.0587830629061378,0.0322453069466989,0.0230883421605716
0.0215733928787021,0.00592711522906295,0.0208770498085051,0.00611437943054526,0.0104354222602136,0.00917340329614423,0.0163454670324348,0.0239652607704383,0.0920398977229843,0.132873946994692,0.189861296766018,0.0951791517991668,0.0900327230718295,0.191009229351848,0.0479259759724716,0.103105745059667,0.024921661671361,0.014072882146891,0.0217060880946017,0.0119653838841512,0.0176405477290405,0.0128673665345068,0.00616658569377226
0.00242358127918525,0.00218218586401022,0.00194122969844339,0.00262713916242651,0.0047583354560421,0.00697638212059591,0.0317577621872816,0.0495420968914421,0.0468275997640555,0.107540068038366,0.120649853602467,0.108492616841692,0.094983965121603,0.0556164253207342,0.0470239703313284,0.0401156180656891,0.0190450840695799,0.00843156270866458,0.00537090284224333,0.00276190038791351,0.0100243788404846,0.0297814741102692,0.00419308624299046
0.00563477910318899,0.00112551219534103,0.000523472632288334,0.00513937378073191,0.00176751424606687,0.00207043671206472,0.00356969771032605,0.00888644461215473,0.0152700238745955,0.0105819331823767,0.00765130931530968,0.00234117016483864,0.0143717001661733,0.00656017671150095,0.00142186865026179,0.00271483683423769,0.0053607804318528,0.00228209407565064,0.00285182525213086,0.00457847381721531,0.0140328762671786,0.0204450323133042,0.0103651602394295
0.00368144772037995,0.00319244249994482,0.00152838999757017,0.00328245940317106,0.000600941535036181,0.00111746471526557,0.00170108022560906,0.00164897391393192,0.0019893335483446,0.00207405141341487,0.001126480803689,0.000784403438329263,0.00128391837351965,0.00230092230636174,0.000996675691990429,0.00304646049177781,0.00189873968869868,0.000759128552506506,0.000970882329186159,0.00131605042410515,0.00585070270491635,0.00569594116724782,0.00668165558464075
0.00307094735879582,0.00167790964424264,0.000673910427285608,0.00109579181224957,0.000394298902968401,0.00173075039012298,0.000192044464754465,0.00186585283163501,0.000696916635079379,0.000818829110016687,0.00064258894843907,0.00107713053158102,0.00142780015680725,0.00152274140827046,0.00053329412507131,0.000950193067420095,0.00100614182523355,0.00102256506397153,0.000759118486085745,0.00200020381928511,0.00117305689192205,0.00341757285615923,0.00266882682017463
0.00610036921515369,0.00548952354757399,0.00401353904224467,0.00737781228499072,0.010913525784364,0.0212064842119447,0.0321521229965497,0.02625052325786,0.0377656531970717,0.0516279171033654,0.0452340845068219,0.0298665027196858,0.0365384862036216,0.0950436439255854,0.146279945021697,0.0996197570265273,0.100484191036827,0.0660026844040258,0.0642089152772476,0.016227840216346,0.0281232866552054,0.0228477912583531,0.0542757317330463
0.00996056210687436,0.0213249898773627,0.0286217286535007,0.022307543149422,0.0163450599389281,0.0941424887442225,0.21601180884127,0.166582241570814,0.109439506840113,0.211125717638366,0.0979460717326266,0.0800056172544934,0.219637175360378,0.212084059323367,0.122532192334392,0.152012117116902,0.108390355153561,0.0806094881455516,0.0368237874305969,0.0797511651434584,0.0359805415032576,0.0343184172593571,0.0426072054521138
0.010661219542178,0.0211161375673513,0.0436510754116423,0.0162247599054423,0.0237590340709061,0.0545930158613679,0.129753601309073,0.229468879398554,0.126645725816097,0.220654696855501,0.229615372112383,0.269381228436175,0.258526390998464,0.408721853622099,0.420098408893366,0.459346475939676,0.390441374078562,0.263154559040075,0.135321055172552,0.0297308275959314,0.0167575397146932,0.00945109424041845,0.0147162007604367
0.0654781480176917,0.0207028544816851,0.0475360292727143,0.00524424022857101,0.0293046845326917,0.0183369347817513,0.0348212635437985,0.100808764192645,0.153267649558215,0.232781023384469,0.302734098872735,0.186663730817512,0.309526309862343,0.257184406134278,0.152852575779588,0.139901795432061,0.128400578860351,0.0976647918379538,0.0653083151279558,0.0269598426655353,0.0179162362341353,0.023177681945383,0.00873688401518149
0.012203371052968,0.00624335772486847,0.00809957423636593,0.00725915720354128,0.00594986216234069,0.0156499273191467,0.0219153612069332,0.0735571926556061,0.0933751876386512,0.138318613557733,0.116121019089541,0.15442396294096,0.14650669650044,0.0443021438832045,0.0585054964465629,0.0303723585121066,0.0258127196882419,0.0187305908633225,0.0203760662537324,0.0170496538196874,0.014655578084669,0.00373891843004986,0.00175837510867676
0.0108866416358895,0.00344782614694474,0.00471065556453968,0.0122196691438237,0.0113949792596182,0.0458510674846564,0.0554710112504606,0.147146953947807,0.175071280265323,0.0938501856274841,0.150117561034991,0.16232977138271,0.0667069741397846,0.0373242918300957,0.0195146340902509,0.0100838253722052,0.00809332367952132,0.0161149992291021,0.0299389327400069,0.0115926724959095,0.00783899149863956,0.0134631569258683,0.00870431876487831
0.0428665135287722,0.0315629493553894,0.0112649121401241,0.0132725901808692,0.0065043773650523,0.0178924608471829,0.0471620137285522,0.100573071176023,0.224980191383784,0.163268312107533,0.260468669139004,0.108723244662901,0.0501818238585736,0.147112513412457,0.156004192845811,0.0301212092763819,0.0572379616085647,0.0320324151219448,0.0258847617060445,0.0324593075361547,0.00447913166384681,0.0168554764829157,0.00941871733898023
0.0581291999057257,0.0310090398996099,0.020223741714629,0.0148698038740907,0.0034137877437238,0.0140599185456665,0.0157456527192247,0.0188199150417061,0.0532008098389823,0.119136454120159,0.072742901579792,0.405200914087372,0.0958797991568395,0.201497536180937,0.123193908443036,0.219691318893735,0.112758102236349,0.0467158904769986,0.052744080813242,0.0701334372747758,0.0220577825583699,0.0891156693135993,0.0247376399411143
0.0197078446459319,0.0188942417563064,0.012775376334675,0.00089159118389682,0.00767833564394271,0.00223091412204866,0.00400757424634869,0.00875153221101172,0.030431988156585,0.0492889766697729,0.155563046261196,0.202713998804226,0.417227772759106,0.473416434741119,0.145267282417136,0.0805645839371225,0.195514168566604,0.100090104580737,0.0227758692245292,0.0836970928411772,0.0465126188248527,0.111862079737083,0.0373671007558188
0.0218244418573351,0.00981915150747802,0.0055108093528504,0.0110179827423567,0.00653746329029838,0.0172802579377066,0.0237608406910197,0.0668871297034158,0.0992558452213465,0.157289337193113,0.246698922929642,0.240349759183421,0.395305721324826,0.460930896172571,0.184523098826482,0.078126074882577,0.0553202452621077,0.0550610647458087,0.0353643185989284,0.0307890217386414,0.0359978850497805,0.0640332918038099,0.0182131823650648
0.0111625872448674,0.00355649733513454,0.0239614199156199,0.0051671157410684,0.00441359514111715,0.0079647865891464,0.0183948188635718,0.0291548848935583,0.122546276456135,0.238168017798176,0.357825932633752,0.203435550021938,0.24803679890068,0.276525264698223,0.0416677689567478,0.151493081557365,0.0390405915517032,0.0296635197977658,0.0299907422598364,0.00543825599868271,0.0168779047073883,0.0242085655052553,0.00419728232357093
0.00344767260630348,0.000959726761072158,0.00169240932041313,0.00407280803581105,0.0046734926762891,0.00519450437650784,0.0352315976465715,0.0266203704610917,0.111562113722351,0.0942763302255051,0.144059029931333,0.167056929343535,0.16485554322633,0.0604810194081804,0.0713741664703905,0.0356920262778232,0.018182791348195,0.00572158722949673,0.00673179845325909,0.00513130609938484,0.0157442887806507,0.0349726240017163,0.00606461659440551
0.00432022432517749,0.00145090400638261,0.00158176122540586,0.00568211979221678,0.00185697044334335,0.00392807168700514,0.00344370607016478,0.00893136706414712,0.0154022871251328,0.00868406676083109,0.00650708236226783,0.00749384984683257,0.0209917321717248,0.0135850702836171,0.00588122940411654,0.00615114457060884,0.00757016448366411,0.00461168226290083,0.0017958864105994,0.00750966132292186,0.0145856261212764,0.0274548946927204,0.00947453190049904
0.00330317394026561,0.00296493826907876,0.00165561174143466,0.00365043618023188,0.000896246268582109,0.00170078208537941,0.00183047462815669,0.00235018775286044,0.00267570788981839,0.00208915761440715,0.000522102566207095,0.00246388968961603,0.00200730147485522,0.00238107206124222,0.00150791708836774,0.00344067840889897,0.00182402964762092,0.0026055818129317,0.00147780858673438,0.00207737041773801,0.00330656766913213,0.00635432339307269,0.00493362721096773
0.00164882718212812,0.00120760284756775,0.00054508289990938,0.00131777708182215,0.000560281155902762,0.00159110347567664,0.000516953382365104,0.00263776854443364,0.000595864565597607,0.00112157746728031,0.000617930873953709,0.000438443940440112,0.00117375668271781,0.00145521412830722,0.000463913533646831,0.000944027984470003,0.000920657870800404,0.00179966302734854,0.00106763210382621,0.00115253915765261,0.00168750389103278,0.00684688424157081,0.00226318872328671
0.00237438352230929,0.00328331457416669,0.00199229483186432,0.00385423960040819,0.00450349340299816,0.0129169078743149,0.0241996738257868,0.0264872022415935,0.0456620735555991,0.05453126613566,0.0213101554658501,0.0226061704993114,0.0376297659138084,0.0903536776126042,0.11153240528655,0.0455321777456663,0.0855765520177745,0.0688630211223498,0.0531236926728884,0.0116619494645261,0.0153173775610329,0.0229098946285137,0.0476029271904541
0.00866220070048311,0.0137488710596164,0.0170536181488205,0.0097909049825528,0.00888766566051044,0.100921319000819,0.197925167419085,0.075466741379894,0.166222440182627,0.14518001380346,0.0202558232586996,0.111760260613898,0.180901644259717,0.165090904202776,0.0831335433753509,0.078031860909108,0.093234131894993,0.0492740985630807,0.0153726161526367,0.0571803276382504,0.0176912769674336,0.0115438883180625,0.0297850951634017
0.0161396379097846,0.0192041823255263,0.0266567929610895,0.00646763968691981,0.0104831942908093,0.0470626459524931,0.0638792036352975,0.0597093769431017,0.161321128533652,0.233674717827503,0.231859758999139,0.143401228051455,0.215987969621132,0.341082195603799,0.498071841649171,0.494375720712685,0.419301831936154,0.271118424591137,0.130313316789237,0.0466485803266238,0.0154859562257185,0.0100716842064585,0.0110808344469709
0.027155862628346,0.00971733872370943,0.0270662946563257,0.00603728376430916,0.0170549995726784,0.0103326675658497,0.0112514963496111,0.0691283690079454,0.109293020004901,0.218034192335154,0.286346737617434,0.135776575648608,0.235808119576549,0.181180152501457,0.12565262968363,0.112071110064849,0.102883178128266,0.0865344949632343,0.0384762642146874,0.0220353312070202,0.0168675129000731,0.00779233183604572,0.0100743398418395
0.0172091813097078,0.00896173132909029,0.00650702573202664,0.00594619434523468,0.00560831953919901,0.0155985519574445,0.0207171206547893,0.031559375617897,0.0744905377218405,0.126551397517657,0.135869864886724,0.15022878204061,0.145786616823841,0.035671798068082,0.0435777857998186,0.0311667410844845,0.0236824308522344,0.00782204607434821,0.0229721184505838,0.0122451450965355,0.00543488301929567,0.00459949423673493,0.00349560832535058
0.0176328584361138,0.00392258200656037,0.0065657738336168,0.00826640130844278,0.010779771620901,0.037061612442812,0.0716024994654284,0.165944755059498,0.142663186409089,0.0419575069329672,0.14234768560136,0.0893425165437389,0.0600488713065062,0.0306589559145034,0.0202194249041341,0.0168198367276894,0.0204241217108867,0.0106702894332999,0.0183808266654414,0.0150800655533675,0.00793389640795105,0.0100949420599278,0.00590532447079979
0.0337037901158797,0.0293946607840529,0.0105868918357813,0.0155938101089592,0.00652666185914607,0.0207971459977892,0.0389518544356371,0.107768647507986,0.219496646778609,0.25611434348031,0.343461953880877,0.205391226843109,0.0764839361022966,0.0852276863115546,0.136230799851424,0.0546835768442445,0.0706133415901107,0.0349560910398112,0.0310093491875558,0.0361412073265798,0.00371277568673424,0.0074512200772411,0.00900184544521643
0.0423633887256148,0.0261386052599433,0.0188398565176968,0.0112174634980463,0.0106444592917409,0.010080657934616,0.009816694488365,0.0273013422001756,0.0470676794663334,0.0414222526277478,0.0925843874393419,0.285709247971645,0.128365350667044,0.0759140439154104,0.183766561484355,0.234606166616554,0.0680113050182219,0.0267389702825722,0.0452179236457981,0.0617564443061705,0.017528423542675,0.0592496213134171,0.0161703917637673
0.00934567787309793,0.00545391092615358,0.011817778227591,0.00271939908892969,0.0066154943098414,0.00107625993790347,0.00443484255905009,0.00732822767526505,0.0242808602625998,0.0386139877470531,0.139106672230197,0.188186305565729,0.33408605378445,0.368645283239892,0.187088451068281,0.0789658470665955,0.209148475383101,0.0890708331372996,0.0347089497752087,0.0773736869884453,0.0423706126760043,0.114423960089339,0.0222073092788556
0.0120922676253378,0.0107570538515602,0.00872067419577446,0.00489003679885227,0.00892248384553497,0.0135276425562053,0.0228162014819814,0.0463748072116322,0.0929171298482359,0.149632809356412,0.224043422040523,0.288995278831161,0.393952697008291,0.394782654429575,0.200371168820885,0.0328068154926963,0.0737272606905746,0.0419655688151203,0.0356041825908282,0.021705037131317,0.0054598707687437,0.074767617251563,0.0112391212157121
0.0102762206324206,0.0064556979131122,0.0216476921083034,0.00737800611712345,0.0069163245933448,0.00939064337414334,0.0127218201769245,0.0459493029723077,0.0824482408696621,0.237968392828351,0.311158781718544,0.19622409312988,0.280066522948828,0.202295948453576,0.038583479253604,0.134099857798183,0.046984563925952,0.0281814113601546,0.0284774253370693,0.00737684848289407,0.0192253373901119,0.0246154338861749,0.00187052421975567
0.00360959142959853,0.00259940270332033,0.00260095031947131,0.00376175981565236,0.00390757500112498,0.00123075189484718,0.0219174331965137,0.0128584357205896,0.0937378935858263,0.0542102767939217,0.0992048331537372,0.14781950290862,0.115964912431171,0.0734170700892746,0.0621490878907359,0.0213497967088239,0.0101185818767028,0.00507746017290843,0.00707489768282148,0.00937563538216676,0.0065578295871204,0.0192324129585505,0.00631867628082027
0.00247831959739638,0.00285664942589557,0.00221500441634031,0.00370114517923138,0.000641358373650814,0.003444845082345,0.00273453939248145,0.00346487244896887,0.010674724870924,0.00728390174286532,0.00502687904869169,0.0109001504782426,0.0184447315568312,0.0156590375606593,0.00965855458916612,0.00538147304644341,0.00458947629954991,0.00299780174163327,0.00202896755216506,0.00725867844257863,0.00381795898381236,0.0166358232263069,0.0104693016117521
0.00305344014208366,0.00159053897554663,0.00174027449093479,0.00279584116196892,0.00124321487931794,0.00196768795342748,0.00125700682254645,0.00211105202904598,0.00385661533661993,0.00117346869382125,0.00114815194954774,0.00334292058361311,0.00158539169673575,0.00127246986664609,0.00156009890014708,0.00319278162392932,0.00130894088934459,0.00291957241373384,0.00135317239046592,0.00099015931906418,0.00289932374707684,0.00458563348304581,0.0045219911013463
0.00148232123826593,0.00133978901597322,0.000890140247360393,0.00120097522620963,0.000363200911060749,0.00132293064795126,0.000516389357977275,0.00184402979356594,0.000862391113001703,0.00128442229014216,0.000341179062904888,0.00121872869152255,0.000760619570494575,0.00138610114986092,0.000612907622961801,0.000968813319159502,0.000905696825420204,0.00151402979300028,0.00118371104356066,0.000604297423778108,0.00156727019124248,0.0061117630247829,0.00173173388428782
0.0014620399277525,0.00344111142290475,0.00186272113320748,0.00412143089361041,0.00422842968339647,0.0183219994120462,0.0353385241630539,0.0281100774140423,0.0389998552346563,0.054999760751754,0.0130075103117451,0.00770775320165757,0.0202738506720802,0.0364651862188428,0.0458734015118296,0.0142696026868219,0.0390209191763027,0.0485637916461042,0.0413697659675835,0.0180664358567498,0.0124377243646593,0.0233948819348675,0.0468768879422589
0.0198825622636445,0.00594373568477047,0.0171016100068422,0.00383611835223438,0.0137989859320278,0.0783099553551335,0.131008035812901,0.0837989000220612,0.159635831409579,0.0815703316030326,0.0202814914926832,0.0632872132666366,0.0696933147963415,0.0612942736967212,0.0367062790648536,0.0163772562054171,0.035930771720361,0.0152374963241432,0.00749337657521858,0.0315275761327018,0.00490756459459086,0.00699044541003027,0.0240186981847249
0.00766976941329614,0.0123587124315933,0.0124691982584287,0.00997437504398251,0.00876696366921834,0.0245070581933145,0.0308055973222224,0.0488863843211436,0.0708148009697832,0.0695356643784257,0.0708520919506857,0.0284735033935121,0.0861648815666123,0.134246176859577,0.290337411896991,0.251039364576392,0.21310150660191,0.135452237418843,0.0747393951773518,0.0337265107908822,0.0187201978590787,0.00491026827799559,0.00814217919874625
0.00830201894952483,0.00268153038370952,0.0146813520209922,0.00500495307926124,0.00927626915059326,0.00507814082000157,0.00874082543359142,0.0409763405118283,0.0303450943933358,0.0792140355871575,0.121278393769401,0.139912897476277,0.0864280576696288,0.0492479506521126,0.048177965072565,0.0470595139294806,0.0423354859202356,0.0412658120330128,0.0128276664218108,0.00972329112326853,0.00970128745739623,0.0044465342188941,0.00965928543525351
0.0101896641877801,0.00640794914489735,0.00610895623931668,0.00862669904860296,0.00624515719921449,0.00947733010918829,0.011854119955204,0.0219467984811372,0.0576921730848012,0.069224774027775,0.0661539487201055,0.060135478109634,0.0791027915350484,0.0309532274376567,0.0252040147439455,0.0186744917208253,0.0149913275995644,0.00958241198968049,0.0154528515738357,0.00539090344780981,0.00236365816127135,0.0058307093363781,0.00398131816726385
0.0191999696955555,0.00140457480551618,0.00535666595162457,0.00617308066637577,0.00504345233613607,0.0167965485016185,0.0455572254200082,0.0929377085948288,0.0461016873272731,0.0393048099649895,0.0677216475352783,0.0296087557432065,0.0243695299102939,0.0206024472666878,0.00925003377275892,0.0189716857867089,0.023755443761169,0.00346564670521025,0.00724230025903554,0.0138056597259962,0.00622752358756058,0.00392080902483584,0.00384930999110204
0.0289149861252253,0.0182729929850259,0.0130319136999593,0.00929593653170547,0.0126225341762645,0.0155634708683101,0.0197186725341554,0.0935742863710583,0.113809193907293,0.279437537334631,0.276389566331559,0.179553020487299,0.0674466219530808,0.0266016956706725,0.0548840278206132,0.0365330717834407,0.0560279308959292,0.0286998665097542,0.0248839152565826,0.0257372462013102,0.00256205134305706,0.0091333467599796,0.00833210703897283
0.0448433452453199,0.0173657712028863,0.00893442185216932,0.0108137391127955,0.0158158708868105,0.00867097865075615,0.0102884576236161,0.0241299726581552,0.0199126361183532,0.0242640477312601,0.0564439352453212,0.130091984138967,0.11056233057885,0.024952612963761,0.124713815485828,0.140926454103486,0.0201553318603042,0.0180926945648095,0.0499413464994355,0.0381141652357219,0.010566855257911,0.0351653505392757,0.0127492892081576
0.005150235661483,0.00773199812029668,0.0077615269481782,0.0036725095514903,0.00472365344023504,0.00217048600564899,0.00629371691354187,0.00316729778923571,0.0163320821132324,0.0130240307596755,0.0697067786171865,0.0792119390713317,0.118091497400162,0.179144428312287,0.0915456011818296,0.0803139551623308,0.12715882158198,0.0389846771734294,0.0230632061173828,0.0534275228366018,0.0554802800378357,0.144454291150176,0.0191156021468854
0.007303109295205,0.0123453163183203,0.00924933617224073,0.00855820175532718,0.00883790546241505,0.00997551847410328,0.0175301850813035,0.0222350717214713,0.0490450831406653,0.0816947160211607,0.109278598491859,0.167250615320632,0.182445313963075,0.183154255518894,0.0963666775945576,0.0416792678561071,0.0749080278664258,0.0176103399844565,0.039949322490025,0.0123200272398943,0.00275523875931557,0.0591598194256967,0.007297674991596
0.0134742183982281,0.00847088674956722,0.0163670144490263,0.0106634663356208,0.0144875073704262,0.0166806726111223,0.00920899889145174,0.0403434044541868,0.02233463034556,0.13276904324996,0.145695270551673,0.0873742951645927,0.145630803968078,0.0769067287140035,0.0307817265988728,0.0947706697641967,0.037736572642425,0.0261091954883677,0.0158128849418783,0.00357329017233467,0.0155806813185963,0.017840938612124,0.00075571224394665
0.00398837761558806,0.00235728403616758,0.00379354674677167,0.00165811463072302,0.00264910301893642,0.000954548038785706,0.0109592322747866,0.0165593642271332,0.0396766903972013,0.0559051487692112,0.0379233298945663,0.0799010518019241,0.032415098977625,0.0593546257802485,0.0367430835345871,0.0166771200240506,0.00829167846675286,0.00661393050568008,0.00809372879052717,0.0072423689945397,0.00504555366837952,0.00664877581217271,0.00488935354260813
0.00445204978011735,0.00362139572152477,0.00147782715841434,0.00210260198883854,0.00135392833071468,0.0027897592712564,0.00392424459032498,0.00119164976471586,0.00761970131992805,0.00669916060210708,0.00299955956182273,0.0087747993267291,0.0142056163615744,0.0109500218866163,0.00937753926066805,0.0021144578354449,0.00269940805011316,0.00232920609878769,0.00379601961488078,0.00480905572703721,0.00330393741666755,0.00608673750850256,0.00938026501903033
0.00255026890838777,0.000867634128178605,0.00184471498791488,0.00162804949499184,0.00137552588150221,0.00171375188092516,0.000617995405245828,0.0014407526554273,0.00381789229972296,0.00130605117018717,0.00141969593411064,0.00268873185192329,0.00129754889394901,0.000614303614605859,0.00149651909295769,0.00241458833383749,0.000975198263710022,0.00168889819929688,0.00300177291927692,0.000801383434978781,0.0020629561862652,0.0025618423466286,0.00436816543296136
0.00167561193066626,0.00179033939527546,0.000882331372764708,0.000792526465777406,0.00047217762899805,0.000850848406238732,0.000423460120246763,0.00118451147891106,0.000940887000618603,0.000842197524467439,0.000654504520064841,0.00159408132281575,0.000800132241472381,0.00143040624059312,0.000770914914051547,0.00084188710895101,0.000973410617353486,0.000796327428481055,0.000863111563949873,0.000995488846809001,0.000968484115035921,0.00254440351516565,0.00145715785282486
0.00267171390209899,0.011778526607796,0.00769269079710381,0.0064632682384389,0.00635816669331174,0.0286384660821243,0.0594331136936313,0.0647301281630086,0.0394792841637085,0.130422411406868,0.0262004672822574,0.0479293464915228,0.0256328651312519,0.0328977653579093,0.0456322122094469,0.0189053608667552,0.0452236374726888,0.0951041310508258,0.0456352047181477,0.0477594399772899,0.0263284590546446,0.0512011279705888,0.0591313491601876
0.0331496857923623,0.00570485833165519,0.019976703308394,0.00254747110550485,0.0151437291128043,0.0604140086431128,0.111097645266837,0.121389691956603,0.132640563513981,0.0739207404909214,0.0144828031472181,0.0357050908595065,0.0255713127383306,0.0231994848480072,0.0226475419468142,0.00584680746882019,0.00505174531493518,0.00286809879592647,0.00134448721490758,0.0153728711476494,0.00347640998071624,0.00702453992450681,0.0246679120286917
0.00949016257660444,0.00930568530069378,0.00965854083928934,0.00720819277599258,0.0110968331138349,0.0195852702298084,0.0165329646158604,0.0344652216101319,0.0231229385874582,0.0134487877994376,0.013142223350984,0.019189050830119,0.0388184786359118,0.0319790580712166,0.0867431661857949,0.0558612740125505,0.0382936483828183,0.0273837239973221,0.0208486059723326,0.0125428760426813,0.00914571063775084,0.0134091739549649,0.00619424490228976
0.00327783022121885,0.00141783890024073,0.0110761103292176,0.00283084518711976,0.00721027619742189,0.00302269805485785,0.00836452588522707,0.0125882989823829,0.0160356850878841,0.0138192887688824,0.0201680989625799,0.0922373920487243,0.027374621239054,0.0153492373563956,0.00980837360669434,0.00945364485448022,0.00715443522823495,0.0161107178070526,0.00458782910627783,0.00505434467808826,0.00395658643696821,0.00743152742277261,0.0101294613340757
0.0062492567356895,0.00484824676221267,0.0044486565224015,0.0103116122136544,0.00279233302726777,0.00358395289718073,0.013004388648013,0.0690105732967026,0.0650951431163937,0.0253766059347869,0.0198007743857357,0.0229226748282298,0.026311559002866,0.0251215720649005,0.0145036660660333,0.00805082780235337,0.0136069702232136,0.0122633081743885,0.00970687895190775,0.00494394887462596,0.00214357203327356,0.00273928504114311,0.00467468667884866
0.0161597494568692,0.00110985101052124,0.00217982739344088,0.00346365834702956,0.00338990385427593,0.0100736714274121,0.030782441486366,0.0525431832978335,0.0232478651458152,0.0666634300436535,0.0243832919086452,0.0181691529987629,0.00461566800288085,0.0190934761770261,0.00332316221532097,0.0127692658347373,0.0217930024860018,0.00391925814869255,0.00666444233271449,0.0109959332631916,0.00763412499388279,0.00564790740774879,0.00241765308184307
0.0386526302893333,0.0167799303101732,0.0103775596035852,0.00474603368342369,0.0105898973373088,0.00791105683073971,0.0170030382141587,0.055629552731393,0.0620231688488355,0.227316133777196,0.121672026509079,0.0715445239910815,0.0389148603732125,0.0311766881216234,0.0166464486976745,0.0358954066349096,0.0244595401901205,0.0177657148566163,0.010613010237457,0.0196479542939342,0.0113594363903111,0.0156332488785962,0.0082724051831792
0.0557419930882423,0.0240200717412695,0.0113735296525903,0.0128867364799056,0.0180778312247415,0.0101352988789117,0.00486441040241799,0.0286011093372398,0.0189556567086538,0.0798368282724721,0.0549346498268184,0.0858532612841795,0.0438807389542854,0.0438715439837012,0.0409693114434455,0.0511080934940322,0.0287522680493626,0.00928259065122236,0.0478414170057547,0.0235841866411152,0.0162622443696062,0.0257340305638295,0.0122445316434233
0.00539225048584868,0.00988916430359307,0.00338012973773879,0.00478148313620589,0.00410572919930127,0.00423509810923589,0.00626947774954274,0.00387785360772076,0.0162601189312028,0.00816680665212662,0.0165201278142539,0.0326368751535682,0.0483965543761335,0.160356755040254,0.0416460582064449,0.0857669371125628,0.0668950220801995,0.0290125687081365,0.0122168456967122,0.0305395829190455,0.0635511401111823,0.147488701746633,0.0285694238575229
0.0104470383638364,0.00609623368322078,0.00804123529263562,0.0104137675680964,0.0138289153669051,0.012227186267215,0.01098974989551,0.0166073557892985,0.0145734667866913,0.0315875194683644,0.0509071881835594,0.0829166549848571,0.0459521857392359,0.0713752837030614,0.0341889154535318,0.0771354417265096,0.0530120307696078,0.0409669848023805,0.0275664497344677,0.0175092842073175,0.00585897174315864,0.0473622475935884,0.00841583891448019
0.0124377563022196,0.00573590380259778,0.0125054322654904,0.0135864377850267,0.0160908752948011,0.0169565671516728,0.00978027890204498,0.0284623900727592,0.0122437552477874,0.0366044899621541,0.0498611858551387,0.0556127283514711,0.0445290478583198,0.0222053852274506,0.0394668400447547,0.0549919746812306,0.0268918633239279,0.0319382647779897,0.0074923328486994,0.00252998824138675,0.00705405916481575,0.0119389984460459,0.00222778464575803
0.00370414304347485,0.00265152995873835,0.00559479959152181,0.000960518658590496,0.00255172979071428,0.00324170505769798,0.00526549203207568,0.0132698416284421,0.0169297892758306,0.0290664329848918,0.0100398220983374,0.0314668953662222,0.0167476704845137,0.0236011727381054,0.0158240513140252,0.0115574074345139,0.0160621959455983,0.0072175833224851,0.00807593293369062,0.00198733921890874,0.00489176440086018,0.0140762685895212,0.00331668116844588
0.00551124946325539,0.00387040032370259,0.000820412520995665,0.00144342799364299,0.00246695913408606,0.00278797216976189,0.00468577414594741,0.00125081700700572,0.00694163859841299,0.00593352304642827,0.00153995764790155,0.00771557890668048,0.0116498109802116,0.00596787568755077,0.010607389496297,0.00379469437807955,0.00669482910489813,0.00188211090704544,0.00427979752489627,0.00519500403297072,0.00595231591266887,0.00482006576285201,0.00836723989914488
0.00220192861026748,0.000872451868238062,0.00191782642486607,0.000823622608360012,0.00131170326081522,0.00197481252531186,0.00158844954790975,0.00193021107375163,0.00284650660266567,0.00102052000671276,0.000629373234017906,0.00159206262657564,0.00149406090481198,0.00100244751737025,0.00237935408866624,0.00254485055183419,0.00150735529133313,0.000786401446760822,0.00417698462430769,0.00170661610862056,0.00096968872306503,0.00481098643182361,0.00515517687328888
0.00109822553072074,0.00128663469564098,0.000512453503428251,0.00160271271606814,0.000351949416218891,0.00104799976554884,0.000945384935048591,0.00100846374349222,0.000979800492567976,0.000557064908307067,0.00105994896624988,0.00156372573343568,0.000553201009700728,0.00143337840356156,0.00120006266845125,0.00087894937722757,0.0008175583117853,0.000962889103716889,0.00123363085586698,0.000892131398356767,0.000747588555509347,0.00177456205990938,0.0016177552034495
0.00435263347257127,0.0163216492338161,0.0110675427283686,0.0309863854131978,0.0277809446761459,0.113912461184598,0.0902402126419984,0.116715361168873,0.236432145378758,0.357917926414902,0.197920761368818,0.280631764782267,0.17114247467463,0.123833544407534,0.227340981309086,0.147584563359977,0.231998773711271,0.229659775603198,0.0994542722078344,0.156846186380784,0.08494436238334,0.124967274869685,0.0560250949339801
0.0254757467913564,0.00434129405853668,0.0178546216042631,0.00676345648638515,0.0138513784268621,0.0322382688796266,0.0658159293380223,0.0991387161295148,0.0896261502576646,0.0428849827771006,0.0253688967452786,0.0215825550795336,0.0217306703634547,0.00956997731480227,0.00422887764246624,0.00482455204377595,0.00325364725476559,0.00189229996514687,0.00145459808729513,0.00832576151920202,0.00193328909888457,0.00777802655160049,0.0199972149203805
0.00577329173941708,0.00289717225533546,0.00413081827286468,0.00426533996679389,0.010120898447564,0.0147732799372945,0.0106266340157344,0.014452468271305,0.0087379891583821,0.0156866303652784,0.0100603331973734,0.0142242570958814,0.0126616268229981,0.0130612956025621,0.0238049942374214,0.0300683685825687,0.0160350950029031,0.00359067174738353,0.0084516712169251,0.00114689557252219,0.00149294018362168,0.00865104240193561,0.00309752877005175
0.00483728215807521,0.000626060359089763,0.00803689114588623,0.00130998611773163,0.005804786084191,0.00132303817637556,0.00351115605926711,0.0208802630890858,0.0174544089762004,0.0120368577690831,0.0101026023514864,0.0335398197951318,0.0230072400529078,0.00903280951261704,0.0033658264461942,0.0056670908836036,0.00492754056914261,0.00859468664537379,0.00944551146917049,0.00185055024037854,0.0018331042562513,0.00353710354847452,0.00791156503187682
0.0109135352593147,0.00573773163607299,0.0011387476924621,0.00835123194039322,0.00040097624584882,0.00486411732575509,0.00957832008119819,0.0958526070006975,0.0792384698697028,0.0295100741132423,0.0173343787564054,0.0207318102445441,0.0089697559375371,0.00715084487565086,0.00318461733279446,0.00364035097599937,0.010325691073769,0.00802876594802821,0.00495588824168633,0.00415847095173468,0.00156525986511589,0.00182330241403971,0.00379707681568874
0.0110303950021484,0.00177374987139888,0.00151346599234017,0.00130914071839005,0.00252898830589486,0.0135669725584334,0.0205558130154255,0.0427903590463614,0.0195907015877878,0.0537315145850955,0.0134439407754098,0.0107977407866485,0.00593308924795467,0.0094566785714345,0.00733444154138056,0.0050803732137119,0.0101539949787003,0.00142325874054281,0.00567135417510443,0.00539755779775229,0.00420615078334146,0.00356806506770991,0.000888703711759529
0.0254335085850975,0.0105238090100918,0.00751908886401498,0.0023732660405656,0.00525063024364983,0.00658920716553968,0.016188513952463,0.0219666461609876,0.0405847398961078,0.0977755955506782,0.0199127757429851,0.0100028877016209,0.0167016147478935,0.0180495850448596,0.00771276323445014,0.0253882295072486,0.00804447970591002,0.00832359383692166,0.0108609280117845,0.017650625906285,0.0125738331014438,0.00682108594806075,0.00556994625868747
0.033718535141793,0.017173033569066,0.00783373202051437,0.00890491022620457,0.00816490301649411,0.00579872122463713,0.00500294528664904,0.0319724287309775,0.0406805946152822,0.139882529232565,0.105734604621284,0.100347566228034,0.0552999890536096,0.0506342311917205,0.0230082164396046,0.0222439988294441,0.0454901209061722,0.0308137157232874,0.0191300279789848,0.0182979711276006,0.0110248083055134,0.0249137090463413,0.0105006823396991
0.00746730552443242,0.00516190173009179,0.00604832522588419,0.00340592637692371,0.00370483698848039,0.00438011222847519,0.0032204460742547,0.00640669842351749,0.0150460878150119,0.0104063559454628,0.0270430681055625,0.0691548973989915,0.139038857491893,0.25718045701824,0.101854418248535,0.064824464227543,0.0473432170242431,0.0252734239840218,0.0195284562517515,0.0131427549436038,0.0219032975590719,0.129781433341725,0.0315122568255508
0.00893030633877197,0.0120181840306713,0.00363367558527029,0.00520990979397659,0.0104900378259982,0.00940610724143017,0.0094860585591726,0.0173805472428462,0.00565778615874968,0.04087736508478,0.122911757458849,0.0397436555551937,0.166310496071397,0.0789343917653755,0.13106721874342,0.0471349376856003,0.024540922479654,0.0502392297577538,0.0111385491144354,0.0389457161342978,0.0142119476937336,0.0263862256583296,0.00914067686430155
0.00842777963877403,0.00581690163523646,0.00476837925406555,0.0117006031372981,0.00846682431647871,0.00851212877418261,0.00523083519803715,0.0112391443254864,0.0261070770477814,0.0128289715058321,0.0406230497149808,0.0588997247400472,0.0629002395188337,0.0104454861419665,0.05052204273707,0.012439843358978,0.0076192385206746,0.022342307891959,0.0116442242868196,0.00355916941987152,0.0108640415207384,0.00554833355480848,0.00333607383838642
0.00156571396929807,0.00307173378783866,0.00336064911366491,0.00162473916534625,0.00216369216162448,0.00370908019600179,0.00450350660164974,0.00766967818575966,0.0128951341666644,0.0100728543379949,0.0143231630252268,0.0253317264432007,0.00642816080420888,0.0184344400741684,0.0301967332949486,0.0139257446012885,0.0158790681242853,0.0076208872659827,0.00418533198179705,0.00265361330214649,0.00926259322827574,0.0169499328344188,0.00189383461958861
0.00340063830341071,0.00163614080742915,0.000996141009020093,0.000550369483640035,0.00163464526772545,0.00217524132473219,0.00352044733627908,0.0010167885353506,0.0083691014932834,0.00455441718532428,0.00467386542383994,0.00944732108062313,0.0101002720269831,0.00406062889227284,0.00846464449548652,0.00436950292486533,0.0075590872816093,0.0015714604085532,0.0012996468399123,0.00470781018107921,0.00505023601538371,0.00311893103104022,0.0053772861762509
0.00110047208748827,0.000846204461987598,0.00142016586739234,0.000945298911801964,0.00182108911987388,0.00228037063554318,0.00248614948875974,0.00222832395708986,0.00223430635501999,0.000916243537350991,0.000868283711729368,0.000510488129933428,0.00156112867772954,0.00136547138504855,0.00230569535948097,0.00291245860124176,0.0022040688401514,0.00066198361669424,0.00289012243132699,0.00134740512550404,0.000821364656567917,0.005680373455735,0.00468453247116174
0.00198722349892041,0.000352012660854352,0.000710708888001359,0.00246845871746779,0.000846616367731127,0.00169237633627594,0.000446979912872727,0.00084750652637606,0.000964421445630143,0.000412817626277823,0.000879679705534335,0.000791965564455299,0.000872081394980571,0.000646544191242857,0.00122251749908459,0.000831868845118651,0.000912758394206738,0.000973639185485647,0.00117965964470556,0.00048164140155965,0.000613364347410114,0.00275382975413468,0.00144529997563661
0.0238764270620673,0.0459735133408533,0.0109439131117191,0.125976085179842,0.200012879375108,0.445159067167466,0.464034751571176,0.526739731461084,0.705996388949398,0.566558758836312,0.609869510099645,0.743747557056961,0.594200266606282,0.477616281935558,0.569167534136493,0.517484047588792,0.537645898825267,0.358508914826038,0.0971294325018077,0.341167846670307,0.245530920577079,0.213012717519196,0.0593210998463842
0.016159941412413,0.00589994534629809,0.0212665360118501,0.00973824642974707,0.0324449355594551,0.0388519769008895,0.0448397108360691,0.115948636584506,0.111434375124834,0.0231820866561851,0.0552426752446475,0.0215385403124453,0.0279241546530649,0.0073322206540533,0.00421959078335763,0.00616222624076825,0.00317057540292946,0.00131821149743248,0.000426027876762457,0.00988636334972873,0.0017064655323528,0.00296580161541074,0.0200817809009209
0.003041055747447,0.00320810032361016,0.00147987192991608,0.00568622551556472,0.00704247466385812,0.0138307778064878,0.0106681918160267,0.0216136424023325,0.00512659667396717,0.0115319711841879,0.0133051476460373,0.0159522732572919,0.0137210013047961,0.0228013248791488,0.0261932248028673,0.0543819920261831,0.0428561287468433,0.0187826938280192,0.0162834800813394,0.00235144877390391,0.0029082163950947,0.00615565284961283,0.00216622311374392
0.00474237567143177,0.000565074977504058,0.00676958962475809,0.00126872066990112,0.0055482437287308,0.00394242024482394,0.00121985414413507,0.0319701628272876,0.0283732521048594,0.0109065943873871,0.008717931769624,0.0129658247601147,0.0313060391122501,0.0162294832318348,0.00417082626007433,0.0061095741033633,0.00494350639111473,0.0082826865454795,0.0112200024607416,0.00238869153894412,0.000829652823898335,0.0013566737762241,0.00752787225982988
0.0151166160675751,0.00613295456209271,0.00112417559941446,0.0059353600896871,0.00253236255791631,0.00641247905551238,0.0138613320307358,0.121439978437842,0.118507243020491,0.0782025404354832,0.0469129371904157,0.0150415702592544,0.00561869053511577,0.00626114993803958,0.0012594663181139,0.00891724307991579,0.00537963248864188,0.00381835784964227,0.00447081663063208,0.00290968143468624,0.000669218029488479,0.00250815972782645,0.00354462203712864
0.0104474722079073,0.00279045652115776,0.00211377764482667,0.00337147239640117,0.00274401325315587,0.0143832616937254,0.0125814701516951,0.0328015771312808,0.0497290557560434,0.0517100657854006,0.0188261771440527,0.0204315857902082,0.0118195075283805,0.00378850029218292,0.0141602955974018,0.00643836609717505,0.00496069383963873,0.00345860611609697,0.00353030096893784,0.00223927772518162,0.00283577334774795,0.00267610343496867,0.000775495315016373
0.0149204965942585,0.00535439544455696,0.00799909059372958,0.00335491625561635,0.00511748098674244,0.00660809565923301,0.00774833136102002,0.0200702158187444,0.0430247183338718,0.0643945317821191,0.0157122524475339,0.0180825456141212,0.0323218065832262,0.0194873211512797,0.00246793873436273,0.0182632936401612,0.0158945216375772,0.00613295691902799,0.0130760674344651,0.016965422163691,0.0102874364901821,0.00446168805819892,0.00435056141183637
0.0173256838490205,0.0125116565975888,0.00436536350314781,0.00550990620034756,0.0021149718057775,0.00315502063442853,0.00863984873188403,0.03326120915783,0.0684416647808493,0.136705969549776,0.12173977775033,0.0926930286656214,0.137548087075044,0.0355827946047414,0.0478531800440233,0.0225032482217186,0.054365705873484,0.0375455314759322,0.00810633999133089,0.0170860629907659,0.0268624475470171,0.0318074437899925,0.0118420840079201
0.0053686490491693,0.00505731432074136,0.00554231710288362,0.00480822998764486,0.00468199871744429,0.00456267453161092,0.00363469831343408,0.00789081255006175,0.0182175378247759,0.0242556975410537,0.0554457530183374,0.175625049059965,0.272851144364442,0.334006423460164,0.174187139949683,0.076372886457845,0.0432853625685372,0.0373196693271352,0.0353240899302517,0.0309734292286549,0.0335643552513114,0.152086881900741,0.0366459077132473
0.0119239185473707,0.0119157900482589,0.00395445398325883,0.00587469550298216,0.00765112696207412,0.00749015532264997,0.0125862251163751,0.0214422017140864,0.00463612027121736,0.0788080619317209,0.220637636691342,0.128605182392809,0.340111165963507,0.23146058439446,0.237915099528392,0.0600934644171884,0.0288623674147792,0.0436445133842775,0.0185818792429876,0.0500449092202456,0.017500512156056,0.0389937292280664,0.0100719957448536
0.0153616774809551,0.0117581327080066,0.00320510303990846,0.0102388513601945,0.00752991370434829,0.00848503110929862,0.0123300209436646,0.00952284813424552,0.0471236310545382,0.0296161895935429,0.0658030999832001,0.0814669228887758,0.0883884940772959,0.0149812381803723,0.054158398215859,0.0162879541407703,0.0111596283117145,0.0267208316349454,0.0184961781406755,0.00652313992958098,0.0117888605006417,0.00349996716760241,0.00455746669750179
0.00316967967668356,0.00267003841499663,0.0015811330304182,0.00191331164892482,0.00173018127661789,0.00337440479599588,0.00709855733022277,0.00847278239215688,0.0163015752018794,0.0132265747998433,0.0139239518461414,0.0364086342759703,0.0160959014288782,0.0299786387963723,0.0560514327371934,0.0163260756722751,0.0136376736920245,0.0117491103659771,0.00556510366660646,0.00450163003422622,0.00798149065332736,0.0169215360872464,0.00219596601856382
0.00265353729967499,0.00342193299919722,0.000839601988922487,0.00110556052677156,0.00102590005550931,0.0014011928997738,0.00252636948630973,0.00210549832253503,0.0110022760460426,0.0143420925880337,0.0145659056543987,0.00989260200408444,0.0160986352555943,0.00466352367491137,0.00816507863781205,0.00545457693986326,0.00838038969430176,0.00373060836038542,0.0018930503707171,0.00346280465534163,0.00309241702175838,0.0062881357026578,0.00445463933297002
0.000890898910171468,0.000966172185444239,0.00135496741453702,0.000979700204187405,0.00200867105720401,0.00268637842351188,0.00294933397804836,0.00176858015028073,0.00283948543844635,0.00229028357711483,0.00222601868959961,0.000760673538663544,0.00155699447304098,0.0014010285354605,0.00132848703191715,0.00316756669707924,0.00220105523461069,0.000579007828889072,0.00182336135155869,0.000971491671968389,0.0011018056974372,0.00369178610378602,0.00483631381288214
0.002201565494577,0.000352920223694098,0.000363009381424946,0.00251065363868817,0.00150507451346475,0.00185022543434097,0.000736972141460204,0.0010870707324466,0.0015154450725841,0.000798435183603531,0.000535008436469575,0.000747426633665137,0.00137668413997903,0.000305987141598378,0.00121066584483487,0.0010087287161886,0.00151873507857121,0.000735092652121515,0.00126906902045281,0.0004937365757499,0.000973852203336205,0.00274121367508167,0.00153656540339861
0.0825159523602035,0.118182840810708,0.0734948124215382,0.325766361318116,0.616457261425115,0.96300904447493,1.10460620625391,1.14342432182501,1.04159838645573,0.381967760207683,0.866947059089447,0.978194323023797,0.944684652466554,0.80293491193801,0.702862633146145,0.833224920973832,0.617715207335381,0.328409183909269,0.101390332841163,0.395918850047212,0.296698797070473,0.178661449909063,0.0554912939922203
0.0056155483582872,0.00644053925359745,0.0376475164433936,0.02504863712658,0.100264635328728,0.055265467490917,0.0481887575001591,0.131431716936851,0.109455588844424,0.0301070587034591,0.0651208260691423,0.0258379756906559,0.0300500919270557,0.00767878738158676,0.00435893862332063,0.00625721710348127,0.00268622049200772,0.00188773605362348,0.000757222199205097,0.0123765382656189,0.00253431304735394,0.00498011819881331,0.0206333120684011
0.00130494775707328,0.00285730053146549,0.000985472320549395,0.00447713556609741,0.00261986229359618,0.0106550045085777,0.00818599733726021,0.0197088768685112,0.0112413323226844,0.0129832414656644,0.0126836579400168,0.00502025578519811,0.0161002391285328,0.0299448975833683,0.0633520058812503,0.0935477463773534,0.0835263238190032,0.0485643926831565,0.0239378892585541,0.00641290486079136,0.00396033409391785,0.00682331569770822,0.00202811262637149
0.00380843209021271,0.00157351441606154,0.00477852356165348,0.00115835133745555,0.00383949390633122,0.00608470500917954,0.00509753415071098,0.0309187975462422,0.0311127407170354,0.0150381622334576,0.0105175171294508,0.024575630256531,0.0389930088589442,0.0149838193490238,0.00684161762879614,0.00649078879236314,0.0037119152402286,0.00756104188599177,0.00929466382988321,0.00365361208396242,0.00249867362406616,0.0018719340450101,0.00687198228599946
0.0127546696639618,0.00295259680524926,0.0029806472436344,0.00315223255976237,0.00339465318607659,0.0099905471454586,0.0153818933379439,0.109160997473318,0.109598406845319,0.110108218012975,0.0566331715443399,0.00717182975216734,0.00341039037164673,0.00344626703912034,0.00335136730661411,0.00904768228019865,0.00362585093343519,0.00470840267643891,0.00662166014539434,0.00156706067046872,0.000498586898564982,0.00254305304557777,0.00298870687115408
0.00715775439178322,0.0017519898811124,0.00246705245139686,0.00430731794483003,0.00237728053027365,0.00929568000193766,0.0152688573325099,0.0293873697188896,0.0758751773880192,0.0328973480825914,0.0382175372623495,0.0325257841896819,0.0219122527799268,0.00751302786208443,0.0147105627652635,0.00358940601738346,0.00405520166136991,0.00610868092373964,0.00279605374372885,0.00107698540345715,0.00192478212449197,0.00324379075850566,0.00116450178130539
0.00639242797026023,0.00614113270749341,0.00676361426511278,0.00354680922183441,0.0027593119284168,0.00970648297348814,0.0160007911607066,0.00903303450110246,0.0523284619791954,0.05263784518499,0.014529378906973,0.0356000685298191,0.0508678686580495,0.0295705702599765,0.00932163443313831,0.0273628955161625,0.0255110420425289,0.0117157149513109,0.00898147541427873,0.0155919496540595,0.00633897190311483,0.00508865716742659,0.00300760353959249
0.0106034031853807,0.00953689244246668,0.00848260909947157,0.00669294140683177,0.000482854142244817,0.00253685848119926,0.00855227607321007,0.021154300064968,0.063462793982251,0.0624697486668036,0.0821500195213634,0.0599842282153758,0.15142884984833,0.0562460827029011,0.083330034364885,0.0168851603517687,0.0374350477859661,0.02091493135979,0.0129026753688506,0.0189933291960041,0.026829468090104,0.0218719396109116,0.0123264268823339
0.00643932557859591,0.00347914254947316,0.00514214374097642,0.0106677667908141,0.0040337731370155,0.00392738192002657,0.0063054310104266,0.0043971613079385,0.0190812794483443,0.0282488645925959,0.0760510911050084,0.208019267778959,0.253764024964334,0.218072888720942,0.128052461214368,0.118344860267118,0.0464724969091665,0.0412281268290034,0.0301834828925974,0.035205475842402,0.055946130595479,0.0945196032074734,0.0382371274642103
0.0135420458293905,0.00679492619920421,0.00741816208105206,0.0119754682750477,0.00448342807476296,0.00754860356588585,0.0122658375133063,0.0204012330435134,0.0101251838682309,0.0806485982921823,0.219592360623981,0.235553287118477,0.329595704374006,0.359387444748958,0.216432497998071,0.0626543616799273,0.0444966153887213,0.0379312688589184,0.0328701568885492,0.0357670427271231,0.015417457621545,0.0493835762917459,0.00930286895452309
0.0116177504728883,0.014313889349639,0.00820990271194176,0.00448118641056816,0.00980190598614724,0.00696381147505408,0.0156908561112545,0.012592694611239,0.0476556636126362,0.0567059016521289,0.0770939169892763,0.078019679650411,0.110949889107737,0.0454387780365541,0.0668464698802365,0.0140062854208202,0.00599154834803904,0.0345503252404407,0.0191611168022157,0.0103512995097471,0.00779273829508582,0.00750541777340551,0.00587915513253033
0.0036016547164767,0.00137533748872026,0.00107261427132446,0.00188358919305317,0.00165885658969214,0.00564471043007757,0.00593644332257694,0.00831297762915092,0.0146469104255336,0.0125791899675622,0.0178782981005077,0.0385386026768101,0.0288749062008264,0.0252420871789225,0.0603253889852915,0.0180995844884732,0.0109503062120047,0.0143904355892877,0.00540333862600693,0.00334311166567616,0.00822293874712255,0.0088559147702503,0.00212205934731448
0.00206402446787904,0.00445869101897863,0.00059646135181659,0.00216105610610983,0.00109520480081337,0.000678438368127296,0.001321219559353,0.00571209213016823,0.00952227144352827,0.0193694122379032,0.0209770708375526,0.0158287296356845,0.0154583465518211,0.0100381134239061,0.0113574407134696,0.00634679199073828,0.00817071892143158,0.00519363893360625,0.001124996990711,0.00331112151617079,0.0016644599376757,0.00807240528781361,0.00350687690579434
0.00116296186453425,0.00146680203588493,0.0015394410600622,0.000687541891317272,0.00122712905471105,0.00253706168033139,0.00276493427661123,0.000738519911353158,0.0021860508438588,0.00272589122644189,0.00332289023644416,0.00124201275245846,0.00126725407125924,0.000604874734440715,0.000776716022689586,0.00251537651563019,0.00108408143818348,0.00108756158348854,0.000579437658129907,0.001669117437712,0.00256752561762804,0.00361358075944893,0.00444352763259372
0.00103295365523297,0.000601511547682642,0.000237203285609503,0.00157175984759759,0.00101487062301063,0.00115288664797552,0.000710392521947101,0.000992157794500432,0.00204571778094209,0.0011852132469082,0.000585846729462056,0.000558379706028414,0.00107765868295537,0.000160162603570244,0.00106614424552743,0.00121921750688901,0.0013625709112918,0.000588545081770632,0.00128181193824802,0.000817560153024057,0.0013360281940286,0.00194029140603677,0.00159986781454542
0.102148028233805,0.125943653296222,0.192156090156385,0.333767727215712,0.701565971886264,0.832943233125866,0.968746927510495,0.904803376329249,0.653070531434798,0.0988854699916412,0.519108713798949,0.491608094797173,0.599184996507066,0.530165736832849,0.320047856055679,0.541110273643309,0.286941219881902,0.155598037299261,0.0585679472508574,0.201402425139103,0.155153771865718,0.0579948786901744,0.039327659339085
0.00505010118702762,0.00900851137331398,0.0600581286998345,0.0586849029197425,0.178922606863541,0.0426078047680433,0.0571091152977447,0.0734152543537892,0.0568095543971977,0.0225476616303778,0.0283914597748353,0.0172932830853497,0.020379827814676,0.00840283419684794,0.00428991937686025,0.00518970386416126,0.00150003038885183,0.00172202206527565,0.0014935677326815,0.010214473473581,0.00225441167781771,0.00429216256865179,0.019959993364813
0.000693842802836619,0.00132561778840445,0.00077378315905951,0.00302736647215197,0.00173362483606602,0.00685362086519182,0.00276034345788568,0.014615097296472,0.0116396313685765,0.0061538755778137,0.00410262768048206,0.00399009643407174,0.010474475916229,0.0143965409191843,0.0588708103642221,0.0720581630172565,0.0647433013259212,0.0380437743646675,0.0205318898232229,0.00706445156947061,0.00261653689976882,0.00549231511644656,0.00170829968382971
0.00223201021713403,0.000819939254029098,0.00328531746665988,0.000694432417762583,0.00156816582737417,0.00472220503717169,0.00693414928879956,0.0122707802927873,0.0164409079280352,0.0142275412920274,0.00609777837267205,0.0269252518513816,0.0182345059456069,0.00469627717075903,0.00325644692605143,0.00408285233547553,0.0018635768464186,0.00477181797089631,0.00511141366116449,0.00222018958664294,0.00226187646933834,0.000865753381793167,0.00552337056580732
0.00617675508658998,0.000652044576368933,0.00366277648243357,0.00167689532957068,0.00143290673829362,0.0131697945590608,0.0210350288395696,0.0491661462247974,0.0374514035445376,0.0638264387268041,0.0276792854951031,0.00686088749009342,0.00356650454427882,0.00155877265498035,0.00406476160919297,0.00404976295879539,0.00516322767465184,0.00611964971526455,0.00484559592643433,0.000771776584177869,0.00111622133294196,0.0013933402103533,0.00203855802110171
0.00491073204710997,0.000519082721961432,0.00199040466519285,0.00348843592286359,0.0015669964825411,0.00323848558381234,0.0140918013055379,0.017395766995182,0.0482752739984482,0.0186206677796079,0.0311259099598602,0.0236666882229933,0.0167325642567736,0.00882612002453573,0.00791807129269548,0.00215240979637386,0.00493491952673068,0.00426965433053872,0.00303066173065604,0.000692108794575695,0.0022047261571837,0.00239559035812964,0.00109015857781163
0.00647810770501599,0.00385010782338681,0.00385048050238991,0.00186932502121961,0.00268050499290737,0.00538703321906707,0.0148708828735548,0.0157343176528814,0.0355461141919917,0.0364924796640922,0.0181899431080907,0.0389130296289113,0.0336368137510137,0.0210473350921176,0.0109528481925268,0.0298227288630092,0.0217189746509239,0.00929863085706362,0.00860109483525764,0.0113717672135886,0.0029516125411878,0.00734746836463472,0.00192808262198044
0.0155726412473995,0.00849116657212692,0.00511782584115817,0.00409606960816549,0.000891173872466848,0.00276385439573947,0.00607874451881961,0.00634139996773233,0.025276592714441,0.0221929038134851,0.0265542780758729,0.0548343418930631,0.0666525241263142,0.0764792083642488,0.0747606464484399,0.0217467057827414,0.0125505517601304,0.00986835073542889,0.00764453336842124,0.0137044043022948,0.0105119633997972,0.00618601536473326,0.0100829380544869
0.0109993929561962,0.00143689081384893,0.00493215178971972,0.0108828001888728,0.00228724915723189,0.00348715647886433,0.00340850611030123,0.00336792635252463,0.0116848845753538,0.0187733692511826,0.0404062563644026,0.111156809342493,0.0799694778544584,0.0553234833465083,0.0388623214617979,0.0928311140521894,0.0199324613732198,0.0282992049354669,0.0185219103838275,0.020383621499277,0.0516412359029441,0.0316060134241971,0.0308529518993108
0.0100581060687662,0.00310855215839094,0.00557903825791884,0.0111759760311089,0.00292785122102128,0.00329615403914162,0.00882163995736241,0.0145302591640902,0.015131441155642,0.0421770502703478,0.109443296235726,0.13345869339209,0.125770197948733,0.24093451706234,0.0818854861021996,0.0626630405472063,0.0457583161265463,0.0182983259646886,0.0268432268526762,0.0132929744587048,0.0244082305929697,0.0255696455580459,0.00685654636377753
0.00437902123408439,0.0083709784493064,0.00982092849207839,0.00172536405031974,0.00821703314626189,0.00541354517637962,0.00902610424992485,0.00547267131278157,0.0209892108833132,0.0415715207509582,0.0488252279018115,0.0302585935180522,0.074569393524319,0.0346624261189979,0.0642642539455642,0.00915755257214861,0.00616460216112226,0.023948332421713,0.00811854808857009,0.00817496494062704,0.00673505684891017,0.010692249858575,0.00581626910135316
0.00251767749861981,0.00156386409870468,0.000718720182412332,0.00211633176982505,0.00200263487477197,0.00526916268753017,0.00299967107533141,0.00613665760944378,0.0074382790906387,0.00668230465141048,0.0178909523070309,0.0230823795391268,0.0197347983767383,0.0215917719470048,0.0355434957113289,0.0110421460345958,0.00886865209477865,0.012412370150828,0.00221647474471832,0.00157889376871845,0.00787245755220464,0.00675162894332743,0.0011580345561742
0.00206511435886047,0.00264714543893651,0.000637297288777286,0.0021505619837968,0.000748667862079418,0.000760389355825993,0.000899682048843698,0.00849672139128456,0.00877233177581926,0.0112746027695538,0.0115252895876342,0.0146318356595732,0.00634440248763453,0.0108084158036053,0.00833433279473795,0.00548532130372794,0.0058893155945338,0.00437030346616657,0.00045870359913556,0.00397741247743213,0.00151855949500496,0.00568247463302306,0.00266606670802063
0.000911945250723605,0.00152408105661969,0.00170432259533912,0.000869946944611627,0.000851976378322449,0.00212337686864704,0.00199543755543017,0.000734218512204886,0.000711369984862931,0.00165908794021793,0.00231154967313604,0.000990583355643617,0.00128045795710811,0.000447591670304472,0.000826725544240201,0.00142769418247134,0.00122733054669875,0.00188876048743282,0.000417603697914609,0.00193521349635407,0.00224580883471626,0.00420670112080092,0.00319652944346139
0.00091651433022264,0.000926556420660331,0.000254803050836987,0.000665341741201709,0.000307446666213878,0.000767252551968138,0.000390133571823033,0.000593795088068702,0.0015842741030885,0.000562913499192558,0.000481702293837828,0.000320151310232032,0.00049498330890002,0.000521804686781235,0.00086919077510351,0.00118259606347565,0.000698400058632595,0.0005034246571793,0.000800186460204516,0.00048178015640144,0.00112542576764099,0.00151736395335706,0.00145254734298508
0.077869675643818,0.0854103039620106,0.26325027543503,0.194807960992298,0.5123105687644,0.407526622163819,0.518788328348609,0.36993806397634,0.244947901245838,0.102454804244576,0.182785653982583,0.109873850182043,0.188226862497202,0.216634457371148,0.088855013755551,0.189203290222676,0.0952345005973108,0.0578274640070805,0.0556644804987542,0.0565369091985532,0.0652344869649433,0.0379463333246467,0.0284410180344038
0.0215644784901538,0.0179236424939071,0.0933868069110213,0.127998831883581,0.253700015098667,0.153246343852658,0.142034164149195,0.0947222448787241,0.0532374262844122,0.0290764117646447,0.0137244254560191,0.028358853016393,0.0150124879487551,0.0111031393771984,0.0115881290946468,0.00406667487046139,0.00519120690297163,0.00459872794739659,0.00684158887848576,0.0150588555685199,0.00866458677923843,0.00760703320045987,0.0256766886085498
0.000341584222435906,0.00142987954591453,0.00103936316448291,0.00325183536588278,0.00114594116332785,0.00718741016201135,0.00482829440484767,0.00989158291501277,0.00871210335887367,0.00906306434941946,0.00278656753775857,0.0040231747384208,0.00687912147022771,0.00659768597524067,0.0371820477660258,0.0332036069998299,0.0272762840419693,0.0217328112369516,0.0150502105431935,0.00700598571885716,0.00352242453231113,0.00346299080035355,0.00160026753312171
0.00116046471886264,0.000609275717129964,0.00302015536942197,0.000407697234975389,0.000991222671608619,0.00437372016460849,0.0048434446420595,0.00302682565812744,0.0101337078032781,0.00892035191070133,0.00236699555504505,0.0171961394878417,0.00883358713200163,0.0034314598746426,0.00266015639030831,0.001975374312521,0.000738395388502025,0.00255018518987997,0.00358517766583638,0.00226442213097339,0.00122390829172421,0.000975353220790137,0.0055939843789001
0.0031807380619879,0.000671655023531216,0.00339109642373164,0.00115679088723416,0.00185820688543864,0.0141063369967411,0.0397188610941367,0.0107737828598304,0.0128830004516211,0.0184650267249839,0.00822084828185981,0.011015501120167,0.00424062889897311,0.00170264549788136,0.00254324236169298,0.00179580424486325,0.00343735728160317,0.00345960607481401,0.00253708008853403,0.000850029645480661,0.00171536583868025,0.00100595619845816,0.00158207908766692
0.00556983725973015,0.000672568829407855,0.00173501406825871,0.00335731344810903,0.00146685421931293,0.00374280359668226,0.00679209834116455,0.00935497167805294,0.0193237082576712,0.0172863644218461,0.0144301104525234,0.0105436680645714,0.00731312638451334,0.0121075013898504,0.00345767558258468,0.00263847762169231,0.00532982410289029,0.00205963414871467,0.00296546781072257,0.000925242609843066,0.00192742957233384,0.00330684480642841,0.000905618282820429
0.00871890650545898,0.0019122423158389,0.0024814278409068,0.00174027650560131,0.00360559002255337,0.0024902690517167,0.0102413142941113,0.0231261107036791,0.0304173816014172,0.0266684138853175,0.0283425587951928,0.0341839889061572,0.0116246896870916,0.00826121142154825,0.00475098661834077,0.0236686993543537,0.0127131018011879,0.00816872275583748,0.00986778314063934,0.00894714818041999,0.00203487673890331,0.0111484036564825,0.00219088095028122
0.0206277878141189,0.00597013045354023,0.00531159069900579,0.0014339396086969,0.0016894358966076,0.00197511502814713,0.00577186505390042,0.00549870282830106,0.0075169447443693,0.0315455111012292,0.0095230956681437,0.0600526473870748,0.0133944785111586,0.0489742144069272,0.0472479295158916,0.0182594481726254,0.00601476833315636,0.0112991668251929,0.0054077772983053,0.00888658779932682,0.00741662669765971,0.00363774013589853,0.00976858032668382
0.00985125405105802,0.0034553714154766,0.00405498694423889,0.00910627956558415,0.00167263853955596,0.00353358295307428,0.00232817123092063,0.00493784286765524,0.00443835078630578,0.0124017876124901,0.0193979153049171,0.053522321678082,0.0386416922984543,0.0658781376034876,0.0227317861779836,0.0688978732429836,0.012715745772844,0.0277780072532969,0.0146805798043119,0.0117363400228652,0.0342287673229175,0.054244305865678,0.0273498070824794
0.00863368827174037,0.00200071292446721,0.004197248852767,0.00901448673420521,0.00588631194411979,0.00171191403954162,0.0108999697134097,0.00943033546034096,0.0136727724653784,0.0164037500845088,0.0539882052943627,0.0364712269287423,0.0383614556680541,0.117030905242789,0.0393309637652714,0.105864853619365,0.0340281151662829,0.004892207864897,0.0259236771308244,0.0193049647536704,0.0151851192168663,0.0138043399515747,0.00653973717653789
0.00712068354912681,0.00343982512602493,0.0126112390981585,0.00134040671408392,0.00621728834877112,0.00394186541458775,0.00460947541129003,0.00308360422220061,0.00709920848703648,0.0174085351702864,0.0259229909916844,0.0182583328200264,0.0470846619770324,0.0147297924428055,0.0499278739910329,0.00634198296798936,0.0073403022070326,0.0123724732324998,0.00577691569540737,0.00444559909367744,0.00817023711041624,0.0127813511638389,0.00601721384585721
0.00266150034588878,0.00357187143429658,0.00126446184370936,0.00297422510152872,0.00197277289456429,0.00339016812979867,0.00469302497098462,0.00976986031436193,0.00342296050328454,0.00933541391213109,0.015803229929499,0.0133389320504216,0.0111545795557433,0.0187995470060495,0.0188428726188819,0.00552187664163102,0.00707046736584222,0.010638878154065,0.00268737069897977,0.00433073669982743,0.00605163472831516,0.0196915552053792,0.000730885494263217
0.00169398896979606,0.00145718273074947,0.00181881274087359,0.00210396741757775,0.000926541285603321,0.00165155088296069,0.001735778961518,0.0122406022344707,0.00940603634789477,0.0145382155861993,0.00519749022315577,0.00835367717035675,0.00478321709178016,0.00594376980691125,0.00679092608684654,0.00575213207459142,0.00442536892666865,0.0038313886804713,0.00189296198747261,0.00476951329847254,0.00174106767851579,0.00483172512928736,0.00280921949842146
0.00125556590690637,0.00151267892639746,0.00218113552052377,0.0015109273595079,0.00090878756352673,0.00260721450629467,0.00181855719373183,0.000869597745806032,0.00129211126470045,0.00206669299390835,0.0010054704150135,0.00114082957439003,0.00127089116808907,0.000928381083772794,0.00075782118863517,0.00138617191454792,0.00202508330206844,0.00238163039172233,0.00106559388298316,0.00190879996378217,0.00169286047104793,0.0038826941082576,0.00244931577763573
0.00100287870207084,0.000921301692831892,0.000453196144321695,0.000450663802674999,0.000701432239149697,0.00125773042196237,0.000657127771734539,0.000289611608230673,0.00114000717955997,0.000520744966997129,0.000566608795720577,0.000457781674120161,0.000315228830381528,0.00115708172340972,0.000712876894418836,0.00128245443808082,0.000495710766064705,0.000472488132047104,0.000334765698927718,0.000845754849112601,0.00155173615808884,0.00219375904067632,0.00158412870775428
0.0531963363605223,0.0630479395144117,0.14784104853837,0.0984447586628696,0.146066483528273,0.100758162501598,0.159476812283886,0.0332527273015429,0.0598307301760353,0.0622935646267247,0.0241637849934178,0.0782832756124785,0.0139861234785693,0.0462903840824656,0.0983871348234908,0.0347876052276488,0.0379643611185286,0.0264603849591109,0.068959042157455,0.0245852882036131,0.0304347810232852,0.0362325735788269,0.0135478268173394
0.0478739795112099,0.0244729981679372,0.0912009199716689,0.127873033287161,0.172369582533145,0.214293289052356,0.209160540460546,0.093947550075564,0.0586268196477485,0.0393645887616307,0.0356509363370139,0.0336448853864738,0.0276173282845271,0.0291323735066311,0.0495118171798839,0.0275011115475601,0.0239751709064136,0.0127576309843271,0.0189021388612562,0.0126574716597562,0.0266085609861781,0.0232736984360708,0.0305212605210221
0.000168204705498042,0.000812763772374631,0.000450797517272564,0.00373448928500438,0.000370830734526677,0.00700558809826019,0.00565172000705306,0.00994273079108192,0.00844445044388785,0.00894894674482193,0.00326231185959027,0.00350783466816156,0.00257522776124381,0.00361489891079442,0.0197774467744106,0.0161798873961932,0.0101663918069872,0.0133068184415615,0.0112772986289432,0.00598478172842802,0.00196411060274243,0.00135398868379137,0.0015283255433287
0.00145896284312878,0.000319711114602363,0.00221379160000244,0.000142931751857161,0.00135715906584341,0.00294514554852146,0.00244970092722189,0.00525475435059592,0.0062666395729612,0.00504000719271767,0.00201264604035316,0.00630682103196795,0.0062879131206966,0.003157080819624,0.00219348241484368,0.00189800244313785,0.00147292718970207,0.00137367084392699,0.00326546280517346,0.00162175963847423,0.00174914439075949,0.00115198335981588,0.00504447438779607
0.00217723415579446,0.00094882415175382,0.00187944494277254,0.00209691883534292,0.00211369085644716,0.00715578165458592,0.0360436364300687,0.0124098689247718,0.0135862202817855,0.0076639421471585,0.0101045156268817,0.0111820593029738,0.00381139515223513,0.00145544966210547,0.00203497568557633,0.000903390971218988,0.00267966028683347,0.00177303664406688,0.000948740850829731,0.00172421149884824,0.00103197795546953,0.000606911636966173,0.00102339620489776
0.00506965302728357,0.00160291057178827,0.00111137100540433,0.00173877552005488,0.00102198643207571,0.00575377123574316,0.00359175005171804,0.0134096496566006,0.00649856766222392,0.00872151132793794,0.00542567021735239,0.00311428198785757,0.00366876670100628,0.00841110567780934,0.00243689823307589,0.00252505736780169,0.00324164339239163,0.000939991014522973,0.00243032355012563,0.00114191481368837,0.000496768410200426,0.00361339556443967,0.000547466207607457
0.00558604270657029,0.00365927447005569,0.00145665444237579,0.0023312649060949,0.00226623855652995,0.00133938854720727,0.00531639934691099,0.017804155598015,0.0216476899769397,0.0258477264115193,0.0229978739687253,0.019042081449413,0.00384609552914354,0.00475675573703393,0.00208683969598703,0.0103153489949999,0.00240683156269282,0.00358747088434605,0.00579098839352609,0.0067408419093309,0.00173545539331322,0.0116298996199501,0.00265777499212325
0.0155433691455736,0.00500177509376273,0.00715930433762142,0.00217550540844408,0.00214986383317508,0.000453811493543,0.00453865731076211,0.00629310607452223,0.0133600514660344,0.043579271202499,0.0172034730499901,0.052882893830021,0.00993300403658758,0.00962672125782098,0.018573342869525,0.00635253109227283,0.0131217055916918,0.00683341354475618,0.00798870729451088,0.00290707457297941,0.00920332823632172,0.00496169373907792,0.00862854178524032
0.0026255122343816,0.00292431120967899,0.0023099492458445,0.0050938992538467,0.00155527038628508,0.00222970863760054,0.00291706575169297,0.00286164340405401,0.00206171638823955,0.00679735993299165,0.0341938953598955,0.0337917003567286,0.0511424644753984,0.0932287548982939,0.0583162273880237,0.0295350834563144,0.0210153633844383,0.0143257558910149,0.00658885582053736,0.00795975001501748,0.0178098483608352,0.0468112103495818,0.0206711394986806
0.00479464332345954,0.000945665070352235,0.00504161234153199,0.00542818301315025,0.00339219167889645,0.00287544237380883,0.0106607466276419,0.00309963893267806,0.00616403061507669,0.0114559490005192,0.027368595056576,0.0139746031509655,0.0503211535225481,0.0344556281224961,0.0615097023912732,0.0946665870331581,0.0368994064002832,0.0105672428689088,0.0223866854428909,0.0241575276917269,0.0112532847747385,0.0179536359509172,0.00640596959199006
0.00749028176768182,0.00531115863567661,0.00955763400828755,0.00221198293022606,0.00392689669200867,0.00180424055982953,0.00529879978665135,0.00473768989238838,0.0126614556877763,0.0143571343153562,0.0162679638466372,0.0220744538751911,0.0266922783313817,0.0216159888032852,0.0167892164299339,0.00558246979627186,0.00822826607673325,0.00925540704129879,0.00416600047934961,0.0102452010262732,0.00639931398751767,0.0112200268121181,0.00445854242650315
0.00101661781764113,0.00342632901186818,0.00275278370593773,0.00198994478485738,0.0009985593768666,0.000752255868536353,0.00466666635507148,0.0115138333160435,0.00169661474161926,0.0212702451748884,0.014298675937783,0.00523314744532466,0.00675309472109039,0.0110206892924675,0.00735170853828246,0.00671791671305656,0.00401219198036032,0.00553171550626526,0.00493203321594898,0.00520678599590959,0.00834755498602032,0.0234397605838001,0.00119199271900495
0.000959177191145375,0.00101293575165766,0.00211954381312171,0.00158639023588712,0.0018148181117174,0.00128097438113465,0.00259290659959875,0.0118061151383304,0.0107813235882223,0.0236401639539481,0.01085261140276,0.00954721940746169,0.00402501785231594,0.00261744548418595,0.00609489860547272,0.0036390917196847,0.00199191971940865,0.00290293942435949,0.00330358844735869,0.00359140922679855,0.00134853436279388,0.00610979854059166,0.00225697251787447
0.00216620400012177,0.000767700982003845,0.00163037604591091,0.00206288865928232,0.000452681034666605,0.00247958886611415,0.00143965613578496,0.000710457175126535,0.00152805225323679,0.00248825138947378,0.000577870679300159,0.00108558201018269,0.000904839090723823,0.00103158623874218,0.000849933578557962,0.00147011696307201,0.00108929311805377,0.00170145015802813,0.00166876773116405,0.000943054569061683,0.00181136840240034,0.00462296685162242,0.00122285524584135
0.00054997029877549,0.000912711867701517,0.00063763411664024,0.000299381757002526,0.000966939113872013,0.00151468726312973,0.000432758834819028,0.000499359290609926,0.00100363252638482,0.000810615375893004,0.000712970521452788,0.000264499125992151,0.000827454329198997,0.00139298767493597,0.000383980337566272,0.0010435717909115,0.000380036713147426,0.000394354701931265,0.000438813096158328,0.00123677794356144,0.00129934691334484,0.0012770013613691,0.00139833678792395
0.0447895149443877,0.0505777385342841,0.0360171290717195,0.064609081673,0.0255927573610896,0.0738730079345785,0.0768821694587286,0.0154369387120378,0.0340190080309018,0.0555893186754264,0.0434408394854306,0.0324512883903633,0.0100838140644403,0.0235713133139679,0.0942004449507622,0.080106568067674,0.0727610572425212,0.054171746393019,0.0475797544465383,0.0229691187502563,0.0231124373177205,0.0251632739204188,0.00667703044595738
0.0868055105833983,0.0543270223589754,0.087257442320919,0.118902948983149,0.0609078620720117,0.13102725125574,0.156633853625119,0.0764112440295087,0.079811443000944,0.0754409424172917,0.113739836310523,0.0852372345327587,0.0708477446920912,0.0775612651610482,0.100810287219001,0.0991379096882915,0.062522880372531,0.0290666619416706,0.0295002604293777,0.0269308480269823,0.0411279131238752,0.0301449038516467,0.0347465085365559
0.000205539454109119,0.000444570144534432,0.000236775940183175,0.00444998671873462,0.000435745219420769,0.00588176146712716,0.00473738511377338,0.0099253082759921,0.0083247482285335,0.00736962224473779,0.00342249609713385,0.00479492754626166,0.00265199520598671,0.00389959523342792,0.0169529401522305,0.0235574069448268,0.0164985657710956,0.0134232394880071,0.0149230922500498,0.0028850529446967,0.00156295405227412,0.00146428477251063,0.00163830190327202
0.00131286595464217,0.000219761861182153,0.00175670361730151,0.000205278810575017,0.00157749335949794,0.00108170818245696,0.00243502700590197,0.00625916237791963,0.00326760267389619,0.00579164847572518,0.00499754317355231,0.00582522101057394,0.00423734461250718,0.00451429229586856,0.000955481548211958,0.00137881618489846,0.0017846327470119,0.00105394206756977,0.00289375283603642,0.000557209690877902,0.00147013605942699,0.000719077123196324,0.00460499810981724
0.00235610567792132,0.00130417661774585,0.000815128097557153,0.00223326872271316,0.00104627370170365,0.00293778426905525,0.0228438132608285,0.00921554488149764,0.0158509349159838,0.0128094740287819,0.0181327102710764,0.0094086199235935,0.00231713912292924,0.00108661091769083,0.00262559582761402,0.00125011698562022,0.00392731897517874,0.0014133957242173,0.000410756944381458,0.00158020877754764,0.000362295804999443,0.000417061687660304,0.000703365994829388
0.00378788350248778,0.00214125087885093,0.000923838866500649,0.000617924281645354,0.00103232820547959,0.00581318340693804,0.00581822101527298,0.0158647318399078,0.0134447993341297,0.0129001991704905,0.00991740190274186,0.00242313099195219,0.00357506773405424,0.00343456489529762,0.00253926055772262,0.00306847009655197,0.00164328548407964,0.000907572095908732,0.00131633160509926,0.00183728702924577,0.000447041261193561,0.00263355251738423,0.00061756090803273
0.00328924459144375,0.004036722262276,0.000905813770288139,0.00205918209881494,0.00114326452577482,0.00261747970662865,0.00211263742950284,0.0109265004513699,0.0125929980969076,0.0175873292744777,0.00860516391919502,0.0114922764802317,0.00613720190135592,0.00584899624293414,0.00183202653099628,0.00724665962437523,0.00214152094084925,0.00133277357806927,0.0028958898837185,0.00526031178428964,0.00356862373812602,0.00791805497764265,0.00268682223491952
0.00804257175524529,0.00283728452416369,0.00472128287723883,0.00133309069992852,0.00196228735831724,0.00086110161409214,0.00277954187530915,0.00268110766091532,0.0173697126815589,0.0326320933388889,0.0198112934104944,0.0384604616743692,0.0158662044275184,0.006392498451984,0.0109013260741992,0.0087277845160554,0.0129657433118274,0.0043974301313903,0.0080017402663743,0.00421298266113508,0.00625101557384224,0.00405891881025745,0.00797711643739427
0.00219143723862037,0.00135449019159614,0.00142884855587818,0.00248579981518857,0.00147992589847288,0.00106179069267341,0.00284280550466904,0.00444482092227686,0.0027316229049976,0.00944378978273314,0.056267826554833,0.0263718253077785,0.0797219763142726,0.0936764661722975,0.0866605332855057,0.0179315854287809,0.0183213636571664,0.00352025764661594,0.00291996753027479,0.00570106569046699,0.0149790359634395,0.0279734197282313,0.0186037429157254
0.00410881637197322,0.00151257938307731,0.0062032742831337,0.00309705824591063,0.00426082804769776,0.00265030346464026,0.00765984038798876,0.00224838416114556,0.0056309707888307,0.0126481791048823,0.031497921254535,0.0260396111256984,0.0497842198127349,0.0784056542953503,0.0346412651277611,0.0573616137087582,0.0400925935518337,0.0127346574378715,0.0149070517384764,0.0212284675153661,0.0116128236545879,0.02022819152656,0.00667416794625416
0.00734441108654112,0.00621447257488314,0.00340278193192607,0.00140186224569275,0.00372798040587677,0.00330946324726954,0.00609260502401389,0.0055453240987537,0.0292083377910447,0.0189393461553444,0.0190244881829949,0.0158728623166521,0.0225588467768901,0.030114078074982,0.0137099038219345,0.0145713173742682,0.0130357437430495,0.0103509438446437,0.00101023895907592,0.00939654316481264,0.00909483415641269,0.00915495061693412,0.00310311457457177
0.00207678980845642,0.0026303483075478,0.00317495403758794,0.00134341662109727,0.000873294097778059,0.000831716004033029,0.00457616785763978,0.0111467864614559,0.00893158787314823,0.0267135788782886,0.0212477968401298,0.0147402352475002,0.0222654353118206,0.00781067545138318,0.00313539137817087,0.00753586721033343,0.00469683199900988,0.00222987011639736,0.00596790293180929,0.00421997032887238,0.00611355841539019,0.0188043479261144,0.00140013964242674
0.0010295715248648,0.00173301083279816,0.00133658500430408,0.00174228275948497,0.00184266582910349,0.00114881433789175,0.00395298296051612,0.0111274078198808,0.0173999129904409,0.0226205681177953,0.0164645644189686,0.00838381462033456,0.00508928926226634,0.0058761053196532,0.00503408783625632,0.00260402708100496,0.00145512466512519,0.00192197178332782,0.00282312020044583,0.00257815484091279,0.000762716754031675,0.00694214354869389,0.00144613149283301
0.00174227053439062,0.00173839362096467,0.000686442932538546,0.00199128766775068,0.000494626810454693,0.00171321135542866,0.00115347008411945,0.00136320920312567,0.00199780186000382,0.00213190006038917,0.00104154477180269,0.00079850491153236,0.00120731221718633,0.000969744832893251,0.00114496784228495,0.00146044453805101,0.000698794190527897,0.000582435462523091,0.00200369574663244,0.000730040877529286,0.00234849444447874,0.00489197844124422,0.0004678294835409
0.00152775248881289,0.00140960728685267,0.000365566257946985,0.000431896124602378,0.000555424951452322,0.00119672878719127,0.000288200994847225,0.000591322549659076,0.00108625695060994,0.000654581819415167,0.000890864239129685,0.000496136104650657,0.000736625461721999,0.000891373604666113,0.000393422045808022,0.000585297517689789,0.000232042932938581,0.000440393328254066,0.000645556092274575,0.000848102978951218,0.000531064504388373,0.00265376311650769,0.00111690733926178
