0.0963966868362313,0.0676836264525911,0.0220921165945612,0.131807559101045,0.136878550780128,0.0748351127689167,2.02580994444323,2.56234930611917,2.20402409417542,2.61985076037204,2.92334565349679,1.85441792212593,2.04846286759024,2.06463744285311,0.702432530942023,0.723482391462251,1.14922513465605,1.28472571140516,0.661901217996325,1.40612453210252,0.352708485419983,0.00354455043865668
0.0584661323875726,0.0206741664828672,0.0476438452543406,0.437400334386087,0.676447201617996,0.0696863344622118,1.33851442871838,6.31774165887843,9.10888294235727,7.64045447495361,5.59655971465832,5.37294169337944,5.69773264081218,2.13232292941787,2.41971307194388,1.16861572884225,1.34137910729882,1.28023660089179,1.15950737724059,0.913008627673958,0.329912389731725,0.00102771714654814
0.091653792512125,0.0654986301377575,0.14902918680394,0.301497438450864,0.315410146884704,0.121447137596695,0.835236931258708,2.4416622162704,2.09964581765998,2.52464349211094,1.23864244864835,1.25449300545435,1.11028801014569,0.99570088832002,1.75980161047368,1.63647482485058,2.28397291618651,1.06489263073221,1.78955560269897,1.23326437185007,0.922620922755039,0.00188826800779801
0.0343933720521356,0.018016754707305,0.525672010384833,0.867974335100438,0.136666779230796,0.200940865074165,0.431377564413661,1.8531685580725,2.69937897259633,2.09316185727119,1.03046524050925,1.59737349344198,2.31621343918425,0.786850597299043,1.71201441486617,1.5003956210325,1.53343187051541,1.29651553094647,0.5475034602194,0.919169619277096,0.788815507817577,0.00275368830510543
0.00509619691789715,0.00802962989045491,0.480237388042816,0.604981492241773,0.340739057170357,0.13518034118229,0.298433271914667,0.482428386354909,0.34929985273503,0.302794561646965,0.352579622040385,0.194256438512878,0.31267733114634,0.201939554020779,0.340261225039467,0.279644682358044,0.320520052670362,0.253206285856453,0.154330097055024,0.4005585147719,0.22036053985802,0.000876411770346129
0.00572505065506295,0.00410463986325589,0.306601367197707,0.461380112145742,0.204413203299538,0.087038138095794,0.0525175360950465,0.103726167575006,0.129780885128855,0.10437783537643,0.0694721333631476,0.0529274128101324,0.0627257640177956,0.0798886160229785,0.0621990856956747,0.0440449398594082,0.038186466637576,0.0782436628391987,0.0210406351757623,0.064496421931784,0.0541117606089505,0.000122801018660017
0.0165401121776215,0.0323393355558501,0.0996960003857363,0.0897377461095629,0.0549461881192468,0.0423010140363298,0.0381375474011607,0.0379199732962088,0.0437870856661664,0.0326338941484486,0.0294128980187204,0.0255017248203883,0.0195823397573208,0.00970095434268729,0.00985158355985292,0.00819847732436654,0.00816147406059968,0.00910486316627819,0.00763167310311612,0.00983735230015152,0.00689942639881904,8.34573367747418e-06
0.0369977576221969,0.018082348506828,0.0208331087351119,0.0249508972896603,0.0220155338447709,0.0213979719296815,0.0650726420444323,0.192998843332565,0.131857913102035,0.152326960882034,0.111319812836778,0.0687120175411148,0.0948396178992354,0.0370966667760048,0.0201640832684774,0.00984998217267004,0.0190281658838402,0.0225018693816451,0.0102827543453915,0.00786633389831356,0.00348254371546434,1.84979665803861e-05
0.0134945224237953,0.00770216852660743,0.0173951493833954,0.0159541675364656,0.025898306987241,0.0221892908692071,0.0405509567570268,0.0869364959511116,0.0872039955125158,0.0896061278177642,0.101276800640822,0.073499285754918,0.113228636461664,0.0921545729647349,0.0721807295084074,0.0351746243335119,0.0288481492164535,0.0268950905637244,0.0144266936306289,0.0109662506401508,0.00488205216108443,1.25783235734557e-05
0.00289903110437463,0.00613112155992505,0.0060945890348196,0.0132177882067083,0.0139336826407702,0.0131106953201185,0.0196223025051919,0.0452490914140986,0.0484228531333511,0.0301122396434617,0.0333323080999594,0.0329506646087104,0.0422958948771619,0.022598247905389,0.0359831507511085,0.0580933887358158,0.0601861708373124,0.081221365225683,0.0437047790770901,0.0834581954682164,0.0408351323135974,7.04626214644856e-05
0.00360096356359473,0.0026866179776614,0.00294057725217875,0.00867620672268538,0.00922271301091165,0.00680511885156527,0.00879742934081677,0.0182178096936498,0.0160278458289242,0.0190183429205059,0.0160337936543076,0.0170194977940064,0.0267233328168227,0.0148595794271772,0.0251293868935202,0.0424390010245517,0.0454924787878983,0.0784967229324767,0.034217598979454,0.0625039153618488,0.0187286930359769,3.69342493298734e-05
0.00243603538596418,0.00212284529756594,0.00350665598511119,0.00990526993723868,0.0132719335713754,0.00590262389656653,0.00365734014832289,0.00779070958664865,0.00868330245288723,0.0136783708484179,0.0157451667099989,0.0127148484031939,0.0282806251761096,0.0171574643050604,0.0299884150434627,0.0391159961458039,0.0726952154046235,0.168015777727158,0.0435136121991586,0.0445180761020076,0.00982585372626667,7.72798047959256e-05
0.00121826663753036,0.00124779421533748,0.00396980578470072,0.0135764830297276,0.00772980286830933,0.00517744132767578,0.00196042269648064,0.00172863824273069,0.00192583428098879,0.00228146073498552,0.00234808095577143,0.00191422140569445,0.00340952720605035,0.0025282178814022,0.00371692147923625,0.00464565273213543,0.00780025685789077,0.0222312421938969,0.00700283963185118,0.00464848923389069,0.00159080519177973,1.02064724412135e-05
0.00138670070446695,0.00148833113573549,0.00206514053042473,0.00396135996309818,0.00313014863410993,0.00299776712849115,0.0014658609782557,0.00107264905006091,0.00155249014212847,0.00188587122835853,0.00154919189057416,0.00127258961830021,0.00155723296252571,0.00156385726189125,0.00159648967426772,0.00183603616249771,0.00254198516904581,0.0058713722128971,0.00237665566881127,0.00202803206412644,0.00101845060899031,1.91040274716081e-06
0.00100424224919344,0.0012926502785901,0.0188708193778365,0.0160824996078165,0.0122795213244577,0.00524120763714173,0.00240820213375779,0.00137702787433209,0.00112658331595289,0.00145672252925774,0.00102028264693351,0.000801947211807247,0.000955409540093013,0.000981520999760032,0.0016740478432055,0.00164875077332805,0.00136285351645532,0.00177084683887894,0.00111772342466386,0.00117224451623053,0.000702164683655002,1.68385699375679e-06
0.0540294303334108,0.0246908041751229,0.0125300474395509,0.0551754742217817,0.0899078838448799,0.0451199162790951,1.1008489198193,1.17521395334485,0.689981898662021,0.817499908373844,0.942125583081347,0.594122726781902,1.29550158996588,1.26461341215199,0.206891596756848,0.182783448819149,0.488410111617003,0.706906476026866,0.226927792929002,0.714353707477179,0.220008780774701,0.00370245578260379
0.0262527187477526,0.00686510142601421,0.0275108363100126,0.212863915593318,0.424313529911059,0.0472386175373367,0.842042801691329,3.04749528445641,2.73957993054526,2.36733856426584,1.86110472213816,2.09373730652753,2.59741738667996,0.840243646832578,0.97663388324379,0.422979435662115,0.710331748480581,0.518928908634619,0.384373154285129,0.367133721997717,0.158775557471882,0.00107302839762831
0.0357666078915987,0.0312494170121244,0.0908717079109256,0.108027727906,0.15968775820336,0.0478323210910135,0.577514172438506,1.06332219703583,0.65655691894213,0.998248189664304,0.416103290710804,0.453662627189927,0.428412084387616,0.584591160818701,0.678359027801474,0.44197215861867,0.924972081376476,0.227826444226442,0.893150239277568,0.491695952779408,0.595157752517825,0.00196603536579093
0.0123422283446829,0.00567131924334991,0.419583782873964,0.365000166562872,0.0593255366784484,0.106326601730183,0.292484961909721,0.821220061425535,1.06525169015892,0.672163965522393,0.225958421362582,0.850168825944572,1.34305817926936,0.454957670175912,0.758640233336023,0.492133608850039,0.467912306329878,0.558061101455089,0.314173678750079,0.395352767487072,0.529412658415982,0.00287353038579992
0.00129767178721765,0.00296497011807328,0.372840801762315,0.259698622647593,0.236863548433361,0.105183146686124,0.15127645578477,0.218998264950035,0.107339278757892,0.0708909313983323,0.135122838304524,0.0601131671409335,0.206752961183007,0.11666173949056,0.141107736609383,0.0779006717080688,0.131548341418627,0.156610597561315,0.0677779705987577,0.204870504615126,0.109094204762494,0.000914395286012498
0.00202464365323399,0.0013398410302116,0.232614329769273,0.184361612861033,0.0655092578928494,0.0302440381749008,0.0210559397834228,0.0518004562104869,0.0522997497811639,0.042348321125952,0.0198300293272342,0.0204086884639274,0.0328436127098246,0.0347481136182678,0.0255747052576239,0.0147243400788236,0.010714633322563,0.0429913604553884,0.00717157655269222,0.0280419405626823,0.0339091361406692,0.000128207990145458
0.00623181001334102,0.0167784220430755,0.0695515929268033,0.0346801150841472,0.0182196157513756,0.0171768035702184,0.019788462950945,0.0107492887110548,0.0149757656333295,0.0106491870304765,0.0096263490920635,0.0109801720702387,0.00897467371637536,0.00384167426992882,0.00277937617836498,0.00227649131331261,0.0032497357045117,0.00487183051191389,0.00309914729415045,0.00392075279296648,0.00489447752950335,8.7030080158456e-06
0.0132099949433656,0.00560861471534203,0.0062846426594595,0.00875633264129838,0.00913544128540289,0.0100404325682006,0.0298581539240581,0.0717854730680739,0.0436225785805407,0.055086736600365,0.0577688094597847,0.0446187316271381,0.065631876054336,0.0149833835156071,0.00857313590343327,0.00454564173689016,0.00859564047972263,0.014857414016934,0.00395876778036976,0.00309156301950477,0.00195479821223452,1.93350839446747e-05
0.00707668511975642,0.00318680925789336,0.0117800840685433,0.00384881415387773,0.00810321963353786,0.00845907462725549,0.0199393581447388,0.028749999931136,0.0334733647183265,0.0403717503667459,0.0466516875342168,0.0266907764868084,0.0541754976159109,0.037874238802346,0.0255862262689243,0.010293796027734,0.0152521949519878,0.0165302600089072,0.00416714842346023,0.0045972124094661,0.00274006800302583,1.30961917312803e-05
0.00118073472465166,0.0029730015625141,0.00223472856811041,0.00731532283595806,0.004807513805057,0.00354855233605709,0.00533919128758156,0.0167651098340807,0.0229277617435958,0.0141954765594966,0.0110488732408358,0.0237978787993001,0.0279262511524468,0.00650165496581538,0.0132282907370209,0.0240786883464766,0.0295351205473364,0.0592845115907739,0.023407504445582,0.0397805618009281,0.0249434219259689,7.35133444763386e-05
0.00110220500003366,0.000941652792258661,0.000836232444722853,0.00338285973913907,0.00399239311133597,0.00183348022769695,0.00222878127344589,0.0074832565788045,0.00759830580339542,0.0077789315391387,0.00363586611740426,0.010950226184835,0.0180852817956871,0.00645529492483446,0.00709082693781129,0.013789801403149,0.0205073882183407,0.0527832163297864,0.0129426015701432,0.0356725566738515,0.0113452872424062,3.8604981645338e-05
0.000947167513689359,0.000595056483809433,0.00112459970947203,0.00378495355510446,0.0052040277264217,0.00259913352120701,0.00108117555471627,0.00269593247527614,0.00505629222839187,0.00566122994895869,0.00603341825712808,0.0100810531206595,0.0214370054281032,0.00715761649754624,0.00923160394318862,0.012452145551317,0.0426513091031986,0.141031206568116,0.0170501979203292,0.0241321609605344,0.00366536802409348,8.07157019049164e-05
0.000538804739371121,0.000423811079306101,0.00202600283202272,0.00682080582436652,0.00251899906181415,0.0024249858393969,0.000706962730023908,0.000593463355472518,0.000811893140534809,0.000774678559803986,0.000610989163665487,0.000835278027859082,0.00172836375151926,0.000690012971781521,0.00113685025000777,0.00157708315623986,0.00454730805462194,0.0173840705855419,0.00292187840662012,0.00197438210259279,0.000847949378491355,1.06633522985349e-05
0.000573542929896013,0.000634146232307104,0.000937488728989733,0.00164796047168677,0.00105300663737014,0.000973638215161651,0.000395109662808678,0.000260720283993942,0.00058419629479431,0.000857258126438503,0.000634096506231352,0.000348545260040964,0.000497065774977519,0.000431118917976831,0.000452664359482871,0.000555738726391948,0.00121798679929889,0.00414659621397761,0.000794242865973542,0.000712113980936541,0.000624822336352477,1.99167545718472e-06
0.000294707983142084,0.000480399698023695,0.015049288131649,0.00803840546147608,0.00546360850705228,0.00195039434765849,0.00107714620518122,0.000698502214120741,0.000498872402192006,0.000839453980328666,0.000330526140282686,0.000198816818276351,0.000273315777944501,0.00034477405022715,0.00067542710020194,0.000732123227484465,0.000448209775020179,0.00087337953967522,0.000301875498223386,0.000516599941884661,0.000365553877208289,1.75333317219758e-06
0.0232300080537141,0.00529302907957833,0.00988038554463438,0.0603188378209863,0.0442509405210432,0.0446146558755842,0.346814880837995,0.680610089374882,0.415496289329396,0.620928813447508,0.678074801528478,0.614464745218499,0.905555633082594,0.561115672961555,0.260740730648877,0.206815077207887,0.201716611986558,0.322716358324864,0.236142832094828,0.155551280648983,0.265772309986062,0.00384056030464584
0.0115806541251279,0.00272454268308159,0.0165810724336073,0.119580017948082,0.186533912769116,0.0353851258409243,0.508969233784679,1.37474094445464,0.286109121236038,0.343607215581769,0.575846944448721,0.484880642468021,0.81789420113788,0.951729139418605,0.476447544468188,0.451373241939584,0.477374454590718,0.150436812514525,0.300338924513677,0.232373442443237,0.0650916356267574,0.00111210074118116
0.0200853710844108,0.0214128708352061,0.0487511424805098,0.0236409107793376,0.0522542762556814,0.0381824246681156,0.277208248281605,0.581145875450656,0.573184632599306,0.409764591853242,0.296054214628801,0.263808983058985,0.250384498284469,0.271576456771698,0.406131570300144,0.152375739838589,0.478925900243091,0.257346041054345,0.321071003957856,0.300774319311282,0.223953461604547,0.00202670954530142
0.00507848987499827,0.00117706430159125,0.271393486493575,0.0949837150890358,0.079443170099995,0.0782941226077853,0.201706850227139,0.367016054837281,0.243415708042513,0.389285596596314,0.18539123149017,0.476080441066267,0.46348648628879,0.451671457494575,0.412818315814501,0.114239483763481,0.237661479755515,0.468653108516678,0.26628324947063,0.198580178399969,0.227487742136827,0.00297510633427625
0.00114066178503148,0.000658043539354375,0.222834601218763,0.101140353572283,0.161315635398081,0.0871369256935113,0.0878938424243437,0.123543311073158,0.0705249842370219,0.0301194425271157,0.059003740711844,0.0530725803819514,0.150331462785748,0.0969094888969253,0.0755574275431714,0.0933923512923091,0.10831090526743,0.109049929012206,0.0534430405236458,0.0409668333169377,0.0564157872646866,0.000946402693195132
0.00161211885214984,0.00154006748859823,0.126192532980963,0.104173502759761,0.0628038519003903,0.0406916742278712,0.00852719378853752,0.0379936639707676,0.0713666697551268,0.0322257949532644,0.0109687606686641,0.0189524100789805,0.0162996346839015,0.0102805103758277,0.0136017848406322,0.00481221070196101,0.00826432944599252,0.0251231956649794,0.00840540470243204,0.0121629312575693,0.0102412659836127,0.000132865899687124
0.00965030515968737,0.00792015803845876,0.0488369828733968,0.0219309059013233,0.00641901493038902,0.0084685257520297,0.0121054560377102,0.00278966871445441,0.0132095993128139,0.00541970046757313,0.0140063362788882,0.00381709740199297,0.00521680396623424,0.00259362711644141,0.0021830722409609,0.00057069836575833,0.000978224472948116,0.00256410160297563,0.00187773187373521,0.00144832245562806,0.00315450915177441,8.99879179891613e-06
0.00336045041248171,0.00360394556495357,0.00352509667219565,0.00672724531021326,0.00520359322247654,0.00645312884243537,0.0106202162192908,0.0311605566200388,0.0367562031181933,0.0242544859984101,0.0262748774806215,0.0324610580931208,0.0402536946313027,0.00865278991769664,0.00937833955766927,0.00591024964708137,0.00534336192659928,0.00907456303674035,0.00244120792460478,0.000695860941222017,0.000497418774484673,2.00824919901635e-05
0.00345879801985454,0.00102689395268858,0.00852145644517799,0.00187539493391675,0.00268125854785809,0.00429330704575726,0.0108949528798287,0.0348545325425608,0.0141458003116319,0.0306000643353472,0.0166747096806644,0.00802356127140342,0.0197630483590924,0.0164827364766436,0.0167615652274026,0.00596479725835583,0.0109948764461703,0.0105099086789249,0.00162411104723309,0.00182675670391432,0.00128421668216092,1.35007671327834e-05
0.0011504340347149,0.001735079307033,0.00328668141376683,0.0056102771823291,0.00369837015617756,0.0042475733450145,0.00135108674616105,0.0138435541378797,0.0108095941420136,0.0126103043685099,0.00592016614470224,0.0185884433925441,0.0170715175371809,0.00801684376989446,0.00980292745380558,0.0268468095746125,0.0188413886413968,0.0481805004226289,0.0133728784932655,0.016863438457568,0.00864250251484124,7.60807757759171e-05
0.00105754562105741,0.000605166113541708,0.00100789987544436,0.00175838691765162,0.0024591055043035,0.00254802512959129,0.0019081635921483,0.0040888371695331,0.00721329384048279,0.00507589396031695,0.00199940909383412,0.00811934044226528,0.0129187691689807,0.00501739152650848,0.00490196761280088,0.00840842073477977,0.0134499337903363,0.0402491276707088,0.00408451683754133,0.0120739496595052,0.0056691625386366,4.00948551444785e-05
0.00112902882320857,0.000566791395835073,0.000579778630565845,0.00326758266484299,0.00196593612636986,0.00167648165616637,0.000574387585253555,0.00225098801632341,0.004648511212097,0.00509448427384844,0.00799284763970364,0.0105698303068337,0.0170043748599358,0.00374773845472502,0.0148981028883707,0.0173289154465997,0.0370303364806316,0.110988000090789,0.036838296515209,0.00670549481935205,0.00375429278020112,8.3714070515863e-05
0.000504547637191084,0.000196974289067991,0.000869660176856084,0.00397333197695914,0.000345280040372978,0.00125549450255029,0.000487373754628823,0.000228596348941328,0.000666555772371883,0.000505984369093267,0.000351818084547808,0.000835668820192045,0.00110302971510315,0.000801025443148336,0.000868325901557547,0.00165723360071732,0.00382438019146725,0.0123119699374072,0.00290602480183518,0.000581925871868397,0.000612021703043692,1.10652682810104e-05
0.000209004876832078,0.00015185875934737,0.000482665838083248,0.000414037989764369,0.000600017128441488,0.000414961669278583,0.000328516857835461,0.000143021112568551,0.000446631786917536,0.00035801693289212,0.000340999060038764,0.000207941107841903,0.000561128663201568,0.000133877710547522,0.000307952195420609,0.000601252509180689,0.000790881481690598,0.00281691618631095,0.00036658312728067,0.000256216566978006,0.000253972708672994,2.05835856693398e-06
0.000153204545261925,0.000172516188430116,0.010732390533493,0.00339871028553621,0.00250636445209106,0.00146567557232505,0.000710481287474192,0.000494214395054135,0.000196376353989791,0.000633119817418652,0.00020383614228175,0.000247949850888841,0.0003103516024763,0.000211091489785976,0.000229652131289083,0.000617313941213675,0.000241720214560666,0.000297653226101963,0.000127505571187221,0.000528228850490622,0.000294794832461272,1.8077395285698e-06
0.0132212471548604,0.00366169049115757,0.00426824440095253,0.0454763801707838,0.0156137380200023,0.0160734504423324,0.114817551855602,0.577060514140376,0.897987984086338,1.07065367975733,0.827836499117941,0.655216099144884,0.573756400291215,0.200528616595385,0.325219763881118,0.33553982096747,0.24565591041321,0.188032804606079,0.0747579154058864,0.0181732997580525,0.233665852273141,0.00344669143243315
0.0088310102943506,0.00372992574500259,0.00676463416118021,0.0636648966296945,0.0616414041607562,0.0265394367522698,0.396987313866413,0.587908195530381,0.320876879049012,0.320688278763772,0.313952909158505,0.327277313091666,0.251216438398701,0.529462185805845,0.390459181194346,0.568984463363607,0.471525772660911,0.220069511167699,0.247970563218636,0.169487241806436,0.0733293748827369,0.000996898536999824
0.00980538016060695,0.00919900113304499,0.0119975194089236,0.0621202607125364,0.0276798030345213,0.0440112037765496,0.0748548569597208,0.202041028091053,0.522306241608294,0.374785892351657,0.292562472410253,0.335271527894103,0.28371795373125,0.185773253090117,0.302538933900304,0.149809115892953,0.344879580700748,0.11809479927595,0.123054829889742,0.295718550515089,0.132679404171736,0.00180382879723819
0.00424834325220265,0.00200586999908479,0.135582863432449,0.103901425402496,0.0614723192416887,0.0727485926354459,0.110599794345319,0.392492379471091,0.244873230128096,0.538988761799961,0.427616528987823,0.323766611741593,0.117841274714792,0.171809795832872,0.380677153967333,0.0429573105966798,0.231002807054487,0.188729804415127,0.0971644311510433,0.22733962586706,0.113440249851701,0.00266339246285696
0.00102691050519971,0.000528001399430935,0.0926800215118755,0.0411502117150281,0.0428616293421608,0.0259646549877809,0.0315621306628612,0.104036726270058,0.0974933578837196,0.0844038359058124,0.106604629525261,0.0862151407722253,0.12887778047259,0.0907110988393445,0.100252114547137,0.12697768429206,0.12281597520187,0.0824923264567328,0.0547615221541799,0.027774425826762,0.0683261933647356,0.000846871072962018
0.00166488320055015,0.000466488293363057,0.0399037687193634,0.164532803344058,0.0713131918793567,0.0503492640311186,0.00388747955347513,0.0437520628169239,0.0745426788137983,0.0390344451714528,0.010463155302804,0.017522072542586,0.00904328375819445,0.0083432570880281,0.00791100405818541,0.00589441524417894,0.0154349182308893,0.0220920167505949,0.00608066349094436,0.0135738339398442,0.00285044111089953,0.000119096620126575
0.00644589403804208,0.00284706681417658,0.0321967650091848,0.0244348513601322,0.0078614386185037,0.0109430892202112,0.0083365618807132,0.00721456110904376,0.011249707024953,0.00350808844855107,0.0153968978206172,0.00477517716024237,0.00671145453099172,0.0027853965474734,0.00175506704495682,0.00118362490362782,0.00064445082712938,0.000939682289057058,0.000703544842689845,0.00176379445385674,0.00247826098070646,8.04182817134461e-06
0.00610563859571865,0.00212402345876785,0.00523911137256121,0.0024049459507744,0.00275893653160733,0.00682512629654936,0.0130195468139974,0.0542064073730461,0.0476505292091548,0.0370582372117986,0.00893378460562763,0.0166158389901347,0.0194429766400626,0.00691940572434183,0.00784949406501709,0.0047820847999863,0.00539490045807991,0.00520379918971573,0.00204479924537744,0.000977380809145334,0.000147077532024126,1.80543345398226e-05
0.00215693532288155,0.00135892852365431,0.00559941007137058,0.0026676748402044,0.00306403870158799,0.0047244078809348,0.0104894942460322,0.0450242799620165,0.0227550934076997,0.0284877957728695,0.0154192013718364,0.00745862474787584,0.00969078186353461,0.0141226837792031,0.0203582629308301,0.0135189236541304,0.00712958449336343,0.00653614003692994,0.00264135590339164,0.00168967617559615,0.00136989520582522,1.20178693382808e-05
0.00110843993128661,0.0014378660301096,0.00309129610765205,0.00328705721630245,0.00158074290704232,0.00256993237222343,0.0021558845626927,0.0169409704321189,0.0102934114317269,0.0148156865391908,0.0103749877420444,0.0101070982542979,0.00933947764803533,0.0106481275890469,0.0142232991270066,0.0274038909917439,0.0265421819254668,0.0406470376406588,0.00477593344527078,0.0187646889664871,0.00512570217686394,6.80732077350377e-05
0.00135692401698078,0.000203149449833351,0.00123315245135995,0.00314117242096538,0.00221557753256736,0.000991537259921459,0.00272073453158894,0.00589749978169852,0.00678896531110579,0.00639794904385269,0.00633089420583728,0.00656678733435288,0.0101926104567349,0.00454244674894573,0.00909931875651489,0.00910097337307585,0.0147350163947077,0.0344286578223559,0.0036352828560568,0.0086243305377784,0.00308213181394523,3.60409803007906e-05
0.00101528465401371,0.000807991502522101,0.00112570800853148,0.00283501085833012,0.00266829104578867,0.0017813287911112,0.00072418410196112,0.00412014054402923,0.00477938466006276,0.00760394539875526,0.0116934456446216,0.00932501899993833,0.0133878532676548,0.00513022633186479,0.0174232975420983,0.0215090360154477,0.0298699332595463,0.0650934389255938,0.0232799233671082,0.00896606921694859,0.00271092150896839,7.5116183354112e-05
0.000452005540707544,0.000434884625270061,0.000538464912120348,0.00450689777666426,0.000561437555944949,0.00103875980981791,0.000229808365079821,0.000425380190266115,0.000533057856401391,0.000638953939198684,0.00073938086030568,0.000523623812943172,0.000783482296204942,0.000555198792514642,0.00127763098377223,0.00194598848599841,0.00327760401944616,0.00711783482973801,0.00195784742279643,0.000844933501780455,0.000487382425097631,9.93504757879886e-06
0.000148239630280506,7.30199157254706e-05,0.000302121499435303,0.000387830796428045,0.000575740960451082,0.000610602245372722,0.000266953100590403,0.000160275558458997,0.000454616653593844,0.00026079811114347,0.000270640317805542,0.000164145067264043,0.000330594184713026,0.000305811683054898,0.000372693304936144,0.000693812088660149,0.000684201978118685,0.00185148187443492,0.000318354185288806,0.000333294995437595,0.00018198638686635,1.83828611620712e-06
0.000223165563109908,0.000120603430853336,0.0064893362647787,0.00190138283497205,0.000661601888725448,0.0012515595110877,0.000376693238831003,0.000200005777370621,0.00015920100444928,0.00056899975199292,0.000242099762162223,0.000182379664266019,0.000118003235620109,5.63962279134932e-05,0.000287288395651891,0.000601775556145709,0.000186903613740718,0.000221797541731495,0.000192334302690521,0.000447319281612991,0.000325679690797472,1.60936733299613e-06
0.00713746885126007,0.00901583084646781,0.00683590349294982,0.0170283014251011,0.020337534504039,0.015499369275007,0.0997825888876531,0.613840255670503,1.10404920936582,0.879771154642689,0.683050311666074,0.695428160722939,0.387460958106165,0.194640987026736,0.299043572897205,0.253912228551799,0.156075904077797,0.114017742481967,0.0604524384084594,0.0187907210835067,0.153020757965226,0.00372944779352333
0.00574485713121924,0.00580752810036436,0.00664769011556215,0.0183432231011872,0.0194794851232203,0.0232376676342381,0.374340073797396,0.487594314942508,0.300287236402291,0.324651064422806,0.164173037389617,0.156400576645024,0.0750544109606309,0.51849627872532,0.359803348862529,0.442540576404841,0.412024920903439,0.257555446807951,0.273262130495939,0.172708508967908,0.0453762280138221,0.00107702288242683
0.00358281368138292,0.00202016173764692,0.0252979873465986,0.10537150986399,0.0315508681047214,0.0275826470400901,0.094911233917528,0.192760350107992,0.373701199146389,0.207528272753039,0.367217882719176,0.32310702832692,0.25951456575139,0.216358507164459,0.163669986689219,0.0994398742193903,0.196938525857641,0.0839734723666345,0.0864797443676946,0.172066030141082,0.175341841779231,0.00193062016988457
0.00243141903490856,0.00436147654830416,0.080057597771655,0.0637516856032983,0.0574166793911778,0.0520280384359604,0.0661249635913292,0.331893062577897,0.285239336692678,0.419709837712783,0.479741021179867,0.134211843893844,0.0988622485091725,0.0976376337868397,0.251386753499014,0.0760554922741325,0.168897795871156,0.0467655856016171,0.0815515694447208,0.242081316260689,0.165455922916119,0.00287268428725108
0.00093406781532451,0.000426296790167294,0.0285051709864319,0.0722600515104482,0.041697145233469,0.0387430686710182,0.0202321249535603,0.110223364760119,0.102294099159154,0.0851276779962425,0.11688438575103,0.102596560125363,0.121266659095647,0.0755083994721487,0.0890486202029579,0.0930713865023751,0.0848393773380631,0.0854270674609594,0.0278881771549559,0.0443662169001649,0.0599054052531034,0.000912897337147113
0.00234038828746702,0.000363607752640697,0.0277307163908581,0.175735661840518,0.0474571240730229,0.0412398754226528,0.00899319672285341,0.0419783986207557,0.0548931134484282,0.0298435549030852,0.0108819520422519,0.0159915380536743,0.00843676866471156,0.00514117457342483,0.00669888671747851,0.00729351420431705,0.0144075397212984,0.0210723505633902,0.00434965396962766,0.0163464237862945,0.00458128656399853,0.000128673092277762
0.00275884614645697,0.00183833788805072,0.0295680085776401,0.0349467825073043,0.0116456932525408,0.0103276262193209,0.00784731478995405,0.0157732075811961,0.00962814543387639,0.00560313481705381,0.0136353921158398,0.00766832676079345,0.00730042449369742,0.00483348722542406,0.00313627767731068,0.00194018974432251,0.0010041752387276,0.00126243814237942,0.00112737260917664,0.00253989545832361,0.00229079659278599,8.65378117812758e-06
0.0094824986339371,0.00155492990855298,0.00471479108403044,0.00235309310810456,0.00627292879570539,0.0114382004493354,0.0198628197256533,0.0608147982596881,0.0424000159904504,0.0418998823427441,0.00816352330691567,0.0182366167103869,0.0132224782313893,0.00733920068041301,0.00537010059896146,0.00311242404537628,0.00321253406130087,0.00380781802582749,0.00271219529296133,0.00196395583617044,0.000492728922860527,1.9580272677405e-05
0.00301983296153096,0.00210791859011745,0.00416919397359903,0.0021896073319284,0.00270179185480241,0.0033110639399895,0.0122068640256574,0.0406137378575905,0.0257264661151238,0.0134308442583553,0.0185077001938608,0.0126471306610078,0.00416456920987163,0.00986240111152873,0.015511782769954,0.0159058902905786,0.00330926963763675,0.00693146090171203,0.00315485837004608,0.00132976215279453,0.00122973999171492,1.28675999780583e-05
0.00116566390465547,0.00112580802776264,0.00170366716386056,0.00128995608025271,0.00282153131324737,0.00292631182909942,0.00358640520780882,0.0166597877294327,0.00894562636807269,0.0128955017387624,0.00980563517583677,0.00909195088376573,0.00470684054179368,0.00731074454835022,0.0111355428964342,0.0164526896181339,0.0301910856430371,0.0388070905211662,0.0023019261492207,0.0204256332809212,0.00728201825480027,7.33727583999953e-05
0.00149880624428891,0.000388338455548925,0.0008240465491755,0.00382789708346346,0.00164950879208788,0.00150972412346495,0.00313289322514793,0.00603776956279494,0.00527026045731107,0.00742396662147047,0.00902045191529598,0.00539667745149264,0.00956665501867883,0.00352191719498871,0.0102047327713133,0.00497979517873251,0.0154744896269703,0.0339358270050187,0.00605411445723716,0.0193361405484153,0.00223256495364332,3.90773860629005e-05
0.000718490638741871,0.00126554467990594,0.00139855253270368,0.00255989429370166,0.00245081383152051,0.00163142023113804,0.00104557227655674,0.00476865285500439,0.00438116517192768,0.00719197608160252,0.00920909832869331,0.00872135218487576,0.0139164119640352,0.00792907227596238,0.0128466382250419,0.0159753950100231,0.0211420776027379,0.0450270828225649,0.00532119419926929,0.014448190410149,0.0021048531051598,8.1264624907508e-05
0.000250093873207796,0.000558830853633749,0.0006494756330852,0.00503208403560761,0.00216842459064143,0.000749795081557148,0.000369124615854158,0.000639716475343979,0.000365632833686063,0.000778257895019427,0.000691395195752274,0.000531128507018295,0.000889070797302028,0.000519285810033978,0.000893868553263978,0.00141765059504326,0.00250077067537183,0.00467204948880546,0.000727171695330274,0.00137939175196852,0.00049818820759862,1.07558784241971e-05
9.52924017696507e-05,0.000256355533322244,0.000251748336262119,0.000491109409851388,0.000445483129147601,0.000740199847060622,0.000227963158897536,0.000152436194798504,0.000362566004219368,0.000323283812146299,0.000104213476945392,0.000335784238433967,0.000116687463331196,0.000472791276038476,0.000241184767748356,0.000622439022611152,0.000410128539870036,0.00146244411788033,0.000157188343704557,0.000326846516264486,0.000285329135635669,1.97653792819582e-06
0.000163885496336583,0.000209539045376328,0.00408121575094,0.00294044118557416,0.00108502310997219,0.000989279314375999,0.000258551111652352,0.00016452905010028,0.000265006259312074,0.000496594944902053,0.000285222617271387,0.000200385794174863,0.000180266361946014,0.00010402539151666,0.00030696879389429,0.000553623324143792,0.000148254911246221,0.000328914735253992,0.000353082685008965,0.000489486618892943,0.000264329599422035,1.72323432812787e-06
0.010324578180174,0.0254119241235659,0.00511183933544968,0.00723467804503196,0.0106935134703717,0.015831001586005,0.0627255237877934,0.332630931219274,0.545814154057409,0.309574411732929,0.364922704047008,0.339371544975079,0.224246566704543,0.10839945827722,0.145391577019245,0.140630078036608,0.177485330820952,0.095738143939417,0.0631148001160574,0.0201148901624426,0.0493687072909065,0.003483221336447
0.00417289498727853,0.00639592758897108,0.00659345827249765,0.0129593658355816,0.00374547156050314,0.00730780477484008,0.209147092563359,0.310966484940159,0.0700312703646461,0.139140269374525,0.0413260041657318,0.0240351870704508,0.0475082985852632,0.334964489593027,0.148240379718194,0.111784946078225,0.174458330546888,0.102136102526441,0.219881261338152,0.190690603817843,0.0625937465532434,0.00100375166032469
0.00339791817767687,0.00103324858675164,0.0390641231758232,0.102959336467439,0.0241732199904002,0.00546711971600293,0.0926508391483643,0.235353071762935,0.131893516071051,0.0570121700588032,0.193325236491853,0.103389829024902,0.118876027309334,0.232784361214597,0.105503145924298,0.0228052204823054,0.0769576366917677,0.0540031093072427,0.0574795667014699,0.0432280152204286,0.130855034514127,0.00177628032361106
0.00332475033669069,0.00505442162339087,0.0427442440758211,0.0153601702723902,0.022074045667772,0.0197846806169883,0.026108179999727,0.107183359153137,0.119831522170916,0.0945187726306089,0.23250370058396,0.0518567663138643,0.0320351658651065,0.0359234617759323,0.0636725386228174,0.0462107792714762,0.102632724247697,0.0325471931817272,0.0931883250854828,0.138150013337066,0.140656116424842,0.00267150746117528
0.00171570934280318,0.00100187684161727,0.0154144278191709,0.0899097787757957,0.0393845937869293,0.0280808441225526,0.0275078835391076,0.068606888783837,0.0626980113377603,0.039642296787555,0.0752243432862876,0.0543832429317802,0.0640209751046632,0.0434632422530476,0.0278820921581931,0.021009654550315,0.0210220602134131,0.0533862253669279,0.0091937909449287,0.0473073616185578,0.0435051811835695,0.000848316867612793
0.001645087192673,0.00088322033301225,0.0329322663188744,0.119044599380247,0.0118396733190594,0.0216344090184487,0.00949010826460639,0.017089751537188,0.0185354446117186,0.00904323036907975,0.0101718669213032,0.0103179532527857,0.00604702102006848,0.00305067456984922,0.00710265445515226,0.00415928980513261,0.00555355998873873,0.0116176492091073,0.0023726432028835,0.016074937221129,0.00301872689206729,0.000119945148430344
0.00557020622867417,0.00241674613348944,0.0273386661088644,0.0379634095346601,0.0152113891382056,0.00822362881748166,0.00777021517953726,0.0132108522203706,0.00915865054311896,0.0098691099409318,0.00619656014154923,0.00787355650589034,0.00453891838004057,0.00281247096386917,0.00236178390085093,0.00193426085690971,0.000753117235714088,0.00149056982703183,0.00186803938325501,0.00229861220038323,0.00140748787836691,8.02231825557553e-06
0.00939932984884938,0.00324203017109108,0.00418066067439001,0.00377399656716345,0.00573375043386489,0.0100546466490729,0.0117894346780668,0.0266424292566716,0.0176359726314608,0.0225010446001902,0.0105128951947205,0.0136705278395712,0.011646756162827,0.00511707498007805,0.00518054900965396,0.00141607463694158,0.00136351357849181,0.00251285879761249,0.00386560402647816,0.00176488482991108,0.00078385572498888,1.83452670795297e-05
0.00307356221352564,0.00215144102078707,0.00194739834338143,0.00505026135606026,0.00145860651257089,0.00233553554265191,0.00474213317377685,0.0150844802138009,0.0126108172778409,0.0051188069973591,0.00740359958447918,0.0109880559234181,0.00255609995620906,0.0039433553593449,0.0038661897755616,0.00609060389909329,0.00324357274728429,0.00401121177571779,0.00385498593229656,0.000896145430617021,0.0004912419501324,1.18494455461573e-05
0.00049437402667594,0.00042966802275589,0.000775328513660226,0.00125068151463683,0.00274835204214364,0.00321667931179304,0.00467442730382312,0.00895588804865572,0.00304317572357901,0.00548051235251803,0.00374829174164011,0.00337864912312449,0.00672024157764528,0.00300951953130431,0.00278852494889329,0.0047921486124414,0.0207147764362985,0.029202449618416,0.00143248255043518,0.0168897615104943,0.00935249138879175,6.81739436614619e-05
0.000735666276112703,0.000426503982132711,0.000685115504111805,0.00308146950270864,0.00182981590068475,0.0011907517926678,0.00123373106646737,0.00289975244072887,0.00182972134123281,0.00613494334793083,0.00681557852132934,0.00303195445990763,0.00584957775956876,0.00322093334751167,0.00583139427088255,0.00180231313558842,0.0113618712933248,0.0250112237031877,0.00843468439813554,0.0187325717224882,0.00276761192496317,3.65949491847192e-05
0.000377232645432952,0.000964122730766191,0.000956763630251881,0.00239289136967888,0.00122931053490853,0.00117318877732265,0.00120317052221584,0.00205807543725325,0.00184029932545404,0.00352936179890051,0.0021994347036146,0.00497297964620266,0.0108822325398719,0.00652873624800025,0.00365602078919669,0.00387212683550261,0.0112831512361944,0.0291856401453251,0.00345898175275143,0.00936636787937434,0.0042640906340209,7.58882134432068e-05
0.000114535542242769,0.000382864345092722,0.00133635827440544,0.00256875117682897,0.00219233157519634,0.000990942819142307,0.000580905070094846,0.000395668186964094,0.000221633273900791,0.000547376250649099,0.000422102136818555,0.000497146590247106,0.000812778695323344,0.00058580454486419,0.000313993049386595,0.000339911251904142,0.00145219077424327,0.0029872119113887,0.000523070795576626,0.00110882800455336,0.000617793615607775,1.0051990524666e-05
4.2664332153634e-05,0.000430162923427263,0.000249228454862688,0.000298889678171752,0.000373696901616395,0.000759431223777894,0.000304841509254994,0.000108632898759304,0.000264513432392203,0.000382147411003417,8.28608647403307e-05,0.000229990808673984,0.000202186912178502,0.000335560259095553,0.000209898358313405,0.000292425690456538,0.00016966926247209,0.000939831635108777,0.00019384743900736,0.000316627375392641,0.000310562075833626,1.83027947697238e-06
0.000182353532159759,0.000200739201084393,0.00190669916429014,0.00522195163717419,0.00194158358427455,0.00088239805006379,0.000321896355583638,0.000258386468232005,0.000283655261775441,0.000531427486931693,0.000136058465254491,0.000120353100375872,0.000343860166179441,0.000151358705027649,0.000133258454412686,0.000599710310146394,0.000402675850142358,0.000184366330306392,0.000210949873316839,0.000428941922341403,0.000132861525842761,1.58665715168315e-06
0.0256267109909407,0.0313071274626846,0.010193306590235,0.0118019059626411,0.00207042637275378,0.017994898061046,0.0203193206445204,0.136937277846978,0.226195225487196,0.188573607570653,0.564540521148853,0.172445589419641,0.261805980981537,0.121128687470811,0.122279662171204,0.287870663866967,0.384690803584258,0.109293766655235,0.0576638719785755,0.0227610198090405,0.0532190882399749,0.00324445530684501
0.00380149579361964,0.00452205669503256,0.0101985218335552,0.00650283707096186,0.00404345427443403,0.00737094119790661,0.0903870223270696,0.156572837669814,0.0412084256718779,0.0437141765130552,0.0320922071455886,0.0176601673024481,0.0246211298794783,0.205550826046515,0.0643335168315531,0.0914173699903836,0.109724474540833,0.0903346831388597,0.114343901301136,0.151578516988168,0.0920635717927011,0.000932760888619277
0.0021684491978908,0.000514522452655279,0.0334167937264363,0.075702848939886,0.0125244294600735,0.00363846280957872,0.0776783862341042,0.163990673429359,0.0569773649610902,0.077812019855816,0.0743061832027957,0.0272950705464372,0.187716714106258,0.165709403437786,0.124387952661464,0.0546550745082975,0.0984641041658779,0.0820223187434814,0.02504212993602,0.0202476346918301,0.070506586126582,0.00162820620866401
0.00138422255215293,0.00360084515065992,0.0235447174669431,0.00891948593197698,0.00561868235734699,0.00982597249183344,0.0179090759359985,0.0520570292644307,0.0271066312001296,0.0491586001864012,0.0607812540161451,0.0399285306836462,0.0155159055843452,0.0463888534062419,0.0127854552167955,0.0502933436494632,0.0942630974412432,0.032977813252016,0.108578088847088,0.0422200577277699,0.068346868990084,0.00247727352016553
0.00171972194931425,0.00114236597634369,0.0288963991195176,0.0659130894846307,0.0152086533498389,0.0162250417794211,0.0198739987166464,0.0294124955353644,0.0358646427656019,0.0259265514651396,0.0484956920702853,0.0192524214951054,0.0168319621233478,0.0275624131595924,0.0128068150642038,0.0144365428288128,0.00469910195850255,0.0394024790652945,0.00796324091255689,0.0379993743044274,0.0329304324333536,0.000786022824027884
0.00101390958866644,0.000645705063814158,0.0240009019573283,0.0822167330231123,0.00620367652174358,0.0130415555865094,0.00756985368671512,0.00629372294266768,0.00657375767678361,0.00610650971277357,0.00949939803284341,0.0111354197288827,0.00229336619097598,0.0020137114697848,0.00764166486868321,0.00335089563594875,0.00236397602419482,0.00545654154564192,0.00259764097275465,0.0116892237427842,0.00183800057002807,0.000111509986729318
0.00682207848813304,0.00184457937052531,0.0256553574085865,0.0309986108064929,0.0153794653662638,0.00752643388340248,0.00507983476161611,0.00813926485977437,0.0076985866826989,0.00823953680948403,0.00513145624941096,0.00673071926166338,0.00212191259652553,0.00121943975835982,0.000782419104607435,0.00136504375768699,0.000753622015286575,0.00137732637121086,0.00169559453316427,0.00131120514337567,0.000884018166555239,7.41407587976096e-06
0.00862199540721573,0.00482047743698871,0.00298746494344767,0.00871767392749746,0.0041991953432148,0.0046821574394224,0.0061210925246733,0.00531810125823363,0.00907928317968864,0.0114767404813233,0.0122991985646772,0.00986585379126676,0.00901660461102537,0.00193952890023178,0.00480145294260706,0.00258418555909545,0.00128145045307535,0.00206837774839614,0.00316708330690945,0.000875006865508438,0.0008690993160672,1.7145227376169e-05
0.00154587565405899,0.00196111373381304,0.000786128760886911,0.00468566719675653,0.00183557970999212,0.00193001836430078,0.00316981693632636,0.00280318680121772,0.00592516230399177,0.00730932647989633,0.0030891873674805,0.00610763468050873,0.00312657570526982,0.00136405064094028,0.0037120912144957,0.00461578517905287,0.00493257744900034,0.00240493671208684,0.00374910853598776,0.00101472688106013,0.000501788262245834,1.08768016715372e-05
0.000443175839284201,0.000707818808964494,0.00132359217235931,0.00122443374059091,0.00146669121038422,0.00266676766417096,0.00391626614235717,0.00570326950204463,0.00242512349083423,0.00249266585365565,0.00341221298223093,0.00290225847625264,0.00901525649752007,0.00507674088959962,0.00439840788788924,0.00810835925761165,0.0148141857214132,0.023302622864282,0.00250201332119575,0.00963421574957084,0.0086535809473004,6.31612166255698e-05
0.000374213079542827,0.000281396125926264,0.000770197989000426,0.00272418075993841,0.00146354148233104,0.000744214795583411,0.000576345531635093,0.00218959810080157,0.00119315266118858,0.00470242743079849,0.00384045124812133,0.00273475634783637,0.00454523743026031,0.00262302558924962,0.00467415946056705,0.00471396745667715,0.00897466370079871,0.0177528307164716,0.00751323396310252,0.0114017713650036,0.00183722755331819,3.41779695093668e-05
0.000211061815735112,0.000556271242938059,0.000741861541523025,0.00237919990277722,0.000884377680495081,0.00128474678500223,0.00101518713046238,0.00072233471455148,0.00139489547805416,0.00217061529566246,0.000927650108825699,0.00465686261655131,0.00658460449148506,0.00249619830162942,0.00323643965775594,0.00494852981359598,0.00879297081064847,0.0222339535797212,0.00159800283667057,0.00467264756103162,0.0040585315073184,7.06825359051566e-05
0.000188987284745902,0.000344258536920355,0.00142461541372904,0.00104733176008523,0.000780244107294775,0.000976645744190085,0.000458887118777688,0.000228188921176416,0.000205621244791775,0.000257389098228071,0.000374269180443099,0.000407395668972501,0.000631259657329243,0.000471136036520423,0.000609622045280214,0.000540575885341708,0.001025113785196,0.0024524170908809,0.00107538354910458,0.000596318065285629,0.000577820027311358,9.36783784999056e-06
6.35031067484751e-05,0.00044394764314234,0.000153268074601558,0.000198265242923191,0.000426471444616868,0.00068800695704795,0.000423822648045962,0.000148622942879836,0.000353601584056146,0.000328499390286941,0.000142883369487923,0.000177238367742717,0.000106106420176685,0.000181104191489578,0.000289931505396529,0.00023771794891029,0.000159433476070096,0.000675197360293609,0.000190063090081995,0.000281471316787179,0.000249412168471423,1.68956135413042e-06
0.000213829581546522,0.000101590341124951,0.00182582534235347,0.00568291980764339,0.0016900245631351,0.00159155675944479,0.000346671864681015,0.000149798152688852,0.000146645739584185,0.000692078208635484,8.13920930257571e-05,5.7358263329825e-05,0.000314753921887571,0.000146139076249018,6.62541336551929e-05,0.000502697983396847,0.00043117774651179,0.000104225162105082,6.49587144676919e-05,0.000293308251178856,5.0711919069475e-05,1.45582576679695e-06
0.0438461209071463,0.022808550885143,0.00863760608471578,0.0128962598044157,0.00446992023233359,0.0350336777078505,0.0391747619687577,0.124933354946883,0.224744958814927,0.495506676061856,1.08624432213315,0.504374370324272,0.329740425956846,0.14369060926543,0.231602637516735,0.449189382566484,0.625985362989511,0.1034457661152,0.0773943676997633,0.0265525087812507,0.12110252592424,0.00362403036702281
0.0031855639506187,0.00274006178691307,0.010636634636056,0.0100389216769898,0.00301453186199196,0.00811349770224464,0.0777819753110407,0.108363584243186,0.0715349949765705,0.0601143871460448,0.0384582933811355,0.0307289266186296,0.0498566110614304,0.177427125578604,0.0545599466551232,0.146687101203765,0.0930936317204407,0.0542509359530182,0.0468847383851805,0.0806198464136137,0.109529247020079,0.00103844618010657
0.00143631986790598,0.000126676734616905,0.0232748100644318,0.0537670263454528,0.00519420761010217,0.00539693633190165,0.055819434113741,0.193252652632786,0.161973764242567,0.142661413947439,0.148457298802935,0.117599804072154,0.265453908855435,0.0601975085320268,0.125726265272571,0.120528503734025,0.0938863120905551,0.088458881962743,0.0266060640216976,0.036180980788472,0.0446512475745357,0.00177877913024002
0.000461916674511764,0.00276078210315848,0.0106889839097803,0.00659760953508063,0.00339870181560833,0.00716485900142279,0.0404633851270997,0.0893529647262457,0.0235960841093433,0.084460634427889,0.0656633502528686,0.0302069579733668,0.0300253808347384,0.0390166120284447,0.027843132546845,0.0566370638083139,0.0968303579968489,0.0272486687417441,0.105145565148112,0.0452260134203278,0.065234578096655,0.00275052318115148
0.00111020595856759,0.000576001111588456,0.0334859203870603,0.0594206219151709,0.00506712724681432,0.0134882158573166,0.0108979939386455,0.0145001599566727,0.0235124491797952,0.0308242706090802,0.0351186395208554,0.0212800114959816,0.00632947878019799,0.0323482941224129,0.0304284331402315,0.0176729350762435,0.00951949349812048,0.0451659428612054,0.00820059302984012,0.0191364081442132,0.0202290142215179,0.000871838453610821
0.000843594861928756,0.000369497020464527,0.0224942243743416,0.0659917878956949,0.00807506221842226,0.0142354384380605,0.0130802332716068,0.00454557827364982,0.00855493982084553,0.00913868358845099,0.00640264810860599,0.0121647153204437,0.00489258750630299,0.00317928853272358,0.0104943333177892,0.00760367639929988,0.00449584986914769,0.00600539329186836,0.00813084019243481,0.00485175873091728,0.00360425414177562,0.000124258667727439
0.00471265831965375,0.00168816594937294,0.0237860491915031,0.0218803957742288,0.00938374159841995,0.00559698046570906,0.00293039553008269,0.00604540022598182,0.0109537110007469,0.00295003402503576,0.0087633793389377,0.0062528814734908,0.00135030698282662,0.00168716909760882,0.000428121887523738,0.000685967566715831,0.00215158059337984,0.00114977588373991,0.00109726796411124,0.00109953918721523,0.000951592402939702,8.19396844259224e-06
0.0105272623377788,0.00559112433756119,0.00475560156850558,0.00984127250613387,0.00787266959340474,0.00246306245790643,0.00597783139397701,0.0055145326676992,0.00879545962127522,0.0123345425564277,0.0150907826346556,0.0100764744599913,0.00598881968791422,0.00333001100529246,0.00465009609126334,0.00286955888746125,0.000652070813767373,0.00322594663979903,0.0026668529595079,0.000998954123744696,0.00104968486589439,1.92399620119987e-05
0.000777854429737895,0.00183912091910519,0.000896255743159688,0.0034155182680974,0.00246817036799484,0.00118925636925394,0.00347287652372695,0.00219458306610892,0.00428875791666112,0.00506872728286591,0.00263537409702211,0.0039878708405903,0.00229527083551116,0.00233015117134431,0.00485166946397646,0.00573533832802895,0.00978927395428693,0.00681899882003103,0.00186332786611338,0.000568369272533787,0.000966151920974089,1.19148707749857e-05
0.000581500370162863,0.00123972485579646,0.00194975472684726,0.00124393664665465,0.0019908340568991,0.00231538832940151,0.00284910822560978,0.00765372465250658,0.00397081935239725,0.00409705779377182,0.00729448003470128,0.00552048772086771,0.00811836178540639,0.00598232599967746,0.00931961216841543,0.0108898643112781,0.0141039805350341,0.0226473764161162,0.00510871513824818,0.0046978714332221,0.00614751928312855,7.00493059551201e-05
0.00120418646390411,0.000305887922549796,0.000547092309477009,0.002540453297314,0.000881503502242524,0.00124120718226964,0.00145300403073112,0.00352465065231276,0.00147424495580292,0.00471309948132163,0.00339583571864432,0.00215696762648167,0.00580081522337593,0.00288015595851449,0.00571302221222912,0.00909916099617893,0.0121759004715014,0.0150288087942383,0.00651116710503162,0.00415904631169461,0.00213837765029075,3.83079591462657e-05
0.000282933185812164,0.000533794994452987,0.00078240079874651,0.00247562155643734,0.00223668282883485,0.00146918205126477,0.000625515171607832,0.00184614988895543,0.00236990573467588,0.00309998261184083,0.00287345980454542,0.00314723985957173,0.00374712972159151,0.0016819785903079,0.00645948731240941,0.00832218906955627,0.00874841929660839,0.0221468893827734,0.00164835719692304,0.00316893512977841,0.0041676266246967,7.8959281984887e-05
0.000385561349286911,0.000285615285288582,0.000980159546791181,0.00276525257025145,0.000772141134889745,0.000664816722169198,0.000306103354089752,0.000210558396046671,0.000120796639863783,8.5419220676545e-05,0.000432039763214431,0.000260734449069405,0.000570860767122681,0.000398239876036904,0.00113522463108165,0.000763548542910711,0.00113620010973225,0.00266703407278028,0.00154493545409318,0.000205236292929126,0.000568029832796323,1.0468982666735e-05
6.83362635081121e-05,0.000456018602524924,0.000200861910662599,0.000331109656210073,0.000449367903858735,0.000470705243876984,0.000495195264066331,8.3910981699129e-05,0.000418708234990132,0.000226715617240411,0.00022598629904869,0.000297402752882929,0.000114453598485205,5.66601671142618e-05,0.000268548954158644,0.000279994873713579,0.000161791967630683,0.000717216543979974,0.000232862400272537,0.000156156012967981,0.000217216569246745,1.86439853707332e-06
0.000110815295025393,0.000250207180557625,0.00181054018892795,0.00387172068941741,0.00256876494140487,0.00182369126801111,0.000858826555701764,0.000209173084202148,0.000143865827501638,0.000886444649595527,0.000136438757168713,9.9680707364025e-05,0.000191951418591786,0.000166538776230822,8.08338587116033e-05,0.000323013581299518,0.000306111780355219,0.000173905415940761,5.90192733554603e-05,0.000254901613274774,9.86524780037618e-05,1.59315444545352e-06
0.0376077734181715,0.00931086432181395,0.00196165056454153,0.00840601012008831,0.0157681058681915,0.0281114940107691,0.0767778944431188,0.242806917021449,0.0614809614053281,0.589304153726609,0.80434005803376,0.27916765609576,0.458415406526404,0.161569136397225,0.0880483461872694,0.202244207462144,0.462632720907342,0.106658763751346,0.116559237685926,0.0815273671746391,0.0949496299356676,0.00304892321201135
0.00215423000493777,0.00142071786841417,0.00568017220308039,0.00671878930170772,0.00156722266346056,0.00432429650574726,0.08227011684899,0.0729228668612322,0.0762752139526443,0.0401184209878899,0.0303448150169696,0.0353810843256326,0.0498040926343543,0.129770186198912,0.0346495351289507,0.0863249641807973,0.0901120436919227,0.0584591676174385,0.0596805364477014,0.0217237564404026,0.0789284696319511,0.000870077596397627
0.000506597036526995,0.000252595634624304,0.00964129530591394,0.03451911342837,0.00818736042075475,0.00580317054616583,0.0251301840293018,0.144386984697428,0.17779920618616,0.112330208313322,0.113819326917905,0.127409891483185,0.167829581972417,0.041174789543206,0.0661681480809196,0.0758519466406487,0.0313723364689423,0.0361145243229445,0.0086408268297055,0.0206117191088249,0.0347598700124012,0.00145674210609192
0.000329453588835652,0.0018597401651074,0.00495510197747594,0.0134492541308861,0.00685844153228294,0.00574302650687767,0.0382459802131913,0.0601888957966862,0.0341195861519361,0.0431305719775098,0.0667166052441737,0.0174674532412621,0.0389151428745958,0.0159256245966229,0.0259282052966405,0.0241121632686692,0.0474819308703339,0.00545869598760146,0.0555025994846636,0.049773945735299,0.0644185829186714,0.00229782458680649
0.000612918376575315,0.000332140780267106,0.0224007169518221,0.0427154969077698,0.00645587455936504,0.0104614374724912,0.0039954104301853,0.0147468880676687,0.025749591541944,0.0230710047058135,0.0112617027926232,0.0129850723929897,0.00391087273157565,0.023733560604766,0.0261572789117152,0.0136767192766172,0.0111347723692518,0.0286540581682185,0.0115880331872554,0.00803420039429454,0.0168321248578629,0.000727543043906427
0.000275294394422113,0.000453103549884613,0.0222280349352755,0.0413118162260271,0.00561517723590902,0.0110926280802084,0.00932030572906496,0.00762919481516807,0.00733654113980079,0.00585192784528983,0.00445495652527393,0.00857156701749787,0.00656655303945972,0.00576727125174428,0.0101574320353873,0.00725806527224072,0.00625417289240636,0.00691379652167838,0.00659772933080666,0.00201816440418292,0.00451348048600747,0.000104274530264395
0.00117083068341052,0.00131875553028254,0.0112865465253048,0.0167366036477709,0.00450187568686376,0.00189404300303128,0.00130663601622332,0.00257593456341707,0.00767246298819413,0.0035387036408011,0.00548384404624679,0.0036131528992236,0.00118018911116192,0.00133461399922941,0.00101809107203636,0.000322301586577891,0.00236966659777592,0.00124456270685468,0.000454496165250603,0.00151236406286449,0.000728182236662855,6.80767632940548e-06
0.00847846228682213,0.00235438366545027,0.00425312013530691,0.0047506627286328,0.00444362421715419,0.00195604020327969,0.00328069655323625,0.00190180732433697,0.0120199975429484,0.00991943254995328,0.00973198523498082,0.00849723990667109,0.00502773891733643,0.00401378675831785,0.00368888850626116,0.00156995363239716,0.00105906133706851,0.00279908736661757,0.00224756945568104,0.00103498803114393,0.000624326128346987,1.62771685637539e-05
0.00114184421183682,0.000783868152606859,0.00126663474935482,0.00156351156839627,0.000907187604930282,0.00173339413740782,0.00121324855832549,0.00419473813213976,0.00455146610573137,0.0030580791907168,0.00311043884205108,0.0044970425800055,0.00151701919938844,0.00171018827462703,0.00320101549351716,0.00222557355716579,0.00965980527654546,0.00779087956119597,0.0011411118359893,0.00119731235749758,0.000877418264981373,9.80144781956002e-06
0.000487195646194292,0.00106994957606126,0.00124165829576454,0.000328387894263005,0.00107986113484284,0.000959989802157869,0.00103809340937859,0.00727741753659429,0.00419435267094313,0.00388830701644172,0.00589610238071736,0.00689173010608049,0.00299769243505788,0.00455484452060764,0.00582329861304619,0.00642741644818113,0.00812660193705127,0.0181645236160742,0.00787980454636776,0.00880030563669473,0.00240563538005396,5.84499126185401e-05
0.00114817019766133,0.000409278290709152,0.000502241648649668,0.000934787709119005,0.00110565325281348,0.000778881344886004,0.00162430596941393,0.00366186503943641,0.00173092279925018,0.00492159506729607,0.00194663524097404,0.00196507206659146,0.00465096749398934,0.00323052030066833,0.00309966274787932,0.00586104043657337,0.0112031385972745,0.0127269913400195,0.00161575845212602,0.0022732008181292,0.00241488915482615,3.23508974726806e-05
0.000400209193924063,0.00026969538900711,0.000738168831511024,0.00147339022348264,0.00309823145515972,0.000921337750765035,0.000528886658685737,0.00240287205214282,0.0015198597226459,0.00196368171284262,0.00240364987087657,0.00259567389278545,0.00184948149443687,0.00179302876311179,0.00393633714994356,0.00412547115622596,0.00596459711061939,0.0160187258166233,0.00163851696307216,0.00272671333717812,0.00336287941943036,6.64519647723257e-05
0.000235911278953515,0.000111595308065877,0.000325815018672555,0.00182222359401607,0.00149523078296018,0.000528505812200545,0.000106793105924982,9.73927696885636e-05,2.80520216874549e-05,0.000131432609482247,0.000293113221770468,0.000458921056635329,0.000521386089922599,0.000405877248798929,0.000692178291754814,0.000294088132957191,0.000956862146460159,0.00237201952250691,0.00154131445263721,0.000251910447291222,0.000330782624420864,8.81017032873111e-06
0.000149734494521137,0.000254093638325107,0.000217790827574711,0.000403433217060381,0.000273782914031244,0.000181784309351605,0.000334447369209163,4.68464909643704e-05,0.000185683543600885,0.000143968125664573,0.000161096674325034,0.000291067616356368,6.71560359297757e-05,3.42493291246937e-05,0.000137199052204059,0.00015152808998333,0.00011227373466393,0.000680014856012052,0.000113429028367067,0.000197161318873269,0.000119425756297098,1.54615370860124e-06
0.000144698217475431,0.000160752231686188,0.000588686725628472,0.00148898448924849,0.00254793059699154,0.000575883076060885,0.000601503602931753,0.000147357982324017,0.000214691496552605,0.000692501442183692,8.03829456421568e-05,0.000106083094304278,6.90036286089505e-05,0.000112853750962677,0.0001128980403747,0.000101190880050001,7.40163167470864e-05,0.000313044150005134,0.000130225063114714,0.000353258509331307,0.000136785568603477,1.30806112146217e-06
0.0292411776716918,0.00748060574877534,0.00111945587189673,0.00478577110158927,0.0252193587232396,0.0211694664883177,0.250974861010027,0.356822055785676,0.111989692879307,0.429141556264978,0.340649838896904,0.29158989529019,0.651600605591344,0.490080577372802,0.144752178056627,0.0514279069971682,0.235700598446973,0.174258992056529,0.218711337436482,0.261705969871718,0.120356301460782,0.003100018442771
0.00213856451917203,0.0015400256400706,0.00529013559646399,0.00413694787063458,0.0014566393421071,0.00555169642292724,0.0935632838106214,0.0443120328565328,0.0422428790426026,0.0264159291320436,0.0226974690751598,0.0160587949286589,0.0398510933128455,0.129844789098689,0.0560167365429741,0.0390029920607128,0.0661448708370579,0.0837328767711311,0.0986694521492224,0.0103387912716471,0.065915990832261,0.000880789855043626
0.00019651420945491,0.000222776632922676,0.00743714012102505,0.0300249861633514,0.00729683443839203,0.00384644045226529,0.015217659303745,0.0946607122675488,0.117700210269657,0.048905083006285,0.0643406539946065,0.0681453224902313,0.131561140341527,0.0536508238843906,0.0399940227159057,0.0292954452565282,0.0170575023076403,0.0181183902891005,0.00898909596026921,0.0115882782551027,0.0366589873601066,0.00143996759064156
0.000174654037833724,0.00141039179480479,0.0100304637639824,0.0148613223498751,0.00614444383779494,0.00321816634010553,0.0261134866323897,0.028383015151483,0.0262900846120465,0.0170360029510034,0.0543070868380065,0.0116549826002388,0.0352390588960211,0.01498891813274,0.0158178797586884,0.00683678176958367,0.0259575303342963,0.00540995293307995,0.0380363282561082,0.0355402900584898,0.0498079639497772,0.00231982624249861
0.000683110022661629,0.0005366649911213,0.018625004781539,0.0352076478964192,0.00490244433362588,0.00931239666450431,0.00566686109733483,0.0203842137115548,0.0281705177242098,0.0121674311523308,0.00834670209924875,0.0118950995895484,0.00451994609461075,0.015445088073817,0.0145978266882201,0.00835929416994181,0.0120248667944963,0.0155801619444776,0.00899682343802946,0.0119542763239951,0.0198065004044505,0.000733788717861377
0.000239980320424786,0.00070953693117629,0.0209370408975493,0.0336656927413253,0.0065961727118644,0.00795036616742015,0.00726784776559172,0.0084373433168025,0.00521641256121536,0.00370359448887855,0.00590306659806986,0.00716679559553263,0.00872974476369047,0.00525700151682925,0.00746852987910693,0.00516364106135792,0.00678773911704916,0.00843096486402674,0.00272157617416635,0.00517862378626532,0.00557777596890284,0.000105780861879991
0.000592771893175536,0.000912909558021176,0.00461838534525728,0.0108077588304655,0.00896822224583541,0.00180996547506326,0.00173644062056833,0.00482916213034219,0.00408408257853147,0.00599305158960335,0.00259033824529259,0.00261498408667679,0.00134343312136965,0.000947319236775717,0.0013310817529576,0.000566189612188854,0.00228410639850481,0.0018964884851525,0.000809071453096624,0.00138043125791496,0.000436801742228508,6.8340399455361e-06
0.00551490190824022,0.00101323286764837,0.00278431746423652,0.00483103865224086,0.00356893759552456,0.00242654393358525,0.00230732771510804,0.000941768316455967,0.0118389673370874,0.00524162268802665,0.00456858430232652,0.00455468087873157,0.00750105441274364,0.00540861033199611,0.00265512034380937,0.00105659526722163,0.00220418147111139,0.00222596396348712,0.00173617597680443,0.000769691496073695,0.000247634987656534,1.66456612100027e-05
0.00099441323585859,0.00120621345486463,0.00201319795980401,0.000817631345089235,0.000308855018707558,0.00235376467056641,0.00285139802158831,0.00295396469904523,0.0031125478129593,0.00367676008764223,0.00172082611190558,0.00318548750400996,0.00339571974503276,0.00167517324003191,0.00196742277922905,0.00215924151192271,0.00795149463765634,0.00786539529994996,0.000863461713271178,0.00165143325788349,0.00102798325209557,9.74772480919734e-06
0.000568977384047021,0.000699472469021695,0.000873110491275672,0.000181314184864175,0.0012304379845765,0.00215127388199256,0.00246078254901469,0.00610228421358277,0.0032698582690878,0.00311748035154129,0.00369958053970548,0.0047236665375467,0.00311247356668555,0.00202389262769627,0.00315277764339289,0.00303369019729163,0.00574522730255454,0.0208080891696407,0.00973536662827089,0.0103316758879188,0.00174597269945719,5.89468638426757e-05
0.000968614695869357,0.000545250106728098,0.000514997902268326,0.00108852952001788,0.00166255542786937,0.00136035169427921,0.00136258811511446,0.00395031844175645,0.00252307210337572,0.0044625659982835,0.00200593435948943,0.00144731669554331,0.00407106931056776,0.00360071943118544,0.00248700520361794,0.00347911408774801,0.00903518938993911,0.0154152289712721,0.00161232081443987,0.00353885975574463,0.00173207372493967,3.30097006218922e-05
0.000396116493843982,0.00011288217131888,0.000774484643715587,0.00137866836011121,0.00338877124429539,0.000935479678952274,0.000462404202595001,0.00212389942865227,0.000552601678984362,0.00100125613176918,0.000962192327525547,0.00188676030215069,0.00167897307174135,0.00159643305670832,0.00226846461725366,0.00145803438960071,0.00413007387763875,0.0132407051215687,0.00169900655951714,0.00267094089027948,0.00261102287113585,6.76065549924997e-05
0.000212188397859572,0.000258405872358099,0.000399633342758319,0.000776015169042024,0.00231122586811207,0.000451906033699481,0.000219483969973054,0.000104732260394496,3.53917129101695e-05,0.000323477518974407,0.000190653594452975,0.000385468808795627,0.000513230204265526,0.000501472498532569,0.000364277267535802,0.000179374637932073,0.000689718684903116,0.00247431875373894,0.00164846690424299,0.000595678251818709,0.000264273794836681,8.95754450690569e-06
0.000229699714902977,0.000117665872927265,0.000315730298154466,0.000398977237504423,0.000151346257461991,0.000162495176893673,0.000237632358009492,0.000123351905224507,9.90782204755542e-05,0.00012162059533938,0.00011690747091791,0.000261396116441046,5.17679643019674e-05,0.000116866534118786,0.00014352682429377,0.000152504261998482,8.63735380023806e-05,0.000653087961909963,0.00024025418147866,0.000471923729827868,0.000117219865109306,1.54926748370611e-06
0.000229578457865119,0.00013301948664392,0.000411071788816401,0.00127761895435839,0.002547292308538,0.000493859264100032,0.000197803710153624,0.00011757653373137,0.000189878192531932,0.000649872804354332,9.99697229047438e-05,4.22703357814187e-05,4.90886495285826e-05,7.05391096429991e-05,0.000204733222955688,0.000136368702346693,0.000146698464830844,0.000470534326698926,0.000106912141818608,0.00035254171432561,0.000100597370638111,1.29723052116084e-06
0.0175582078314842,0.00626261330168006,0.003460818477687,0.0205398829786585,0.0201378087623366,0.0308966128867932,0.684727853139238,0.521917921853075,0.421979098492071,0.458491211722603,0.533194467098926,0.665546251393705,0.555629723126373,0.754775267143286,0.284173875682976,0.16629844654728,0.171451125426263,0.318178930770517,0.345824704287613,0.566871570375737,0.197633663914725,0.00311822139714357
0.00196209192293837,0.00162680778535204,0.00556943551124048,0.00154816979706801,0.00344602486530261,0.00518244112298233,0.149076363522014,0.0202754030008051,0.0374167136719095,0.0596604857395845,0.0658947631591242,0.0399693271520053,0.0316657132606251,0.151633076259495,0.110732509306807,0.0950785492785687,0.0427149695872628,0.0715190744861502,0.086958657579011,0.0306218324913861,0.06197649503074,0.000880536271881847
8.79887581613233e-05,0.000121629714924858,0.00530615441988307,0.0269798645063006,0.00370404452497939,0.00127438814621839,0.0065220731221797,0.0364615613880236,0.0496668265626284,0.017765553411447,0.0396432248944026,0.04026818077019,0.103258833685894,0.0310076281133522,0.036308772538748,0.00713009786006122,0.0130540172632553,0.0101555629219403,0.00294491886341642,0.0050207452767391,0.0411081986629276,0.00139332820730135
0.000108136373838634,0.000766359928827796,0.0108139800934068,0.0114270391699688,0.00543548818598859,0.00130045501676947,0.0136988947053374,0.00481278291916619,0.0070645748090074,0.0143803660452747,0.0377295583772102,0.0186067818158876,0.0205006407066947,0.0186712471570489,0.00723191446580709,0.0041841460211002,0.0163420862940726,0.00569791444660108,0.019991474747091,0.0158998011906594,0.0516285915416542,0.00231172618957603
0.000328104678405613,0.000534248157154008,0.0138611057387582,0.0197535264528608,0.00154397461236955,0.00758447202862605,0.00890375925142213,0.0139691187090239,0.0153623175262316,0.00592881358195901,0.00622503204948218,0.0108137680748784,0.0076505075485507,0.00684702780003011,0.00539814949345287,0.00242427026202793,0.00951337302310998,0.00480195736053082,0.00634645214023,0.00507756510901475,0.0142544850475346,0.000730472936403208
0.000395338478819068,0.000956098736608906,0.0143701333220306,0.0271659878814499,0.00662359431752786,0.00512933297254641,0.00652708524621074,0.00527439425436428,0.0033798072238291,0.00707724932081033,0.00371856080691368,0.00754392639888522,0.00940471068479186,0.0043028195182279,0.00615788712106216,0.0105311340853346,0.00926924595837376,0.00976636171337438,0.00116719511610085,0.00784926733907758,0.00561900877928623,0.000106128722080272
0.000893578600444294,0.000299390638451784,0.00440664831970984,0.00864996432439369,0.00761252584075939,0.00113333463801846,0.00223066746547367,0.00585392164340579,0.00409588630999623,0.00474379190244937,0.00369585864990843,0.00263430216397146,0.00146795932192285,0.00160313590739153,0.00126086511212483,0.00168760005774978,0.00201246421104405,0.00264822362104914,0.000802363988914638,0.000567368422532157,0.000242606935820853,6.7588785629446e-06
0.00268790681256409,0.0027789674763576,0.00210654778844344,0.00346300479773589,0.00529654557186307,0.00331628855271693,0.0015382786554927,0.0025690250004488,0.00816818097940527,0.00504513185459975,0.00509947998175855,0.0018944260272554,0.00655159179724491,0.00402044964612419,0.00144687472138619,0.000589433723262274,0.00204463410059525,0.00086369156275778,0.00148852699256566,0.000736310220043737,0.000424958547107321,1.68742373622048e-05
0.00107605609220743,0.00171859525839176,0.00185049903046176,0.00105125883720113,0.000735662500615061,0.00254766198069988,0.00476038222683267,0.000950691960962851,0.00197012502587081,0.00238518904863061,0.00378463572273245,0.00231760239729877,0.00402736769238896,0.00196264279121425,0.00174773946877631,0.00182633628389111,0.00497545001412956,0.00698737230516966,0.000974824698162699,0.00137568099312984,0.00128030366140624,9.53338345814397e-06
0.000443433629709938,0.000439988365035294,0.000633968576079734,0.000379246473903841,0.00141204295621102,0.0026619930647268,0.00445823335583807,0.00335211347440231,0.00241385084590979,0.00158964572090746,0.00152153087161822,0.00112200714366954,0.00371672528909227,0.00163487314841991,0.00257139229566758,0.00267512226764328,0.00627120388795325,0.0226447917888374,0.0116777870116533,0.00901049384805609,0.00144840873958524,5.86739787786106e-05
0.000804196587865931,0.000646968364124672,0.000529509899604162,0.00218090350847822,0.00154141814266754,0.00159422135770191,0.000785053732622886,0.00414387022176816,0.00267943019334503,0.00228806198157291,0.00387338249482905,0.0024632515658073,0.00310331109995318,0.00360440326018491,0.00393352023092155,0.00562268664048226,0.00732628432058733,0.0159447200597679,0.00444673150876801,0.0045941158434627,0.000467442786876518,3.3344616244391e-05
0.00019673992284004,0.000258211748274529,0.000902502583627024,0.00131455444910093,0.00237178585262094,0.000695039675836076,0.000785613123906812,0.00142302897134703,0.000987096242078803,0.00104383145956199,0.000476010977319875,0.000707118515810402,0.00200256696850038,0.00155157584548288,0.00195497157093036,0.00298326372126053,0.0022888381623679,0.00983110427637799,0.00417626278567619,0.00241695110974402,0.00146193953880434,6.80839463270435e-05
0.000259997639858261,0.0003324083786084,0.000508753351539955,0.000910607466210728,0.00235698594980949,0.00065706047309715,0.000287699535277132,0.000119809262914291,0.000119634231035465,0.000501907601927575,0.00024727041830512,0.000398082055265021,0.000245492392073397,0.000419589150039869,0.00032170552290289,0.000268748887122676,0.000499158610527108,0.0024826229397803,0.00140933364655915,0.000737018627622629,0.000396728313494401,9.00545950959283e-06
0.000225248619298261,9.0524838889082e-05,0.00031289712561153,0.000267803340697663,0.000428526668574377,0.000190502207101132,8.26907147311096e-05,0.000197737215114931,0.000246027076976429,8.78975590743987e-05,0.000192250077039263,0.000196199941141925,0.000102951368987555,0.000374665214119503,0.000322797368107772,0.000155348347819699,0.000160840031914364,0.000468240429899722,0.000320376739336771,0.000501358728230095,0.000208527636250305,1.52842214601275e-06
0.00012812867179319,7.90115378366801e-05,0.000799360744742229,0.000829156495494604,0.00206667205025348,0.000721918504992424,6.10173662510324e-05,0.000140245389932307,0.000130357045263336,0.000570137186682421,0.00014640259042713,4.40395513175031e-05,8.88718773558139e-05,0.000107971337388784,0.000298766743972315,0.00014245255562747,0.000272462692806842,0.00053508239437294,0.000361612237998353,0.000253592740746257,6.12856910078824e-05,1.26210538337953e-06
0.00963057854766849,0.00366133829961651,0.00866006618255507,0.0428552606875002,0.0137591998907667,0.0189330394174398,0.852025050009453,0.935596396237603,0.87768374042151,1.0123698312522,0.990934791714779,0.792331344132337,0.501218389509757,0.770367355041779,0.28038707340948,0.218891855063222,0.230722019143805,0.441178005506553,0.24114229794916,0.589903669945155,0.168111897898971,0.00272100897780891
0.00197497651952824,0.00136907268014841,0.0041300938694991,0.00244865012781027,0.00308985412302661,0.00571787648668302,0.218925783596629,0.0303112613575598,0.0723789060366149,0.165306606199047,0.140571941272691,0.0903382659600495,0.0461755065030802,0.15757972836137,0.141545714266453,0.119729975203943,0.0523647710250935,0.0864255481383209,0.0406876258860568,0.091160153134001,0.0577813378716746,0.000763056510804911
7.65716976043308e-05,0.000171385849372693,0.00238009649473692,0.022279410210049,0.00243144655803664,0.000705043378944346,0.00545221575234061,0.0178667753998309,0.0410980909721719,0.0227494469112773,0.0279917233506083,0.0520473544220524,0.0531720281982872,0.0201333882655919,0.0244860925211206,0.00817362524915026,0.00914669018541101,0.00665049228501462,0.00176947465450422,0.00372462464525699,0.0347167617681412,0.0011645814401283
2.83485976809293e-05,0.000592859192947725,0.0058972588171595,0.00663812935930717,0.00477947071661223,0.00141438912258757,0.0082253095009622,0.00116436335122484,0.00324107626674415,0.009667153872163,0.0274891857214101,0.0169554202158882,0.00805381247996894,0.0157460396420338,0.00603680926864777,0.00253875935900079,0.0100746800485066,0.00217981990057448,0.00741078108755408,0.0112814260121427,0.0483131524209726,0.00199733843636384
0.000430584132026545,0.00019137448708908,0.0071898233263288,0.00617171619604889,0.00265134260435632,0.00581589847040341,0.00770696410652129,0.00710192706147991,0.00663993258387554,0.00813735402289688,0.00326192056522299,0.00519987501764967,0.00660006515229758,0.00508215373741958,0.00426492725488055,0.00356402719786368,0.00278163720045948,0.00497156679563204,0.00678680893010798,0.00318936282495769,0.00835890036463183,0.000630697254667171
0.000441752433235147,0.000452076169103809,0.00914182264949741,0.0212107968199871,0.00611349067258089,0.00241313098152177,0.00487637106464611,0.00577886370754295,0.00715066293017491,0.0121427874524234,0.00361823896334689,0.0070660503653868,0.00770969717134593,0.00476879414603486,0.00819550799160722,0.012436051532595,0.0100434094399712,0.00729795959813074,0.00185702476725206,0.00747124369855677,0.00304741783892549,9.24060641604913e-05
0.000891007772869494,0.000411326101854287,0.0050572260643127,0.00767856434540027,0.0027792354362519,0.00130081209561917,0.00259234863123749,0.00704015952240759,0.00777406245248156,0.00299725862675684,0.00465501423210537,0.00290182196409362,0.00187971913337904,0.00276720829237537,0.00197704344817037,0.00196354936566565,0.0012439048361599,0.00267837665475617,0.000595296671991348,0.000816143049561831,0.000355429047203839,5.79286244810783e-06
0.000851976714908189,0.00329781468383515,0.00261284164298364,0.00347613464625436,0.00421093300763011,0.002616172717172,0.00169427657129189,0.00329396295709946,0.00723204881016142,0.00362387906331581,0.00374546357661455,0.00214611641733998,0.00315745764494349,0.00263996011196372,0.000823814048894243,0.000399854781457194,0.000875621465017687,0.000489784610502793,0.00124831399003099,0.000405400316217106,0.000616012035267368,1.48491584215744e-05
0.00106705806274543,0.000693213500109973,0.000589274537473661,0.00109422621635107,0.00141822934487815,0.00132519584660634,0.00369109446292238,0.00294208291994976,0.0040077459487702,0.00117538634916599,0.0036165384676347,0.00340685295717301,0.00368813471297163,0.00241285193068381,0.00167480748938078,0.00144990079098181,0.00317151469803565,0.00606889694618684,0.00248680929693386,0.0014062420392686,0.0011380202326112,8.08862200062497e-06
0.000366016910661645,0.000429934273934103,0.000312034033634176,0.000502358792059145,0.000914651785681223,0.00191581203102149,0.00218253195921,0.00235203309168977,0.00108558219069978,0.000835300579670656,0.00144293632834821,0.000941009014721904,0.00185006463165237,0.00220661525646002,0.00274382895090131,0.00339622838525417,0.00526024201364343,0.0160220914668565,0.0105655202137871,0.00580946065016492,0.00138723135259548,5.06515257872337e-05
0.000342981105944845,0.00067293703768001,0.000542768766207844,0.00178995617522818,0.00135662154136608,0.000730107393773054,0.000774932039365851,0.00434538379909776,0.00267445333632657,0.00132640734958282,0.00262070605146469,0.00266946601966904,0.002104873356342,0.00293560469724641,0.00301754665381935,0.00612111126354822,0.00621823587385934,0.0137415706818441,0.00718790503154972,0.00670673937278829,0.000982862563713998,2.92123942479982e-05
0.000282507487169139,0.000291233727663651,0.000905048614002326,0.000731398967049726,0.000800281697231226,0.000642216159982567,0.0010208749807744,0.000803228762321876,0.00107608316418557,0.00120878757797742,0.000587005077187741,0.000390726271448198,0.00190573547677339,0.0015073959211061,0.00152969865653783,0.00271614950727397,0.00173168962097781,0.00650810514351844,0.00334610281441232,0.00203726762747939,0.00143111913096578,5.95126883650093e-05
0.000145244289110909,0.00023462157045713,0.000419410783542751,0.000728369402242439,0.00147584494050061,0.000771345281446467,0.000184044824277999,0.000100038964667663,0.00014123835210531,0.000449173084204798,0.000243779012330554,0.000339804149346292,4.27737266558348e-05,0.000298024662880304,0.000301913772629053,0.000223338723238798,0.000443301083023541,0.00220892013889088,0.000585496977733322,0.000672467305606877,0.000353503228763938,7.84942997055863e-06
0.000242964589125343,0.00018932173813129,7.95403729192828e-05,0.000237189364821448,0.000667829449096409,0.000103924270914493,7.94467165837609e-05,9.91279076154892e-05,0.000288452238511691,3.46598894439562e-05,0.000216437155033145,0.000170974185761638,0.000227443102914767,0.000519589763590511,0.000338642250931459,0.000139129488219706,0.000217446852695469,0.00043953570786205,0.000316900735728632,0.000214860242303439,0.000187300745101088,1.30642197041575e-06
0.000160370451832251,0.000165106868892988,0.000962702511734307,0.000668188103064688,0.00159289497013628,0.000558778902174767,0.000214129888857404,0.000151051603931272,5.47153250558281e-05,0.000325802971743159,0.000136924447732651,0.000108499669718356,0.000233910282359512,9.8692491980884e-05,0.000289632722259402,5.86476920897017e-05,0.000242990033233404,0.000418846044313957,0.000341168982826644,0.000277328069206124,7.24905100247453e-05,1.06275505326773e-06
0.00670837891673031,0.00419186459549731,0.00976567114178321,0.0647804804638401,0.030224188503858,0.0236875028374895,0.815229313158014,1.20904214270215,1.20859805316013,1.33344570885929,1.07224643322316,0.799424939162547,0.68262013287821,0.784220005209983,0.181254035846336,0.132926594623407,0.184306775241563,0.549593229795352,0.173116280488523,0.471464656612073,0.116574671175734,0.00286434877888267
0.00481715235983935,0.00221765110216878,0.00444521702848815,0.00456698874314151,0.00358581460043009,0.0123942000993316,0.328419754279605,0.149231640477817,0.124992512761433,0.220100161384178,0.19793052146736,0.12133558500583,0.0822434915624131,0.238944547732909,0.170656820617537,0.0973504130118248,0.103676346858027,0.272240306578484,0.116449429768869,0.211887408915176,0.0442513385704185,0.00079653729464132
4.85204752980281e-05,0.000111071111826297,0.00275612351370422,0.0195044537647869,0.00506845891165417,0.000756534036458551,0.00907784135224868,0.0221721556111348,0.0575914995330595,0.0320663282071359,0.0433623139672504,0.0516352756218598,0.0213942712592555,0.0266276885806862,0.0258212030872556,0.00532026631978642,0.00853950066346407,0.00516819187675294,0.0020048017478382,0.0023437735956373,0.0358325192815163,0.00116441870586716
3.09591652715226e-05,0.000601922672171557,0.00367827497488297,0.00612121330615384,0.00337493548803064,0.00133277149938166,0.00658381618213024,0.000871638654612122,0.00236118208846769,0.0116669902476336,0.027579275854404,0.0116510469551497,0.00542887817241143,0.0112402243866526,0.00591922355650632,0.00387355707243062,0.00706758760270865,0.00224963419373288,0.00380740638756827,0.0148607126947525,0.0430725584353459,0.00207893351824092
0.000411636379338352,0.000270648951895162,0.00304134548350525,0.00457211657902118,0.00292528574172492,0.00545585950027968,0.0053191011420769,0.00647625764926839,0.00597188310376538,0.00680260340614864,0.00551461024448296,0.00173862779037752,0.00464036937036835,0.0079333626313408,0.00515708521373364,0.00502989734278169,0.00335906670305573,0.00867004862771201,0.00659824198283321,0.0022830723872363,0.00971581943913381,0.000656349936808852
0.000246207650168528,0.000230266965940733,0.00874357288304308,0.0203927343009995,0.00486917936174748,0.00205196719349663,0.00657175859843003,0.0136485752374741,0.0134129686562829,0.0131515393022521,0.00655035446811913,0.00518468934775103,0.00797872262841613,0.00537829154604306,0.00903107479007536,0.00980793590530468,0.00879388113442998,0.00544511084367681,0.00226762866149136,0.00562102556518833,0.00136233046755998,9.70922569637334e-05
0.00127839813505294,0.000419699965979062,0.00478754513385736,0.00395327906644544,0.000933157543067731,0.00223094357623747,0.00437712672984347,0.00590796012972541,0.00818795776772963,0.00674720937677096,0.00367555039413881,0.00322120250080466,0.00230293551308366,0.00289686689337147,0.0016245374536294,0.00160396167664771,0.000916651964099752,0.00247620824108842,0.000872082307432866,0.00152921441882332,0.000509107389590605,5.97488956921735e-06
0.00109685119100667,0.00316674011305178,0.00268694715242353,0.00527065461259173,0.00298220980417451,0.00146736947281683,0.00256917754654926,0.00293414438442711,0.00798408698642389,0.00244466340497602,0.00170715593140052,0.00307223131766656,0.00264815384921622,0.00222404353877231,0.00132175844373401,0.000425755860168268,0.00061413099033501,0.000492996035869192,0.000750595011955824,0.000145803735283269,0.000651441279298087,1.57837967457129e-05
0.00111496616785812,0.000462020924326962,0.000132075539946902,0.000949505249649484,0.00178482329547171,0.00208282214371003,0.00177152358517773,0.00614646114860345,0.00461507205035754,0.00204332287787028,0.0022541871176044,0.0039426352197554,0.00373622173625529,0.00299677003828007,0.00136260025241306,0.0018228485789054,0.00280016760028318,0.00734537402474482,0.00365860566588,0.00136116318479151,0.000998850154333097,8.26851890798494e-06
0.000410463166484672,0.000516179665831437,0.000470660857710796,0.000465926797894821,0.000408975797933589,0.00165887965121383,0.00102166387712196,0.00166515954624339,0.000688726029745541,0.00148648436094995,0.00163253938205881,0.00136524058112021,0.00127663697985328,0.0026197887362424,0.00236893450187431,0.00212997505370008,0.0033678175670324,0.00967197575972057,0.00551691005610743,0.00542435134255643,0.00212458569137005,5.26963692868977e-05
0.000193662827721411,0.000474799933276653,0.000482145504082056,0.00106572211362479,0.00192679069555529,0.000328639708696425,0.000862345979281658,0.00547831505816895,0.00264645038870221,0.0014386020456523,0.00328558055397915,0.00215634262539901,0.0016759637276781,0.00214858897195958,0.00112110627716303,0.00506444824144806,0.00563097573442929,0.0175954752167635,0.00693014268271753,0.00817497017726417,0.00160660376215123,3.08693107537935e-05
0.000446954139001226,0.000343728319960622,0.000913913648436354,0.000554791786095405,0.00147326937517052,0.00102336290914972,0.000906266980767194,0.000588704765546794,0.000758192367710307,0.00117214402654767,0.00067991378371953,0.000510008901434587,0.0018027514658249,0.00111071358614041,0.00144752111930687,0.00202367171104644,0.00132693917854774,0.00583704351458468,0.00299621368685034,0.00202472179677446,0.00190251375965377,6.28031509645283e-05
0.000129709072131765,0.000161992673795695,0.00054235982393438,0.000710559393010816,0.00116380808880905,0.000860646029414455,0.000190820950826581,0.000158521076462993,0.000100139742395676,0.00036290575390692,0.000372714098930404,0.000154532033856366,4.7176237788946e-05,0.000344873169481377,0.000268716951908449,0.00019859426484343,0.000327480570568436,0.00230059676982461,0.000334392609119121,0.000760830374449677,0.00021775846060627,8.24658648233239e-06
0.000283129423434674,0.000296419948134526,5.57703376362392e-05,0.00019846099381478,0.000731127193563638,0.000278780804159742,0.000120223919804548,0.000238308784478237,0.000187133643404393,0.000106930059931496,0.000214435354547405,0.000182531114275647,0.000322033397982038,0.000576507639510365,0.00024024575300911,0.000220710034168644,0.000154785211581627,0.000485313228133059,0.000554756538451747,0.000105231016568958,0.000120610920747926,1.34314261560656e-06
0.000317486671807359,0.000336081752242893,0.00106913663180519,0.00097280425087273,0.00161192217447603,0.000331470846971065,0.000202552713127481,0.000166544345041342,6.58829822783389e-05,0.000136440921461336,0.000239940841885441,0.000190196275713511,0.000356274556647532,7.54414206955226e-05,0.000283186169532198,0.000103172573415692,0.000213728281151676,0.000393846326960287,0.000151827718877003,0.000243462599007897,5.40182089542125e-05,1.07406195032106e-06
0.00341298139377241,0.00542474360050385,0.00335501823908127,0.0473154653841892,0.0463318181007724,0.0229407946188291,0.429474150804891,0.676089529637466,0.685110279167332,0.642279555515436,0.395500042894302,0.340896025982581,0.601025868903255,0.481986139274169,0.0799433025715805,0.0675423087190914,0.0809034564061774,0.449518706350119,0.253578354164294,0.206559847866599,0.0993934403448066,0.00259905692422289
0.00885017343314366,0.00279371747080451,0.00460562639317466,0.0130653712782066,0.00759399909582481,0.0124539088207993,0.35654136661168,0.247759770513913,0.212085977291837,0.10771810571913,0.235259813109095,0.16806687360211,0.178785514104314,0.392485536814271,0.13429326566127,0.0839274210308954,0.154042142991039,0.50180629157162,0.308147895847076,0.276457690024694,0.0238379343672868,0.000714814387669929
0.000100589837311334,7.40123856524586e-05,0.00197248864566766,0.0134748588909715,0.00593818356089809,0.000466607573372115,0.00862438319531226,0.0226857195348514,0.0397629609119418,0.0308483210374543,0.0600088692603154,0.0353304278268282,0.0180628757323443,0.0152983787540964,0.0272004410262518,0.0198705039173493,0.00941466247562683,0.00592761742594687,0.00108035589560071,0.00179383996678661,0.0322003643219133,0.000987788445085772
6.20971253722918e-05,0.000422930274056922,0.0021698119883202,0.00551095981304856,0.00276503126122148,0.000621229912043042,0.00389476351861805,0.00287122598663545,0.00180137292680264,0.00968142884549053,0.0220262021569678,0.00778141100273435,0.00416621289774118,0.00744233089433446,0.00363374858686309,0.00152058794932687,0.00421791966070068,0.00140884107980918,0.00663701299791759,0.00956563389940604,0.0371580122646026,0.00186016434620333
0.000236959620765937,0.000195399858041342,0.000889710569624232,0.00528771819996029,0.0017230277569915,0.00416099226104744,0.00198137066952801,0.00485896775493112,0.00688545206308167,0.00170424564270524,0.00649995844057827,0.00201971652050754,0.00424418806674071,0.00840630076117291,0.00230340776064077,0.00280528658945919,0.00464601579389754,0.00725961883510038,0.00417381312274563,0.00140014937168132,0.0095049460113018,0.000587770841272979
0.000265964248442388,0.000564155193671687,0.00465643736196232,0.0161377655289616,0.00249975667729085,0.00315904369519238,0.00533993332397995,0.0107191877076776,0.00914188154310848,0.00525859008294391,0.00332874599869165,0.00126400140025726,0.00645776298214008,0.00300085183004005,0.0064573598414713,0.00440625898538256,0.00416711219606697,0.00281464859832808,0.0013996598166785,0.00203848914033475,0.00177545108838339,8.79737220526082e-05
0.0015247996487093,0.000410218526531033,0.00332102952237479,0.000849811883136813,0.00211291831569261,0.00205467818047268,0.00349125495955802,0.00321272576827986,0.00432290272899983,0.00661003225021797,0.00254952639737428,0.001500126790271,0.00103330394322341,0.00106521900076165,0.000838930762567466,0.00118712816030661,0.00117159778327582,0.00206803240299694,0.000803617010112802,0.00116900325263493,0.000611947269995362,5.28768956496437e-06
0.00149346353597303,0.00211787358478239,0.00204404537088397,0.00414704965046199,0.00154547040703793,0.000635107162329184,0.00204435492430763,0.00186165217973688,0.00511176104996964,0.000759678540741769,0.00122022649469429,0.00295466025105931,0.00189655045211087,0.00102218374922134,0.00164469866835926,0.000464081469857077,0.000655268863686571,0.000562586144139266,0.000401225497827387,0.000275914083280156,0.000505796623782162,1.44957493766267e-05
0.000776478239774242,0.000549868121664028,0.000355304752937199,0.0016991498162688,0.00221801309477441,0.00270289468792595,0.00188035971995818,0.00515574927111839,0.00219668024915067,0.00253208507013186,0.0013028029718607,0.00180594045387953,0.00218452917218396,0.00195977870641233,0.00105406258598495,0.00113337863506534,0.00270004366280526,0.00707828191848348,0.00254010163039267,0.000469942306090041,0.000523474435791431,7.26875633303301e-06
0.000484437995623516,0.000253177862461127,0.0006044358996821,0.000595386026873747,0.000575975884619842,0.00151274573187943,0.000904238558833573,0.000620542702110724,0.000519598182948037,0.0016255212694303,0.00103047947620056,0.00168387968243106,0.00202818237373174,0.00252097725660054,0.00227306442415214,0.002676959283673,0.00174188862676713,0.00337650399490713,0.00355739711247914,0.00616534212352038,0.0024659628196365,4.71619317346585e-05
0.00029860791982392,0.000224951001386769,0.000308699468337409,0.000402246324713162,0.00220677697368522,0.000403140467006028,0.00154832882401179,0.00426092616104627,0.00237317054156372,0.00282140612082076,0.00297868167239161,0.00171827545596737,0.00134802267391678,0.00159160514665843,0.00288245415295052,0.00429712187403338,0.00519923781826706,0.0208144482120124,0.00373650741178863,0.00452361107656063,0.00225515288185448,2.81159632148485e-05
0.0004081909172075,0.000266993735473516,0.000546832215347814,0.00178694025374413,0.00235502512549281,0.00124616601133657,0.000438178524316303,0.000905936558317808,0.000344651126602637,0.00123962144514558,0.00071434999082352,0.000808238050431373,0.00121673739377255,0.000376569624151761,0.00154687973722481,0.000953356941191097,0.000550028003745048,0.00455406730377777,0.00308461381721255,0.00327593813252624,0.00135689581673578,5.7202128674385e-05
0.000220931888182098,0.000126002205194345,0.000523636368613994,0.00119873494003512,0.00113245423755108,0.000753530305062877,0.000269044246894734,0.000234109739183486,6.27968256757247e-05,0.000163505082881601,0.000398249405727217,0.000251359327768702,0.000138115014308927,0.000324032050756121,0.000315470483547476,8.71976593502895e-05,0.000144833217953137,0.00203104593911049,0.000253419535621126,0.000647464490632063,0.00019718801530636,7.45732240175768e-06
0.000137766118947141,0.000233433849371742,0.000158127119021245,0.000259820406634472,0.000583272804087079,0.000418806186854033,0.00010703036015288,0.000340448868616325,0.000135746773408266,0.000196076874138808,0.000211559475268616,0.000133276242599069,0.000281703984046727,0.000371385764612163,0.000179029349115771,0.000200857448350581,8.93474733350124e-05,0.000203629362443223,0.000445187259702859,0.000128565018894085,2.91241217891372e-05,1.18363896757084e-06
0.000271551891779201,0.000402457307353335,0.000672337338084039,0.000910775951225793,0.000687528948846088,0.000319412236661453,0.000172728542105151,0.000240299847677453,7.87379611850607e-05,9.62318548185156e-05,0.000219846408367713,6.91689711690104e-05,0.000229008674184877,0.000106576195172373,0.000165132158438821,0.000162354703120004,0.000168725348896252,0.000222804539784198,0.000224719842979628,9.10713270510642e-05,2.34387848874327e-05,9.26871398307568e-07
0.00294855358367833,0.00500992945388368,0.00395002824358298,0.0240431120212614,0.0475924765905715,0.0122922063449889,0.193677582669081,0.330649375653435,0.194050924845064,0.174315263876352,0.146263124494701,0.217618754648923,0.462699309664721,0.226143573805839,0.139644343077781,0.0674862592523804,0.02521104532342,0.281609624904258,0.134988683596727,0.0850866059914159,0.10209197433944,0.00236309186094188
0.010921605700183,0.00218360383058792,0.00320312962916834,0.0314025962007195,0.0295586257554141,0.0186601419996103,0.325208371001873,0.391238338415274,0.36505153055361,0.695762460217202,1.07161452630109,0.339747489535821,0.137897452714448,0.46187930034882,0.369087002098555,0.225844270982728,0.233213470221006,0.533185023741024,0.51698017298366,0.220318465157266,0.0339772179419722,0.00064241747706305
0.000203718112039611,7.53503611345393e-05,0.000852223729099191,0.0127412624692563,0.0034664933510048,0.000389783938338457,0.0114968547950819,0.0277366944297112,0.0191484519820882,0.0175490234739641,0.0688946920522373,0.0310698304271807,0.0394202885981814,0.0189874776690625,0.0229407819073623,0.0309171552914856,0.00904654887072341,0.00635319367176996,0.00139800204827638,0.00267853250568048,0.0304093341027765,0.000836774148487317
5.14323597192644e-05,0.000456960525555676,0.00127449601021343,0.00384139417807129,0.00299700041418364,0.000329946301271746,0.00291990512093712,0.00298689539818006,0.00109556739338205,0.00603819875045265,0.0181975210095329,0.00687936620576689,0.0024363662145603,0.00411799212502663,0.00254019045990263,0.000912652261971205,0.00375571554106421,0.00217757991088971,0.0101710496611795,0.0042471726337771,0.0373981605765011,0.00166794081444077
0.000245855892863709,0.000109242327991878,0.000479087919753442,0.00429773603009832,0.00106883668348213,0.00306073164991123,0.0010797589441586,0.00376555286891903,0.00506909181993033,0.000788477787756239,0.00311605225612639,0.00197634135052412,0.00497686622350046,0.00704633240455178,0.000761609376782281,0.000886013446389834,0.00340677051224171,0.00541212500647416,0.00273156205446446,0.00173328495849199,0.00882375679425338,0.000528130500692378
0.000289493382471401,0.000729777773207302,0.00123804338543196,0.0126890578554553,0.0017913153956504,0.00287802349004271,0.00315873415364367,0.00397753287739323,0.00434235208863435,0.00172732389177335,0.00166471702926315,0.00220770378146666,0.00443565891218167,0.00146655254581561,0.00354885512367398,0.00326900639867538,0.00120803395893951,0.00125099994287024,0.000351692737116671,0.000567050865529239,0.00187912548133389,7.99432263855583e-05
0.0013057288143778,0.000406311568490211,0.00232744409218596,0.0019111322717074,0.00246141101571072,0.00127034206420595,0.00139878595144123,0.00434107265990881,0.00263591498532844,0.00556658132839902,0.00177791016355872,0.00177228864134604,0.000663993504547341,0.00141831065334469,0.0013833179953266,0.00160072127535615,0.00165304091542229,0.00235110444407223,0.000571995986430725,0.000809857843009773,0.000643003612868135,4.69206397052689e-06
0.00172333713028136,0.00120766039994001,0.00173153311946597,0.00265502799548946,0.00149381719667259,0.000859754258530415,0.000793692531963452,0.000987856191977599,0.00232878709213615,0.0014480656055886,0.000553685294354664,0.00167675757360885,0.00119348080321951,0.000695224483577268,0.0014509477425393,0.000413005220425423,0.000501910086618352,0.000973320425927251,0.000581713209764834,0.000229262936824127,0.00044980142409434,1.33373710997457e-05
0.000397646795494871,0.000274341089331408,0.000540525427231551,0.00163807475568397,0.0015734952166057,0.00152232810978544,0.00173651791684468,0.00289789199841404,0.000870636203322337,0.00185246679866846,0.00128150850425973,0.00134973849311833,0.00198671018988522,0.000839543793359172,0.00112534180524563,0.00187445060494723,0.00255440833326707,0.00584685728956392,0.00175972058241306,0.00045296980915715,0.000224449442408642,6.4412078176878e-06
0.000473833962778566,0.000154730659351753,0.000585136650806599,0.000459637512644583,0.00122696387090575,0.00109136091037198,0.000407078082244254,0.000396949963343094,0.000347300610492129,0.00154644513232098,0.00101245544937039,0.00186759520233171,0.00253258410905432,0.00260507932979189,0.00391342400043497,0.00505837522320195,0.00115015473487157,0.0029260169212667,0.00422358160476996,0.00501464092763287,0.00197487705652606,4.23366014578877e-05
0.0003419322314837,0.000377274284254118,0.000206365361062214,0.000594524826843059,0.00186961369869114,0.000858329209333965,0.00148664171998202,0.00252123970467945,0.00326836497688647,0.00350243477474682,0.00234323533187942,0.00375449953771909,0.00260378022926819,0.00245335081099806,0.00724945504306092,0.00986856734106132,0.0075999066114108,0.0203806542076723,0.00515943464601258,0.00322871440407127,0.00271593463556375,2.56330449785229e-05
0.000243064395737122,0.000146529102728806,0.000229203606757532,0.00223164406587413,0.00203586783180497,0.00115815690025743,0.000256873257679898,0.000834939585092578,0.00060171551333763,0.0014378220341171,0.000690206786107794,0.000582155975503742,0.00117447966400674,0.000655644304698136,0.00172928585446084,0.00102648505405508,0.000485460366399653,0.00340101233433652,0.00237401191990369,0.00304491182633645,0.00103241694362172,5.2239142773949e-05
0.000191025030864845,0.000140749299512151,0.00036226055993533,0.00124748419146837,0.00100929639066922,0.000718691810627812,0.000366334664227263,0.000257957878806856,0.000122174031614639,0.000174050218072348,0.000297004448967927,0.000441534965764898,0.000224221003551448,0.000187724277965395,0.000398200819417926,3.17049363873985e-05,0.000317318432966234,0.00175713329706485,0.00073157371064218,0.000636043999659493,0.000285725816027733,6.7509346357575e-06
6.29240037533926e-05,0.000172350205635494,0.000155135965429316,0.000412592380108493,0.000639490278334657,0.000452591000624936,0.000104012740855756,0.000152648109880911,0.00028012707682919,0.000240555726067671,0.000228259293329264,0.000119425749925383,0.000280740909427132,0.000187569472588609,0.00019565876847522,0.00022025496974307,0.000102905321270832,5.75491277809348e-05,0.000204008070066176,0.000154656182650752,1.7300234851904e-05,1.04555565014772e-06
0.000219980803726739,0.000331001895040147,0.000340755492666553,0.0014251272460613,0.000749305139327562,0.000390462584828389,0.000169324769600525,0.000298222762915893,0.000112993379788599,0.00014025517164396,0.000125853235578496,9.68705188608489e-05,8.77179461851913e-05,0.000180508751905453,5.49039965981329e-05,0.000127331788703771,9.87364617236091e-05,0.000101482681939118,0.000215550715769277,8.77441235700389e-05,4.04585767608933e-05,8.02472334767756e-07
